frame_index,video_time_ms,flash_roi_mean_gray,hand_detected,thumb_tip_x_px,thumb_tip_y_px,wrist_x_px,wrist_y_px,raw_handedness,raw_handedness_score
0,0.0,25.22298472385429,1,1598.265151977539,516.6602110862732,1982.2895050048828,603.755292892456,Left,0.977091372013092
1,32.74444444444445,25.49381903642773,1,1604.0167236328125,539.9802696704865,1949.8551177978516,668.9413404464722,Left,0.9432421326637268
2,65.4888888888889,25.81828437132785,1,1593.368797302246,561.8227100372314,1939.9051666259766,685.1523971557617,Left,0.95648592710495
3,98.23333333333333,25.757038777908342,1,1589.3177032470703,582.9944801330566,1937.8227996826172,696.7313003540039,Left,0.9738710522651672
4,130.9777777777778,25.779600470035252,1,1580.3876495361328,597.7738165855408,1930.3326416015625,709.8024344444275,Left,0.9741946458816528
5,163.72222222222223,25.517179788484135,1,1575.3602600097656,611.7950320243835,1920.7624053955078,708.3452868461609,Left,0.9763355255126953
6,196.4777777777778,25.809353701527616,1,1567.7796936035156,622.2844219207764,1909.320945739746,729.9343228340149,Left,0.9740689992904663
7,229.22222222222226,25.78406580493537,1,1562.0369338989258,621.9282460212708,1909.7736740112305,742.6160001754761,Left,0.9718430638313293
8,261.9666666666667,26.338143360752056,1,1564.7490692138672,627.6244854927063,1915.2178573608398,744.7893619537354,Left,0.8967978954315186
9,294.71111111111117,25.928930669800234,1,1557.5745391845703,613.9836502075195,1907.6209259033203,736.8893766403198,Left,0.9700946807861328
10,327.4555555555556,26.918213866039952,1,1555.9545135498047,607.6770901679993,1913.2602310180664,745.4082441329956,Left,0.9699221849441528
11,360.20000000000005,26.931938895417158,1,1561.644172668457,609.665379524231,1899.9435424804688,729.9806714057922,Left,0.9092811942100525
12,392.94444444444446,28.556944770857815,1,1554.3062210083008,617.6757001876831,1899.6405029296875,728.6483430862427,Left,0.9482623934745789
13,425.68888888888887,28.636521739130433,1,1544.6531295776367,632.3101329803467,1887.2563934326172,715.584933757782,Left,0.8757129907608032
14,458.43333333333334,29.0151821386604,1,1535.467185974121,646.6297817230225,1868.1315994262695,715.4050755500793,Left,0.738699734210968
15,491.1777777777778,28.992996474735605,1,1519.9630737304688,656.2253522872925,1851.9899368286133,708.0726027488708,Left,0.9392814636230469
16,523.9222222222223,29.221950646298474,1,1555.4997253417969,648.7953543663025,1849.1992950439453,704.2238688468933,Right,0.7608307600021362
17,556.6666666666666,29.670834312573444,1,1502.9862213134766,689.9103999137878,1821.049575805664,708.6220264434814,Left,0.7714306116104126
18,589.4222222222223,30.123807285546416,1,1511.616439819336,707.1258687973022,1810.7660293579102,704.0778064727783,Left,0.9905444979667664
19,622.1666666666666,30.468813160987075,1,1538.09326171875,680.9182620048523,1808.038330078125,703.8226962089539,Right,0.6714482307434082
20,654.9111111111112,30.48202115158637,1,1484.5282745361328,709.7434687614441,1796.3665008544922,692.8544354438782,Left,0.9981120824813843
21,687.6555555555556,30.50918918918919,1,1486.9643783569336,700.9681391716003,1814.7587585449219,714.4031095504761,Left,0.994136393070221
22,720.4000000000001,30.88756756756757,1,1491.7948150634766,705.8277225494385,1814.5631790161133,727.1718835830688,Left,0.9906190633773804
23,753.1444444444445,30.93701527614571,1,1491.3004302978516,709.1442847251892,1814.7089767456055,723.4973430633545,Left,0.9850279092788696
24,785.8888888888889,31.10641598119859,1,1484.4463348388672,706.228187084198,1810.6007766723633,726.5493321418762,Left,0.9943031072616577
25,818.6333333333333,30.85997649823737,1,1487.307243347168,708.0767869949341,1820.3448486328125,734.1497898101807,Left,0.9922146797180176
26,851.3777777777777,30.861198589894244,1,1480.2567672729492,703.9697885513306,1825.2655792236328,740.6293201446533,Left,0.9834986925125122
27,884.1222222222223,30.831163337250295,1,1482.9441833496094,705.7757091522217,1832.6067352294922,726.1742305755615,Left,0.9891106486320496
28,916.8666666666667,31.155534665099882,1,1475.738410949707,697.0338535308838,1834.3778228759766,736.5129232406616,Left,0.9838252067565918
29,949.6222222222223,31.63539365452409,1,1481.8977355957031,701.0719728469849,1835.1798248291016,730.4187297821045,Left,0.9920707941055298
30,982.3666666666667,31.69081081081081,1,1482.7936935424805,704.9252772331238,1836.364402770996,728.6794996261597,Left,0.9783833026885986
31,1015.1111111111111,31.801739130434783,1,1498.802719116211,709.5742321014404,1838.8019943237305,723.8757276535034,Left,0.9731249809265137
32,1047.8555555555556,32.00639247943596,1,1480.4109191894531,708.4577465057373,1830.2352905273438,724.1135215759277,Left,0.975610077381134
33,1080.6,32.23680376028202,1,1472.3359680175781,710.8741807937622,1835.8107376098633,738.1552720069885,Left,0.9855519533157349
34,1113.3444444444444,32.780023501762635,1,1475.7431030273438,711.7072319984436,1837.6617050170898,738.0998468399048,Left,0.9853021502494812
35,1146.088888888889,32.71755581668625,1,1476.2533950805664,712.2823405265808,1839.2699432373047,737.625482082367,Left,0.9819512963294983
36,1178.8333333333335,32.76747356051704,1,1478.5226440429688,712.6875042915344,1839.9287796020508,738.6469531059265,Left,0.9793611764907837
37,1211.5777777777778,32.29903642773208,1,1473.7267684936523,710.853066444397,1834.5136642456055,738.0151319503784,Left,0.9804306626319885
38,1244.3222222222223,32.33363102232668,1,1476.233253479004,711.1688160896301,1843.2552337646484,748.2129120826721,Left,0.9706355929374695
39,1277.0666666666668,32.3358401880141,1,1475.709228515625,707.5531768798828,1841.2138366699219,744.5768666267395,Left,0.9817862510681152
40,1309.8222222222223,32.60376028202115,1,1478.6011505126953,707.1516823768616,1838.7680053710938,736.455180644989,Left,0.9858448505401611
41,1342.5666666666666,32.51562867215041,1,1483.3672714233398,712.0249772071838,1841.6173553466797,734.032244682312,Left,0.912804365158081
42,1375.3111111111111,32.3255464159812,1,1490.5580520629883,709.6366739273071,1834.6369171142578,736.0843920707703,Left,0.9724068641662598
43,1408.0555555555557,32.07877790834313,1,1489.2826080322266,711.8957805633545,1829.9986267089844,731.6426539421082,Left,0.9503915309906006
44,1440.8000000000002,32.47398354876616,1,1475.6610488891602,709.8747253417969,1826.103172302246,726.7828130722046,Left,0.9760473370552063
45,1473.5444444444445,32.82143360752056,1,1467.868423461914,711.4811539649963,1831.845588684082,738.6601495742798,Left,0.9738585352897644
46,1506.288888888889,32.91210340775558,1,1473.4658432006836,708.2764720916748,1832.8918075561523,739.2751693725586,Left,0.9823295474052429
47,1539.0333333333335,32.80949471210341,1,1511.0966491699219,708.1909203529358,1829.7015380859375,731.7277550697327,Left,0.9198271036148071
48,1571.7777777777778,32.71920094007051,1,1477.4208068847656,709.9378752708435,1827.3576736450195,729.84375,Left,0.9722248315811157
49,1604.5222222222224,33.0331374853114,1,1482.8956604003906,710.6157231330872,1832.080078125,735.6306266784668,Left,0.9706624746322632
50,1637.2666666666667,33.07191539365452,1,1551.727066040039,688.2883286476135,1838.8021087646484,732.3853254318237,Left,0.784700870513916
51,1670.0111111111112,32.66486486486487,1,1474.6466445922852,701.8325400352478,1820.3196716308594,728.7994265556335,Left,0.9718755483627319
52,1702.7666666666667,32.88451233842538,1,1490.7962036132812,711.7207503318787,1831.6321563720703,735.1548457145691,Left,0.9254734516143799
53,1735.5111111111112,33.957790834312576,1,1511.40380859375,704.7868752479553,1834.0152740478516,734.3976902961731,Left,0.9513798356056213
54,1768.2555555555557,38.323384253819036,1,1485.955696105957,700.4381561279297,1821.3772201538086,730.5170917510986,Left,0.9687978625297546
55,1801.0000000000002,42.0468625146886,1,1514.1998291015625,685.1977157592773,1822.8932189941406,725.8902168273926,Left,0.9659954309463501
56,1833.7444444444445,44.59581668625147,1,1545.3850936889648,676.1579418182373,1813.4558486938477,721.4073443412781,Left,0.7734009623527527
57,1866.488888888889,46.65090481786134,1,1498.8234329223633,694.8936438560486,1820.0078201293945,731.485390663147,Left,0.9814674854278564
58,1899.2333333333333,49.71764982373678,1,1485.651741027832,711.0967826843262,1823.4879684448242,728.9990472793579,Left,0.955546498298645
59,1931.9777777777779,52.605828437132786,1,1484.662971496582,709.2112326622009,1826.6596984863281,729.760000705719,Left,0.9439758658409119
60,1964.7222222222222,54.31962397179789,1,1498.000602722168,711.2581658363342,1837.2686004638672,732.7472305297852,Left,0.9157268404960632
61,1997.4666666666667,54.78312573443008,1,1625.6996154785156,632.502543926239,1836.0325241088867,731.6243720054626,Left,0.6412438154220581
62,2030.2111111111114,54.24451233842538,1,1488.7144088745117,696.1442828178406,1822.0703887939453,725.6399989128113,Left,0.9585362672805786
63,2062.9666666666667,51.52888366627497,1,1529.7795867919922,689.6283173561096,1826.5807342529297,723.0892181396484,Left,0.9232210516929626
64,2095.711111111111,49.711727379553466,1,1491.134262084961,705.998375415802,1822.8159713745117,719.5676279067993,Left,0.950356125831604
65,2128.4555555555557,47.42227967097532,1,1475.8654403686523,704.2770409584045,1830.2367782592773,732.4239492416382,Left,0.9836134314537048
66,2161.2,45.27915393654524,1,1594.8833084106445,649.0921783447266,1842.4394989013672,734.1895079612732,Right,0.702674150466919
67,2193.9444444444443,43.81273795534665,1,1479.2559814453125,699.5035243034363,1829.5527648925781,731.7988228797913,Left,0.986920952796936
68,2226.688888888889,41.95529964747356,1,1482.5676727294922,695.2861261367798,1829.1423797607422,733.6952519416809,Left,0.9830571413040161
69,2259.4333333333334,39.29734430082256,1,1490.4838943481445,700.4248952865601,1827.832260131836,725.3597831726074,Left,0.9734116196632385
70,2292.177777777778,36.77945945945946,1,1506.178207397461,692.4127078056335,1831.4967727661133,732.7151727676392,Left,0.9791387319564819
71,2324.9222222222224,34.11830787309048,1,1476.8860244750977,695.9772992134094,1821.972770690918,730.8747482299805,Left,0.9735741019248962
72,2357.666666666667,32.943031727379555,1,1480.4119491577148,695.1175332069397,1829.392318725586,733.1063675880432,Left,0.9804388880729675
73,2390.411111111111,32.13062279670975,1,1483.5807037353516,698.6725330352783,1831.314353942871,731.7954111099243,Left,0.9632461667060852
74,2423.1555555555556,31.978848413631024,1,1488.6386489868164,702.0986580848694,1836.298942565918,734.6858239173889,Left,0.947588324546814
75,2455.9111111111115,31.623595769682726,1,1497.6219177246094,702.4520015716553,1837.8926467895508,733.680317401886,Left,0.94818514585495
76,2488.655555555556,31.88117508813161,1,1489.093894958496,699.963276386261,1829.9602890014648,728.6157703399658,Left,0.9713025093078613
77,2521.4,31.797743830787308,1,1489.7125625610352,692.4965858459473,1832.9610443115234,731.0622668266296,Left,0.9738163948059082
78,2554.1444444444446,31.751210340775557,1,1482.2308731079102,687.1551704406738,1829.9885559082031,731.375892162323,Left,0.9835748076438904
79,2586.8888888888887,31.424535840188014,1,1477.540626525879,681.9735288619995,1832.6279067993164,729.5619893074036,Left,0.9829353094100952
80,2619.633333333333,31.36300822561692,1,1481.4451217651367,684.1854500770569,1834.2456436157227,728.1401824951172,Left,0.9773373603820801
81,2652.3777777777777,31.10364277320799,1,1484.0708541870117,673.1322813034058,1835.1174545288086,728.8092756271362,Left,0.9772140383720398
82,2685.1222222222223,31.2710223266745,1,1484.0399551391602,667.2062945365906,1831.8006134033203,734.8357486724854,Left,0.9436764717102051
83,2717.866666666667,30.886439482961222,1,1491.668815612793,666.1582374572754,1836.0036849975586,732.6903891563416,Left,0.963132917881012
84,2750.6111111111113,30.86951821386604,1,1487.7018356323242,665.388593673706,1829.6745300292969,737.8469252586365,Left,0.920928418636322
85,2783.3555555555554,30.31938895417156,1,1548.2327270507812,672.5161027908325,1836.2189483642578,728.7087893486023,Left,0.978617250919342
86,2816.1111111111113,30.101762632197413,1,1548.8513946533203,661.8343663215637,1825.4453659057617,726.9818544387817,Left,0.900026261806488
87,2848.855555555556,30.418801410105758,1,1519.6385192871094,665.2431750297546,1830.8413696289062,739.9921560287476,Left,0.9515188932418823
88,2881.6000000000004,188.1646063454759,1,1513.172721862793,654.1615533828735,1824.6541213989258,724.4875288009644,Left,0.9744563698768616
89,2914.3444444444444,215.7392714453584,1,1522.327766418457,665.8394622802734,1826.436882019043,732.129442691803,Left,0.874035120010376
90,2947.088888888889,220.32432432432432,1,1521.632194519043,660.8011794090271,1827.5175476074219,729.508752822876,Left,0.9827342629432678
91,2979.8333333333335,31.79708578143361,1,1521.0192489624023,661.0221719741821,1825.063362121582,730.9690546989441,Left,0.9264296293258667
92,3012.577777777778,34.63929494712104,1,1563.5952758789062,663.9103960990906,1831.3298034667969,733.8423442840576,Left,0.9458836913108826
93,3045.3222222222225,51.79967097532315,1,1503.405990600586,660.4093408584595,1822.96875,728.5703873634338,Left,0.9690234065055847
94,3078.066666666667,54.63135135135135,1,1521.178321838379,661.4712381362915,1826.5458297729492,729.3950700759888,Left,0.9777346253395081
95,3110.8111111111116,42.41344300822562,1,1508.506851196289,661.8714451789856,1824.8484420776367,733.8910746574402,Left,0.9588426351547241
96,3143.5555555555557,29.738754406580494,1,1549.8441696166992,662.5124716758728,1832.6092529296875,731.303858757019,Left,0.9583208560943604
97,3176.311111111111,28.14265569917744,1,1536.7545318603516,663.4134364128113,1828.7824630737305,727.4340748786926,Left,0.966391921043396
98,3209.0555555555557,28.22650998824912,1,1502.4127578735352,666.5933346748352,1823.4247970581055,726.8245911598206,Left,0.9634730815887451
99,3241.8,28.788766157461808,1,1519.0180206298828,664.1898393630981,1827.0980072021484,723.5899758338928,Left,0.952551543712616
100,3274.5444444444447,28.950364277320798,1,1503.2034301757812,659.9739861488342,1824.2111206054688,722.2329926490784,Left,0.9806481599807739
101,3307.288888888889,29.252220916568742,1,1527.8759765625,663.4518671035767,1823.4237670898438,727.4557042121887,Left,0.9711272716522217
102,3340.0333333333333,29.155675675675674,1,1512.2879791259766,664.7111320495605,1821.412467956543,720.1155710220337,Left,0.9750767946243286
103,3372.777777777778,29.574806110458283,1,1508.6725616455078,660.9600520133972,1818.2363891601562,720.7712745666504,Left,0.9682136178016663
104,3405.5222222222224,29.874171562867215,1,1500.629539489746,662.3656368255615,1818.6909484863281,722.4534058570862,Left,0.9586144089698792
105,3438.266666666667,30.444136310223268,1,1502.904396057129,663.4098958969116,1822.3599243164062,715.6095886230469,Left,0.9813660383224487
106,3471.0111111111114,30.44009400705053,1,1527.4186706542969,664.19846534729,1821.921615600586,722.4454879760742,Left,0.7096010446548462
107,3503.755555555556,30.585804935370152,1,1490.9780502319336,665.6552267074585,1822.2675704956055,724.0399432182312,Left,0.9560375213623047
108,3536.5111111111114,30.579929494712104,1,1530.922508239746,666.1613917350769,1826.8130493164062,724.3256950378418,Left,0.9686089754104614
109,3569.255555555556,31.168460634547593,1,1502.8586196899414,661.0308623313904,1823.6587142944336,727.7301263809204,Left,0.9529948234558105
110,3602.0000000000005,31.26909518213866,1,1527.7487182617188,663.7026000022888,1825.6464385986328,723.4521532058716,Left,0.9836483597755432
111,3634.744444444445,31.615041128084606,1,1495.3757858276367,663.1218266487122,1822.2462844848633,726.1308431625366,Left,0.9736326932907104
112,3667.488888888889,31.534242068155113,1,1505.5395126342773,661.6851496696472,1827.1460723876953,723.4009766578674,Left,0.9702281355857849
113,3700.2333333333336,31.695135135135136,1,1499.70703125,665.2145290374756,1824.7425842285156,726.8076610565186,Left,0.92698734998703
114,3732.977777777778,31.772032902467686,1,1497.201805114746,663.0832672119141,1827.5933074951172,727.5229096412659,Left,0.9515737891197205
115,3765.722222222222,32.268672150411284,1,1496.2369537353516,667.002682685852,1830.4257202148438,728.0401468276978,Left,0.9273949861526489
116,3798.4666666666667,32.339741480611046,1,1499.2995071411133,663.8075280189514,1832.618179321289,724.8717069625854,Left,0.955611526966095
117,3831.211111111111,32.607426556991776,1,1489.621810913086,664.1622877120972,1830.4435729980469,731.1640405654907,Left,0.9311718940734863
118,3863.9555555555557,32.460916568742654,1,1521.917953491211,662.837233543396,1836.855697631836,727.1922254562378,Left,0.9550158977508545
119,3896.711111111111,32.629424206815514,1,1492.994155883789,661.93922996521,1827.8752899169922,735.315842628479,Left,0.9044778943061829
120,3929.4555555555557,32.80672150411281,1,1527.3508071899414,666.1402773857117,1837.9479217529297,727.9410123825073,Left,0.9273249506950378
121,3962.2000000000003,32.915910693301996,1,1497.0201873779297,657.8621006011963,1824.2964935302734,723.7310171127319,Left,0.9130955934524536
122,3994.944444444445,33.00672150411281,1,1529.1494750976562,665.5443120002747,1831.0615539550781,731.9979286193848,Left,0.9255743026733398
123,4027.688888888889,33.03468860164512,1,1495.8357238769531,660.8960008621216,1826.4199447631836,723.1180572509766,Left,0.9275959730148315
124,4060.433333333333,33.03412455934195,1,1503.541603088379,661.6827034950256,1830.3228378295898,732.6162958145142,Left,0.9715511202812195
125,4093.177777777778,33.25184488836663,1,1491.6111373901367,663.9877080917358,1827.7215957641602,723.0021858215332,Left,0.9415607452392578
126,4125.922222222222,35.81828437132785,1,1513.3765411376953,662.204897403717,1831.2958145141602,734.4390177726746,Left,0.9732084274291992
127,4158.666666666667,40.73005875440658,1,1499.4550323486328,655.5635333061218,1825.7343292236328,721.5470337867737,Left,0.963679313659668
128,4191.411111111111,44.9296357226792,1,1509.3593215942383,656.7680168151855,1829.9178314208984,729.2168855667114,Left,0.9647324085235596
129,4224.155555555556,52.9364982373678,1,1496.037483215332,660.6527352333069,1826.9413375854492,729.2338156700134,Left,0.966296374797821
130,4256.9,62.04300822561692,1,1495.1724243164062,658.639726638794,1827.0352935791016,726.4905595779419,Left,0.9815000891685486
131,4289.655555555556,64.45066980023502,1,1492.4867248535156,658.4077262878418,1828.6333465576172,728.7239813804626,Left,0.9711538553237915
132,4322.4,65.20070505287896,1,1502.5641632080078,658.9477515220642,1833.380126953125,730.0742053985596,Left,0.9761286377906799
133,4355.144444444445,64.43703877790834,1,1500.4289245605469,658.657557964325,1826.60888671875,720.488805770874,Left,0.9763566255569458
134,4387.888888888889,62.5324089306698,1,1495.1243591308594,659.3393325805664,1827.8161239624023,726.3374161720276,Left,0.9757543802261353
135,4420.633333333334,60.530763807285545,1,1497.963638305664,662.915575504303,1829.5139694213867,732.8550553321838,Left,0.961483895778656
136,4453.377777777778,60.16578143360752,1,1516.8441009521484,662.406964302063,1832.7276992797852,726.4894008636475,Left,0.9617564082145691
137,4486.122222222223,59.60037602820211,1,1496.9886016845703,660.0945568084717,1821.884765625,723.6045241355896,Left,0.9679890871047974
138,4518.866666666667,56.54782608695652,1,1496.0971069335938,660.3439378738403,1827.8421020507812,725.959997177124,Left,0.9769998788833618
139,4551.611111111111,54.79905992949471,1,1515.6638717651367,661.939423084259,1828.912696838379,726.6317939758301,Left,0.9809117317199707
140,4584.355555555556,54.71398354876616,1,1506.3874053955078,661.8202042579651,1824.6323776245117,728.1356763839722,Left,0.9546262621879578
141,4617.1,54.92385428907168,1,1500.2478790283203,658.1772708892822,1829.1989135742188,729.0813159942627,Left,0.979924201965332
142,4649.855555555556,55.87219741480611,1,1509.13330078125,659.0785574913025,1833.2585906982422,723.7536120414734,Left,0.9828093647956848
143,4682.599999999999,58.835111633372506,1,1512.9405212402344,666.1254715919495,1826.3169479370117,732.1401929855347,Left,0.9301746487617493
144,4715.344444444445,63.12314923619272,1,1509.0061569213867,662.8677463531494,1829.0431594848633,726.9202494621277,Left,0.9768524765968323
145,4748.0888888888885,66.68305522914218,1,1499.0505981445312,659.1944289207458,1829.5198059082031,728.7778615951538,Left,0.9836583137512207
146,4780.833333333334,68.56705052878966,1,1502.3930740356445,662.9475045204163,1829.7817611694336,728.152027130127,Left,0.9834368228912354
147,4813.577777777778,70.38965922444183,1,1523.744773864746,663.6479473114014,1832.8691482543945,726.6509771347046,Left,0.9848761558532715
148,4846.322222222223,71.5456169212691,1,1515.2554321289062,664.4726943969727,1823.390235900879,725.7643675804138,Left,0.9846289157867432
149,4879.066666666667,71.56709753231492,1,1503.225975036621,660.8293104171753,1825.623435974121,722.1723532676697,Left,0.9844122529029846
150,4911.811111111111,71.08202115158637,1,1505.8146286010742,662.8802990913391,1827.8929138183594,730.6791186332703,Left,0.9847630262374878
151,4944.555555555556,70.06425381903642,1,1519.7558212280273,663.5624599456787,1831.1780548095703,727.7865171432495,Left,0.9776839017868042
152,4977.3,70.06246768507638,1,1517.8977584838867,660.5637717247009,1829.183578491211,725.8502411842346,Left,0.9828706383705139
153,5010.055555555556,70.85005875440658,1,1533.5516738891602,668.0654168128967,1831.8767166137695,729.4951701164246,Left,0.9880071878433228
154,5042.8,206.44159811985898,1,1515.5812454223633,666.2174606323242,1824.0474700927734,725.6627225875854,Left,0.9685858488082886
155,5075.544444444445,205.33311398354877,1,1506.408920288086,664.5676445960999,1828.6253356933594,727.5880551338196,Left,0.98396235704422
156,5108.288888888889,204.84263219741482,1,1519.335823059082,664.5331406593323,1830.0339889526367,730.6077933311462,Left,0.9805551767349243
157,5141.033333333334,68.59360752056405,1,1509.279556274414,661.7687702178955,1824.0837478637695,723.3110475540161,Left,0.9694072008132935
158,5173.777777777777,59.87374853113984,1,1506.7038345336914,662.9364967346191,1833.0293655395508,727.2935485839844,Left,0.9724575281143188
159,5206.522222222223,46.62298472385429,1,1515.3690719604492,665.9591960906982,1834.1619873046875,733.7237048149109,Left,0.9792373180389404
160,5239.266666666666,35.001410105757934,1,1515.0501251220703,662.5982809066772,1831.501808166504,733.2951092720032,Left,0.9752524495124817
161,5272.011111111112,27.86180963572268,1,1508.4754943847656,663.0512738227844,1834.2523956298828,734.4008445739746,Left,0.9631925821304321
162,5304.7555555555555,27.769353701527614,1,1500.2291107177734,661.2515330314636,1834.3352508544922,734.4728136062622,Left,0.9601486921310425
163,5337.5,28.809588719153936,1,1501.1290740966797,664.6094226837158,1836.0140991210938,736.4091539382935,Left,0.9483595490455627
164,5370.2555555555555,29.07092831962397,1,1513.296890258789,665.1993370056152,1836.917953491211,731.5644407272339,Left,0.9655070304870605
165,5403.000000000001,29.914077555816686,1,1509.1159057617188,665.7195353507996,1835.4733657836914,734.7518062591553,Left,0.9671044945716858
166,5435.7444444444445,29.774383078730907,1,1504.1690826416016,664.8579668998718,1834.6404647827148,734.997067451477,Left,0.964932382106781
167,5468.488888888889,30.392432432432432,1,1500.9768676757812,665.089259147644,1832.3857498168945,736.9576120376587,Left,0.9522624015808105
168,5501.233333333334,30.457485311398354,1,1506.9818115234375,664.5281195640564,1836.8345260620117,740.0763559341431,Left,0.9760833382606506
169,5533.977777777778,31.12770857814336,1,1516.9969940185547,661.7125082015991,1834.7417449951172,729.3889546394348,Left,0.9877320528030396
170,5566.722222222223,31.09090481786134,1,1523.071174621582,663.7196588516235,1833.047218322754,728.8359260559082,Left,0.9692364931106567
171,5599.466666666667,31.655558166862516,1,1506.9274520874023,661.1890912055969,1834.9708557128906,731.7798972129822,Left,0.9879905581474304
172,5632.211111111112,31.490105757931843,1,1507.6443099975586,666.0366368293762,1829.9244689941406,728.0584931373596,Left,0.9856913685798645
173,5664.955555555556,31.64846063454759,1,1500.4280090332031,663.7575101852417,1832.211685180664,736.7334008216858,Left,0.9801592230796814
174,5697.7,31.784723854289073,1,1509.0697860717773,664.4455289840698,1836.7903518676758,736.3810229301453,Left,0.9831342697143555
175,5730.455555555555,32.00394829612221,1,1513.1108093261719,667.0368647575378,1834.390525817871,732.0807766914368,Left,0.9716549515724182
176,5763.200000000001,32.23064629847239,1,1509.4789123535156,663.4485197067261,1836.482276916504,734.089343547821,Left,0.9817271828651428
177,5795.944444444444,32.204371327849586,1,1501.4229583740234,664.02916431427,1836.4760971069336,737.2286224365234,Left,0.9693751931190491
178,5828.688888888889,33.10110458284371,1,1506.620864868164,663.6529040336609,1835.6970977783203,728.6425495147705,Left,0.9811949133872986
179,5861.433333333333,35.59802585193889,1,1503.0476760864258,664.4151449203491,1836.1402130126953,732.0585680007935,Left,0.9720589518547058
180,5894.177777777778,37.855229142185664,1,1504.7600555419922,665.5293774604797,1835.8367156982422,729.8331928253174,Left,0.9677479267120361
181,5926.922222222222,40.54603995299647,1,1513.234977722168,665.2792882919312,1836.0183334350586,733.5013604164124,Left,0.9833816289901733
182,5959.666666666667,45.344676850763804,1,1509.1868591308594,665.3009819984436,1834.6060180664062,732.4462866783142,Left,0.9685528874397278
183,5992.4111111111115,51.124418331374855,1,1507.280387878418,668.4959435462952,1838.257827758789,736.2022590637207,Left,0.9524814486503601
184,6025.155555555556,58.86058754406581,1,1523.5940551757812,666.4129614830017,1838.8272857666016,722.6441431045532,Left,0.9660799503326416
185,6057.9,65.55891891891892,1,1506.346664428711,666.4325952529907,1829.0776062011719,730.2154397964478,Left,0.9693611860275269
186,6090.655555555556,71.9889071680376,1,1509.986801147461,667.4869608879089,1833.7928009033203,733.0330467224121,Left,0.9806605577468872
187,6123.400000000001,74.36874265569918,1,1509.4509887695312,666.4951014518738,1829.454116821289,735.184006690979,Left,0.9838189482688904
188,6156.144444444445,75.02918918918918,1,1528.7575149536133,669.8835682868958,1828.970603942871,732.991783618927,Left,0.9681549668312073
189,6188.888888888889,75.7329259694477,1,1506.5016174316406,668.5953998565674,1829.8943710327148,736.7310190200806,Left,0.9754730463027954
190,6221.633333333334,76.24935370152761,1,1523.3010864257812,671.9506502151489,1832.164649963379,735.0589942932129,Left,0.9757879376411438
191,6254.377777777778,76.47558166862515,1,1520.152931213379,671.218729019165,1822.313346862793,733.3634090423584,Left,0.97796630859375
192,6287.122222222223,76.84202115158637,1,1506.946792602539,669.7050619125366,1822.6694869995117,727.6303482055664,Left,0.9684522747993469
193,6319.866666666667,76.32493537015276,1,1508.3342742919922,671.0276055335999,1824.5824813842773,734.2715835571289,Left,0.9732148051261902
194,6352.611111111111,75.78368977673325,1,1511.4676666259766,672.2273898124695,1822.6851654052734,738.7709355354309,Left,0.986126184463501
195,6385.355555555556,75.23196239717979,1,1509.389877319336,671.0749197006226,1821.9388961791992,736.7009568214417,Left,0.9536387324333191
196,6418.1,75.43125734430082,1,1509.4038391113281,672.3069548606873,1825.898780822754,735.939359664917,Left,0.9787417054176331
197,6450.855555555556,75.85499412455934,1,1511.9623947143555,671.8267321586609,1824.7621536254883,735.6959652900696,Left,0.9779375791549683
198,6483.6,76.26632197414806,1,1499.6781921386719,669.8039388656616,1820.1396560668945,731.3064336776733,Left,0.967850923538208
199,6516.344444444445,76.0986133960047,1,1503.5682678222656,672.9372954368591,1828.1823348999023,737.0194101333618,Left,0.988175630569458
200,6549.088888888889,76.42994124559343,1,1526.5080642700195,674.6306920051575,1821.9189834594727,735.6649374961853,Left,0.9195209741592407
201,6581.833333333334,76.93349001175088,1,1501.5285873413086,670.4781818389893,1822.5629425048828,734.1251993179321,Left,0.9792046546936035
202,6614.577777777778,183.73405405405404,1,1507.214584350586,671.8844103813171,1826.7826080322266,732.631938457489,Left,0.9820812940597534
203,6647.322222222223,201.41889541715628,1,1504.372444152832,671.2859344482422,1827.531394958496,736.0416483879089,Left,0.9873214364051819
204,6680.066666666667,203.59797884841362,1,1505.4743957519531,668.2802939414978,1828.8748168945312,737.6761436462402,Left,0.9862455725669861
205,6712.811111111112,77.59562867215041,1,1502.8129577636719,670.8305597305298,1825.9391784667969,730.7073783874512,Left,0.9781843423843384
206,6745.555555555556,75.28056404230317,1,1530.9767532348633,671.321918964386,1830.238037109375,733.5829854011536,Left,0.9418404698371887
207,6778.300000000001,76.14556991774383,1,1510.8674240112305,667.0484519004822,1829.27490234375,730.5547499656677,Left,0.9827550053596497
208,6811.055555555556,74.14354876615747,1,1509.8600006103516,671.5894532203674,1831.0371780395508,731.5166759490967,Left,0.9686354994773865
209,6843.800000000001,63.57739130434783,1,1522.5097274780273,667.6549744606018,1831.362533569336,730.7508301734924,Left,0.9567159414291382
210,6876.544444444445,36.694195064629845,1,1516.3703155517578,670.67786693573,1838.0152130126953,736.274163722992,Left,0.9839569926261902
211,6909.288888888889,27.650105757931843,1,1512.8971481323242,669.257025718689,1835.9715270996094,738.8477325439453,Left,0.9825052618980408
212,6942.033333333334,27.057485311398356,1,1506.3050079345703,667.2483944892883,1836.760597229004,735.8433794975281,Left,0.9645460247993469
213,6974.777777777777,27.929588719153937,1,1517.7607727050781,667.8919315338135,1839.3168640136719,729.804482460022,Left,0.9862730503082275
214,7007.522222222223,27.822185663924795,1,1522.8602600097656,666.7998433113098,1840.5657577514648,733.3186054229736,Left,0.9714919328689575
215,7040.266666666666,28.387544065804935,1,1539.2487716674805,663.5200381278992,1842.333869934082,729.0226078033447,Left,0.9623909592628479
216,7073.011111111112,28.305005875440656,1,1530.1769256591797,663.7365889549255,1843.2615280151367,727.2859525680542,Left,0.9855525493621826
217,7105.7555555555555,29.31938895417156,1,1524.1179656982422,666.4472079277039,1839.4355392456055,725.8884787559509,Left,0.9709874987602234
218,7138.500000000001,29.373301997649822,1,1535.0311660766602,667.6036047935486,1842.9440689086914,719.7285604476929,Left,0.9731535911560059
219,7171.2555555555555,30.222044653349002,1,1528.1304931640625,662.7243232727051,1837.7442169189453,723.4303307533264,Left,0.9852696657180786
220,7204.000000000001,30.025710928319626,1,1547.2931671142578,670.1828384399414,1841.619644165039,723.8649129867554,Left,0.9717761278152466
221,7236.7444444444445,30.44502937720329,1,1539.4676971435547,670.2309250831604,1841.5998458862305,725.2656698226929,Left,0.9792630672454834
222,7269.48888888889,30.373631022326673,1,1531.9967651367188,666.3560557365417,1845.9515762329102,723.9637899398804,Left,0.9579085111618042
223,7302.233333333334,30.958119858989424,1,1566.0690307617188,664.4376754760742,1848.5499572753906,721.2422919273376,Left,0.9534952044487
224,7334.977777777778,31.12,1,1541.9904327392578,665.7370448112488,1841.9290924072266,721.6285300254822,Left,0.970457911491394
225,7367.722222222223,31.457767332549942,1,1529.7387313842773,666.7455124855042,1841.4886093139648,722.573139667511,Left,0.9419967532157898
226,7400.466666666667,31.316333725029377,1,1530.3290176391602,663.5409593582153,1842.3620223999023,717.2297286987305,Left,0.9790581464767456
227,7433.211111111112,31.467873090481785,1,1525.0331497192383,663.1914782524109,1839.261817932129,721.7989253997803,Left,0.9583628177642822
228,7465.955555555556,31.700587544065804,1,1525.9049606323242,663.6361026763916,1840.4358673095703,718.1387400627136,Left,0.9858198761940002
229,7498.700000000001,31.854289071680377,1,1531.4252471923828,666.9647026062012,1834.0555572509766,715.946774482727,Left,0.9172708988189697
230,7531.455555555555,32.51783783783784,1,1515.3490447998047,666.2734651565552,1833.9086151123047,727.0460343360901,Left,0.9691441655158997
231,7564.200000000001,38.14331374853114,1,1510.6388854980469,662.2674036026001,1839.2752075195312,722.354142665863,Left,0.9682862758636475
232,7596.944444444444,54.04723854289072,1,1518.2202529907227,663.8743472099304,1850.5499267578125,727.4238395690918,Left,0.9656015038490295
233,7629.68888888889,71.18509988249119,1,1514.5071029663086,661.8880534172058,1844.9794006347656,729.5718383789062,Left,0.9625365138053894
234,7662.433333333333,74.14509988249118,1,1512.83935546875,666.1084771156311,1839.3120574951172,728.1367063522339,Left,0.9198269844055176
235,7695.177777777778,69.16084606345476,1,1511.7791748046875,665.221996307373,1841.246566772461,722.5083804130554,Left,0.9437462687492371
236,7727.922222222222,67.20291421856639,1,1509.9960708618164,665.6230401992798,1842.9428100585938,731.644070148468,Left,0.9417365789413452
237,7760.666666666667,65.24117508813161,1,1515.4337310791016,665.8200860023499,1844.6033477783203,726.750819683075,Left,0.9693894982337952
238,7793.4111111111115,63.223172737955345,1,1516.4233016967773,663.7624025344849,1838.345718383789,725.5271530151367,Left,0.9552701711654663
239,7826.155555555556,60.88202115158637,1,1525.1126861572266,664.5334625244141,1842.956657409668,727.9565906524658,Left,0.9855765104293823
240,7858.900000000001,59.0772267920094,1,1534.3374252319336,664.3812847137451,1839.0790557861328,722.4626755714417,Left,0.9697442650794983
241,7891.655555555556,57.28676850763807,1,1519.4636535644531,663.3602643013,1833.1050109863281,727.4806809425354,Left,0.9688915610313416
242,7924.400000000001,55.55346650998825,1,1511.586685180664,666.8161940574646,1834.0507507324219,725.2711415290833,Left,0.9828149080276489
243,7957.144444444445,53.883478260869566,1,1543.6402130126953,663.1692695617676,1836.368408203125,723.4031009674072,Left,0.9763172268867493
244,7989.88888888889,52.79699177438308,1,1523.701286315918,667.9927396774292,1829.146842956543,726.375138759613,Left,0.9590057730674744
245,8022.633333333333,51.692549941245595,1,1537.9730987548828,666.7484736442566,1833.0961990356445,727.9137825965881,Left,0.9389609694480896
246,8055.377777777778,50.992150411280846,1,1514.4770050048828,666.0482883453369,1836.273307800293,727.5034689903259,Left,0.9721614122390747
247,8088.122222222223,50.31210340775558,1,1516.5847778320312,666.2947726249695,1841.4836883544922,723.7503290176392,Left,0.9479906558990479
248,8120.866666666666,50.69367802585194,1,1509.9068069458008,665.5664563179016,1845.1387023925781,733.7163662910461,Left,0.9491859674453735
249,8153.611111111111,192.47332549941245,1,1525.1398086547852,663.3340644836426,1847.05810546875,731.0479116439819,Left,0.9632066488265991
250,8186.355555555556,211.0036662749706,1,1534.552001953125,667.9974389076233,1844.4786071777344,734.8360705375671,Left,0.9456825852394104
251,8219.1,209.92629847238544,1,1510.5419540405273,661.8955206871033,1846.3352966308594,737.5978660583496,Left,0.9642473459243774
252,8251.855555555556,60.38994124559342,1,1522.37548828125,664.8820424079895,1850.1357650756836,732.6092147827148,Left,0.9640434980392456
253,8284.6,59.556286721504115,1,1515.3865814208984,663.0695557594299,1848.500747680664,740.0666356086731,Left,0.9720185995101929
254,8317.344444444445,65.21339600470036,1,1525.1360321044922,666.0453915596008,1850.9246063232422,729.6824312210083,Left,0.9754170775413513
255,8350.08888888889,70.09405405405406,1,1524.6480560302734,663.0237865447998,1850.6926345825195,737.1462893486023,Left,0.9563562870025635
256,8382.833333333334,58.37160987074031,1,1534.7638320922852,664.8451566696167,1849.8839950561523,734.379472732544,Left,0.9466856122016907
257,8415.577777777778,34.16822561692127,1,1518.71337890625,663.1094026565552,1845.0747299194336,731.3004469871521,Left,0.9620046615600586
258,8448.322222222221,29.410669800235016,1,1529.4515991210938,665.0637674331665,1849.1691970825195,735.0291895866394,Left,0.9714746475219727
259,8481.066666666668,29.687332549941246,1,1532.3175430297852,661.0799145698547,1843.1975555419922,732.227611541748,Left,0.9288204908370972
260,8513.811111111112,29.76888366627497,1,1527.9075622558594,666.7153859138489,1850.500831604004,735.9998059272766,Left,0.9686875343322754
261,8546.555555555557,30.645076380728554,1,1515.907859802246,663.7105822563171,1848.2397079467773,732.2201442718506,Left,0.972809910774231
262,8579.3,30.79647473560517,1,1518.2401657104492,665.2415657043457,1848.5188293457031,733.3582592010498,Left,0.9478702545166016
263,8612.055555555555,31.33880141010576,1,1529.6420288085938,665.9648609161377,1853.506851196289,731.6770935058594,Left,0.932030200958252
264,8644.8,31.253396004700353,1,1515.277976989746,662.4760365486145,1849.314193725586,728.4105491638184,Left,0.9624844193458557
265,8677.544444444446,31.419929494712104,1,1523.250389099121,667.8381156921387,1852.0449829101562,736.7648148536682,Left,0.9328407049179077
266,8710.28888888889,31.568225616921268,1,1546.5653228759766,666.6529440879822,1855.4275131225586,724.0407800674438,Left,0.8102631568908691
267,8743.033333333333,31.935323149236194,1,1521.5071105957031,667.4757599830627,1845.8268356323242,722.5566601753235,Left,0.928364634513855
268,8775.777777777777,32.03370152761457,1,1556.6111755371094,666.4978051185608,1860.940933227539,724.6519374847412,Left,0.7372403740882874
269,8808.522222222222,32.008930669800236,1,1522.020606994629,667.044460773468,1854.766845703125,730.2630114555359,Left,0.931281566619873
270,8841.266666666668,31.73292596944771,1,1560.1860809326172,670.4291939735413,1860.4644012451172,728.5451531410217,Left,0.9423494935035706
271,8874.011111111111,31.937344300822563,1,1535.885353088379,665.7944655418396,1850.0150299072266,727.3415064811707,Left,0.967519998550415
272,8906.755555555555,32.20690951821386,1,1534.8772430419922,666.2421154975891,1845.4883193969727,725.397698879242,Left,0.984470009803772
273,8939.5,33.28164512338425,1,1530.8988189697266,668.0320072174072,1844.1126251220703,726.822338104248,Left,0.961016058921814
274,8972.255555555555,38.20775558166863,1,1524.2526626586914,669.2220711708069,1844.128761291504,731.6097593307495,Left,0.9126254320144653
275,9005.0,44.82933019976498,1,1513.3877563476562,672.5829219818115,1846.259765625,728.2302403450012,Left,0.8875402808189392
276,9037.744444444446,51.00507638072855,1,1518.4727096557617,664.9735164642334,1851.4557266235352,728.2936477661133,Left,0.9649198651313782
277,9070.488888888889,58.983407755581666,1,1514.2316436767578,667.940661907196,1848.1085586547852,736.0003852844238,Left,0.9332937598228455
278,9103.233333333334,67.03332549941246,1,1525.1726531982422,671.2798833847046,1849.0735244750977,735.7163715362549,Left,0.9228048920631409
279,9135.977777777778,72.35863689776733,1,1520.20751953125,669.9201965332031,1848.2828521728516,727.5948786735535,Left,0.9088703393936157
280,9168.722222222223,77.12192714453585,1,1512.4637603759766,671.4671444892883,1843.2831573486328,730.1763010025024,Left,0.9370171427726746
281,9201.466666666667,79.9709518213866,1,1596.452980041504,650.9421300888062,1851.0823059082031,734.604070186615,Left,0.7140263319015503
282,9234.211111111112,81.76075205640423,1,1613.8764953613281,629.2613625526428,1842.7814483642578,723.7566375732422,Left,0.6799772381782532
283,9266.955555555556,83.4835722679201,1,1549.724006652832,669.3243598937988,1840.6113052368164,728.9989829063416,Left,0.8448189496994019
284,9299.699999999999,84.89475910693302,1,1508.294792175293,672.9417371749878,1834.0275192260742,731.8170404434204,Left,0.9333035945892334
285,9332.455555555556,86.1867920094007,1,1518.8874435424805,674.3810534477234,1838.225212097168,735.2474141120911,Left,0.8575376868247986
286,9365.199999999999,86.66787309048179,1,1506.3034057617188,676.8294811248779,1841.9596481323242,736.5261197090149,Left,0.9401949644088745
287,9397.944444444445,87.62937720329025,1,1588.3106231689453,644.5901870727539,1849.269676208496,734.3644738197327,Right,0.7251701354980469
288,9430.68888888889,87.90185663924794,1,1523.0988693237305,676.8388152122498,1837.284049987793,737.7385210990906,Left,0.9255247712135315
289,9463.433333333334,89.02495887191539,1,1508.5345458984375,680.9031343460083,1832.6775741577148,751.8857145309448,Left,0.8871957063674927
290,9496.177777777777,89.07323149236193,1,1502.7811431884766,679.6058249473572,1832.2223281860352,740.9920620918274,Left,0.9427095055580139
291,9528.922222222223,89.05057579318449,1,1532.3376846313477,677.509195804596,1838.2962799072266,739.5225548744202,Left,0.8701177835464478
292,9561.666666666668,89.29179788484136,1,1667.1431350708008,610.1879596710205,1844.4965744018555,742.4026036262512,Right,0.8033336997032166
293,9594.411111111112,189.48808460634547,1,1517.5492858886719,679.2605924606323,1839.7140884399414,742.4860954284668,Left,0.934289276599884
294,9627.155555555555,201.89165687426558,1,1499.4641876220703,677.4410247802734,1834.4282913208008,747.9339838027954,Left,0.9436894655227661
295,9659.9,200.826133960047,1,1533.6249160766602,681.7106938362122,1845.435562133789,745.5147814750671,Left,0.7665351629257202
296,9692.655555555555,131.2455464159812,1,1498.6642456054688,675.7312774658203,1831.314468383789,741.7336392402649,Left,0.9474608898162842
297,9725.4,88.14801410105758,1,1557.0867919921875,670.8322334289551,1851.1937713623047,745.0830316543579,Right,0.5566279888153076
298,9758.144444444446,84.76032902467685,1,1556.2154388427734,670.6730389595032,1840.9941101074219,733.5992074012756,Left,0.7907949686050415
299,9790.888888888889,79.15887191539366,1,1505.8259582519531,681.2403202056885,1840.8934020996094,753.5865783691406,Left,0.8977388739585876
300,9823.633333333333,58.537579318448884,1,1518.0268478393555,682.1669054031372,1843.619155883789,742.7183532714844,Left,0.9347734451293945
301,9856.377777777778,36.0089776733255,1,1504.035873413086,679.9637389183044,1844.6343612670898,741.4771127700806,Left,0.9466953277587891
302,9889.122222222224,30.197790834312574,1,1572.231788635254,663.7428975105286,1851.3985061645508,740.4461145401001,Left,0.5742155313491821
303,9921.866666666667,29.383266745005876,1,1525.4653930664062,679.9749398231506,1838.8674545288086,735.3325796127319,Left,0.8904551863670349
304,9954.611111111111,29.267356051703878,1,1502.6100540161133,680.1180410385132,1840.7346725463867,743.3716106414795,Left,0.9304504990577698
305,9987.355555555556,29.09687426556992,1,1523.2198333740234,680.6654691696167,1847.6744842529297,744.0493941307068,Left,0.9401976466178894
306,10020.1,28.668202115158635,1,1508.9057922363281,676.1170649528503,1839.4860076904297,744.0795207023621,Left,0.9413337707519531
307,10052.855555555556,28.726345475910694,1,1536.1968612670898,682.3354339599609,1859.9802017211914,744.5493793487549,Left,0.7009990215301514
308,10085.6,28.517790834312574,1,1512.9743957519531,676.636426448822,1847.5424194335938,737.4061632156372,Left,0.9595080018043518
309,10118.344444444445,28.40009400705053,1,1528.600959777832,678.9022922515869,1855.6179428100586,746.1092662811279,Left,0.9035598039627075
310,10151.08888888889,28.56813160987074,1,1529.315071105957,677.6944613456726,1855.1415252685547,731.403443813324,Left,0.9112628698348999
311,10183.833333333334,28.44202115158637,1,1577.8046035766602,663.2511520385742,1858.6108016967773,731.9519662857056,Right,0.6065171957015991
312,10216.577777777778,28.535276145710927,1,1543.8116455078125,675.7113862037659,1852.2682571411133,732.8155303001404,Left,0.9550055861473083
313,10249.322222222223,28.22331374853114,1,1515.6547164916992,669.7125291824341,1841.3797760009766,736.2977242469788,Left,0.9740945100784302
314,10282.066666666668,28.067403055229143,1,1529.4050216674805,670.9623312950134,1845.3010940551758,728.4520053863525,Left,0.9788745641708374
315,10314.811111111112,28.02660399529965,1,1513.7497329711914,671.9026923179626,1843.3127975463867,740.0593614578247,Left,0.9583025574684143
316,10347.555555555555,28.305757931844887,1,1519.5291137695312,673.7728571891785,1843.3122253417969,728.4469842910767,Left,0.9725732207298279
317,10380.3,28.32,1,1510.6792831420898,671.354877948761,1841.7204666137695,736.4723682403564,Left,0.9556309580802917
318,10413.055555555555,28.21475910693302,1,1543.2096862792969,677.4559593200684,1844.944725036621,737.760021686554,Left,0.9471209049224854
319,10445.800000000001,28.536545240893066,1,1516.2455749511719,670.0648427009583,1837.4810028076172,733.8462710380554,Left,0.9602377414703369
320,10478.544444444446,30.90665099882491,1,1515.4060363769531,673.6736583709717,1841.1238861083984,736.9921159744263,Left,0.9621663093566895
321,10511.28888888889,37.61743830787309,1,1518.310546875,670.7724952697754,1840.7571029663086,737.7651715278625,Left,0.9621921181678772
322,10544.033333333333,45.30044653349001,1,1510.4072570800781,675.9498882293701,1838.9052200317383,735.4326152801514,Left,0.9379514455795288
323,10576.777777777777,55.41184488836663,1,1512.575340270996,674.1133904457092,1834.229507446289,734.4390821456909,Left,0.9320734739303589
324,10609.522222222224,63.13353701527615,1,1587.9844665527344,655.3334641456604,1847.0198822021484,727.4067163467407,Right,0.6331092119216919
325,10642.266666666668,66.7193419506463,1,1529.542465209961,673.5995006561279,1840.9008407592773,733.0354928970337,Left,0.9347557425498962
326,10675.011111111111,64.99661574618096,1,1514.0509414672852,672.0602774620056,1840.1708221435547,731.1038517951965,Left,0.9589345455169678
327,10707.755555555555,62.89165687426557,1,1525.9049606323242,669.2053985595703,1836.888542175293,732.3351144790649,Left,0.9711040258407593
328,10740.5,57.478871915393654,1,1539.1868591308594,669.8396015167236,1838.7348175048828,732.8943228721619,Left,0.952608048915863
329,10773.255555555555,49.5944535840188,1,1523.499755859375,667.6688146591187,1835.8929061889648,733.0266094207764,Left,0.9805700778961182
330,10806.000000000002,42.82265569917744,1,1516.3343811035156,669.7264981269836,1833.5258102416992,730.1508736610413,Left,0.962928831577301
331,10838.744444444446,37.663078730904815,1,1516.908302307129,670.5563950538635,1835.7040786743164,732.9249000549316,Left,0.9764732122421265
332,10871.488888888889,33.98152761457109,1,1511.205825805664,670.5516958236694,1836.4615631103516,736.5310764312744,Left,0.9427687525749207
333,10904.233333333334,32.37400705052879,1,1513.7299346923828,670.595211982727,1838.1256484985352,734.2684292793274,Left,0.92974454164505
334,10936.977777777778,31.94044653349001,1,1505.4022979736328,668.8810873031616,1838.9160919189453,733.5712051391602,Left,0.9668367505073547
335,10969.722222222223,31.474923619271447,1,1516.8976593017578,671.4814352989197,1842.8475952148438,735.8343029022217,Left,0.955513060092926
336,11002.466666666667,31.412126909518214,1,1536.5132904052734,676.1745500564575,1842.6934432983398,741.865668296814,Left,0.7496039271354675
337,11035.211111111112,31.486815511163336,1,1515.7234954833984,672.6440763473511,1842.8786087036133,734.0489172935486,Left,0.9272319674491882
338,11067.955555555556,31.493490011750882,1,1572.1638107299805,669.861102104187,1846.6572189331055,740.7140350341797,Left,0.91205894947052
339,11100.699999999999,31.32972972972973,1,1542.1382904052734,674.4278526306152,1834.8825073242188,735.6897854804993,Left,0.8555396795272827
340,11133.455555555556,31.194829612220918,1,1512.8193283081055,666.6714191436768,1838.2450103759766,737.2891974449158,Left,0.9767570495605469
341,11166.2,31.35891891891892,1,1528.103141784668,670.3448009490967,1836.8204498291016,735.0273871421814,Left,0.9621785283088684
342,11198.944444444445,190.49588719153937,1,1519.5675659179688,667.1538949012756,1832.091407775879,733.639440536499,Left,0.96397864818573
343,11231.68888888889,213.10317273795533,1,1516.6027450561523,671.9103527069092,1833.7702560424805,725.3241848945618,Left,0.9728297591209412
344,11264.433333333334,217.21790834312574,1,1535.3581237792969,672.8264451026917,1835.4548263549805,735.9320211410522,Left,0.8956512808799744
345,11297.177777777777,113.56803760282021,1,1545.8841705322266,675.6536436080933,1836.7240905761719,734.5120167732239,Left,0.9511138796806335
346,11329.922222222223,36.17710928319624,1,1521.2018966674805,670.8726596832275,1832.2423553466797,730.0308179855347,Left,0.9863949418067932
347,11362.666666666668,47.0656169212691,1,1536.749038696289,673.9779496192932,1827.6070404052734,733.8585662841797,Left,0.9402856230735779
348,11395.411111111112,52.72747356051704,1,1524.169807434082,672.227840423584,1832.3040390014648,729.4967794418335,Left,0.9441422820091248
349,11428.155555555555,53.07920094007051,1,1520.9523010253906,673.1653046607971,1837.7368927001953,733.0784940719604,Left,0.9364686012268066
350,11460.9,46.84258519388954,1,1526.7536544799805,670.7437205314636,1836.1090850830078,733.9327883720398,Left,0.9734296798706055
351,11493.655555555555,40.8888366627497,1,1520.5867767333984,669.9050045013428,1834.2902755737305,733.5685014724731,Left,0.957944929599762
352,11526.400000000001,33.21988249118684,1,1518.7614440917969,670.0738549232483,1836.1628723144531,732.403736114502,Left,0.9743250012397766
353,11559.144444444446,29.953654524089306,1,1520.826759338379,672.470977306366,1838.8570404052734,736.3542437553406,Left,0.9691522717475891
354,11591.888888888889,29.978096357226793,1,1568.2460403442383,673.1229472160339,1837.6115798950195,739.8061180114746,Left,0.9065653681755066
355,11624.633333333333,29.799952996474737,1,1545.4292678833008,671.9153094291687,1843.6477661132812,737.4074506759644,Right,0.6266146898269653
356,11657.377777777778,29.885499412455935,1,1616.114387512207,629.8687219619751,1845.1336669921875,732.5512146949768,Right,0.5026029348373413
357,11690.122222222224,30.01720329024677,1,1590.2536010742188,654.8925733566284,1840.890998840332,738.6636900901794,Left,0.7973835468292236
358,11722.866666666667,30.126580493537016,1,1527.9352569580078,670.0715374946594,1839.180908203125,733.9944577217102,Left,0.9718828797340393
359,11755.611111111111,30.373678025851937,1,1553.3794784545898,673.3483815193176,1838.9749145507812,737.9754137992859,Left,0.920973002910614
360,11788.355555555556,30.54439482961222,1,1514.9766540527344,667.5963950157166,1833.8658142089844,731.988787651062,Left,0.9594271183013916
361,11821.100000000002,32.419741480611044,1,1525.6574249267578,670.9636187553406,1840.814208984375,735.900285243988,Left,0.9675617814064026
362,11853.855555555556,35.17706227967098,1,1520.5436325073242,668.5678482055664,1834.980812072754,730.8195161819458,Left,0.9597018361091614
363,11886.600000000002,38.64559341950646,1,1516.3282012939453,670.3962349891663,1840.085563659668,734.5996284484863,Left,0.9791049361228943
364,11919.344444444445,42.759764982373675,1,1527.9034423828125,669.7156834602356,1836.7778778076172,737.6534199714661,Left,0.9855051040649414
365,11952.08888888889,46.04625146886016,1,1529.4268798828125,674.9427723884583,1833.665428161621,735.2773475646973,Left,0.9199143052101135
366,11984.833333333334,49.2,1,1523.086051940918,668.4300899505615,1835.6057739257812,729.4551944732666,Left,0.9657856225967407
367,12017.577777777777,57.50453584018801,1,1523.2735061645508,671.2429332733154,1839.6584701538086,735.3597450256348,Left,0.9631297588348389
368,12050.322222222223,65.51981198589894,1,1560.8056640625,671.2945604324341,1839.737777709961,732.9819345474243,Left,0.8942989706993103
369,12083.066666666668,70.55182138660399,1,1551.9694519042969,672.214515209198,1837.730369567871,736.4781618118286,Left,0.9303815364837646
370,12115.811111111112,74.84098707403055,1,1518.5292434692383,666.6460561752319,1833.8442993164062,731.8579816818237,Left,0.959693431854248
371,12148.555555555555,77.81997649823737,1,1516.9492721557617,670.4178643226624,1839.810676574707,731.5795040130615,Left,0.9593401551246643
372,12181.300000000001,79.01104582843713,1,1519.5587539672852,671.4280700683594,1840.4192733764648,736.7689347267151,Left,0.9541905522346497
373,12214.055555555555,79.67887191539366,1,1511.5339279174805,672.2933721542358,1839.752426147461,739.356279373169,Left,0.9451832175254822
374,12246.800000000001,79.68094007050529,1,1513.6314010620117,671.6610360145569,1839.7554016113281,733.1426739692688,Left,0.9578015804290771
375,12279.544444444446,80.44188014101057,1,1511.821403503418,671.762809753418,1835.1422882080078,739.1053533554077,Left,0.9527314901351929
376,12312.28888888889,80.71741480611045,1,1513.2647323608398,674.3144273757935,1836.595573425293,738.4146308898926,Left,0.9435504078865051
377,12345.033333333333,74.50383078730904,1,1515.2317428588867,676.1094045639038,1840.5233001708984,738.2215762138367,Left,0.9163177609443665
378,12377.777777777777,44.12390129259695,1,1604.0217590332031,642.8745818138123,1843.4442901611328,733.4010028839111,Right,0.7003051042556763
379,12410.522222222224,31.574853113983547,1,1548.9777374267578,676.2697577476501,1840.3691482543945,736.392674446106,Left,0.8866210579872131
380,12443.266666666668,31.69635722679201,1,1541.2701416015625,671.6522169113159,1830.5440521240234,739.3524169921875,Left,0.9602167010307312
381,12476.011111111111,31.93988249118684,1,1510.6511306762695,673.8723134994507,1833.376579284668,745.8319473266602,Left,0.9484001398086548
382,12508.755555555555,32.07440658049354,1,1528.2000732421875,675.3356409072876,1834.9447631835938,740.8470296859741,Left,0.9383409023284912
383,12541.500000000002,32.157555816686255,1,1513.513069152832,672.5453925132751,1825.9264755249023,733.325686454773,Left,0.9754703640937805
384,12574.255555555555,31.99539365452409,1,1519.5162963867188,677.1611309051514,1830.8706665039062,735.8041763305664,Left,0.9716956615447998
385,12607.000000000002,32.31882491186839,1,1519.1371536254883,676.0900282859802,1825.1634979248047,734.8634934425354,Left,0.9839034080505371
386,12639.744444444445,32.64108108108108,1,1517.4778747558594,676.6388082504272,1819.7950744628906,737.7167630195618,Left,0.9349926114082336
387,12672.488888888889,33.06961222091657,1,1507.708740234375,677.0884537696838,1825.3366470336914,735.8897280693054,Left,0.9559746980667114
388,12705.233333333334,33.11741480611046,1,1519.0802764892578,679.5787882804871,1832.2675323486328,731.5126848220825,Left,0.9011282324790955
389,12737.977777777778,32.981010575793185,1,1529.1551971435547,678.6599922180176,1824.8810577392578,736.7966794967651,Left,0.8542461395263672
390,12770.722222222223,32.65833137485311,1,1508.0232238769531,674.3806028366089,1827.8938293457031,738.7850975990295,Left,0.9694811105728149
391,12803.466666666667,33.06383078730905,1,1506.3554763793945,675.5850863456726,1829.1570281982422,735.4870748519897,Left,0.9759579300880432
392,12836.211111111112,38.099177438307876,1,1511.5147018432617,675.3196120262146,1830.784034729004,742.1995067596436,Left,0.9625912308692932
393,12868.955555555556,55.55210340775558,1,1511.092300415039,674.7238397598267,1831.7444229125977,740.087685585022,Left,0.9705066680908203
394,12901.7,73.97480611045829,1,1510.777816772461,673.9975833892822,1835.3339767456055,744.9452090263367,Left,0.9535267949104309
395,12934.455555555556,80.21706227967097,1,1525.4269409179688,676.7517828941345,1837.793083190918,747.0525240898132,Left,0.9382504820823669
396,12967.2,82.72347826086957,1,1511.7650985717773,675.6311774253845,1830.6606674194336,738.1967926025391,Left,0.8793342709541321
397,12999.944444444445,85.06068155111633,1,1551.138038635254,672.7665781974792,1837.8982543945312,740.5101656913757,Left,0.9143017530441284
398,13032.68888888889,85.7856169212691,1,1509.9877166748047,673.7248349189758,1838.1122589111328,750.8524632453918,Left,0.9585809707641602
399,13065.433333333334,87.19111633372503,1,1509.1744995117188,673.8105797767639,1834.3560791015625,739.6834230422974,Left,0.949262797832489
400,13098.177777777779,86.96042303172737,1,1503.7998962402344,681.0649681091309,1839.668197631836,752.0435571670532,Left,0.8862825632095337
401,13130.922222222223,87.70011750881316,1,1510.7194519042969,676.4677691459656,1839.1501235961914,742.1463346481323,Left,0.9596238732337952
402,13163.666666666668,87.97537015276146,1,1503.881721496582,677.8354382514954,1839.151725769043,748.030800819397,Left,0.8991279602050781
403,13196.41111111111,88.46801410105758,1,1660.9270477294922,608.2887625694275,1848.9509582519531,735.8809089660645,Right,0.8123878836631775
404,13229.155555555555,89.07779083431258,1,1555.6882095336914,673.9289617538452,1841.4601135253906,735.6193614006042,Left,0.9119285941123962
405,13261.900000000001,88.92573443008226,1,1523.141098022461,675.0478935241699,1829.582176208496,743.9512896537781,Left,0.9456614255905151
406,13294.655555555555,88.64056404230317,1,1556.2490844726562,677.2798347473145,1842.4095153808594,743.9078378677368,Left,0.7611674666404724
407,13327.400000000001,88.72968272620446,1,1511.2044525146484,675.5362915992737,1834.093894958496,731.479983329773,Left,0.9228103160858154
408,13360.144444444446,88.86618096357226,1,1547.3834609985352,675.5412483215332,1838.0841064453125,740.7083058357239,Left,0.8157874345779419
409,13392.888888888889,88.28338425381904,1,1503.8874435424805,673.8307285308838,1832.208366394043,738.6654925346375,Left,0.9570501446723938
410,13425.633333333333,87.67638072855465,1,1624.9235916137695,649.7342991828918,1846.168212890625,744.6882963180542,Left,0.5708214044570923
411,13458.37777777778,87.45344300822562,1,1538.8298034667969,673.6845374107361,1838.4916305541992,734.9849653244019,Left,0.9349514842033386
412,13491.122222222224,189.7691186839013,1,1525.6557083129883,675.8511400222778,1835.6427383422852,745.9980940818787,Left,0.9539621472358704
413,13523.866666666667,203.49405405405406,1,1509.8646926879883,674.3384385108948,1833.4659576416016,743.6660528182983,Left,0.9497203230857849
414,13556.611111111111,204.7165687426557,1,1643.6585998535156,618.5622453689575,1835.4590606689453,738.9009690284729,Right,0.709661602973938
415,13589.355555555556,200.20761457109282,1,1520.9093856811523,674.1145491600037,1832.6811218261719,738.4506154060364,Left,0.9339677095413208
416,13622.100000000002,84.91450058754407,1,1516.2371063232422,673.5377025604248,1832.010154724121,738.9662432670593,Left,0.9620158076286316
417,13654.855555555556,82.50768507638072,1,1511.6108322143555,677.3545074462891,1837.1681213378906,744.5789909362793,Left,0.9674291610717773
418,13687.600000000002,76.28648648648648,1,1505.870704650879,675.1278448104858,1832.0209121704102,740.715901851654,Left,0.946788489818573
419,13720.344444444445,60.593560517038775,1,1499.5818328857422,676.5527415275574,1833.4691619873047,743.7547588348389,Left,0.9540174007415771
420,13753.08888888889,39.57522914218566,1,1500.4410552978516,673.2848453521729,1834.4476318359375,749.6358132362366,Left,0.9669060707092285
421,13785.833333333334,30.99027027027027,1,1512.271614074707,677.05246925354,1841.7750549316406,742.2579574584961,Left,0.9489858746528625
422,13818.577777777778,28.247520564042304,1,1507.8565979003906,676.8184733390808,1841.0164260864258,738.3077073097229,Left,0.9208412170410156
423,13851.322222222223,27.611797884841362,1,1501.2691497802734,672.5125622749329,1835.101432800293,741.4931416511536,Left,0.9527338743209839
424,13884.066666666668,27.34265569917744,1,1545.4781341552734,677.1905493736267,1848.387794494629,745.1316332817078,Left,0.7693953514099121
425,13916.811111111112,27.991492361927143,1,1511.3628387451172,672.5428175926208,1846.0155487060547,735.3150057792664,Left,0.8947048187255859
426,13949.555555555555,27.85443008225617,1,1561.5062713623047,661.1005139350891,1848.0230712890625,736.8589925765991,Right,0.550276517868042
427,13982.311111111112,28.536827262044653,1,1536.9925689697266,675.0911521911621,1842.4127197265625,741.5416145324707,Left,0.9687374234199524
428,14015.055555555555,28.63360752056404,1,1506.1102294921875,669.9076437950134,1833.0828094482422,741.2736940383911,Left,0.9848235845565796
429,14047.800000000001,29.56352526439483,1,1566.6303634643555,674.3311643600464,1836.2060165405273,739.3120551109314,Left,0.8225168585777283
430,14080.544444444446,29.600705052878965,1,1516.5022659301758,671.1770796775818,1832.3588562011719,743.5309338569641,Left,0.8910576105117798
431,14113.28888888889,30.05955346650999,1,1549.1851043701172,667.6711320877075,1841.5565872192383,734.379472732544,Left,0.6175346374511719
432,14146.033333333333,29.992432432432434,1,1557.385597229004,668.9144968986511,1838.3927536010742,739.9378252029419,Left,0.7429234981536865
433,14178.77777777778,30.054289071680376,1,1504.1768646240234,672.9671001434326,1830.819969177246,737.8465390205383,Left,0.9243876338005066
434,14211.522222222224,30.214571092831964,1,1565.3608703613281,668.2386445999146,1840.2423477172852,742.2291827201843,Left,0.7401766777038574
435,14244.266666666668,30.57870740305523,1,1520.8916473388672,672.4993658065796,1834.1450500488281,733.7375450134277,Left,0.8024770617485046
436,14277.011111111111,30.66951821386604,1,1506.514892578125,674.2899012565613,1834.0775299072266,740.6266164779663,Left,0.9474548101425171
437,14309.755555555555,30.671821386603995,1,1532.1654510498047,675.8864164352417,1835.1777648925781,741.0876560211182,Left,0.7973102927207947
438,14342.511111111111,30.57358401880141,1,1503.6635971069336,673.3866834640503,1831.5467834472656,740.246171951294,Left,0.9499038457870483
439,14375.255555555555,30.89955346650999,1,1578.2965850830078,671.0975790023804,1842.477035522461,741.3994789123535,Left,0.8144902586936951
440,14408.000000000002,31.022655699177438,1,1506.04248046875,669.9278569221497,1830.182991027832,736.3979530334473,Left,0.9464109539985657
441,14440.744444444445,31.242397179788483,1,1508.5154342651367,671.3432908058167,1832.5152969360352,738.720531463623,Left,0.9639091491699219
442,14473.488888888889,31.156098707403054,1,1516.3554382324219,671.0614013671875,1833.5307312011719,737.2264981269836,Left,0.9716883897781372
443,14506.233333333334,30.89851938895417,1,1511.6250228881836,670.7690834999084,1826.6178131103516,736.8945264816284,Left,0.9506891369819641
444,14538.97777777778,30.862655699177438,1,1533.5911560058594,672.4906754493713,1832.3248672485352,736.3576555252075,Left,0.8535560369491577
445,14571.722222222223,32.73226792009401,1,1516.4012145996094,669.5613813400269,1829.5527648925781,732.458324432373,Left,0.9136059284210205
446,14604.466666666667,43.49631022326675,1,1526.1529541015625,670.5168056488037,1833.2268905639648,727.8468346595764,Left,0.9494602680206299
447,14637.211111111112,59.3137955346651,1,1538.6309051513672,667.7895784378052,1832.0846557617188,732.7301073074341,Left,0.7961245775222778
448,14669.955555555556,70.07567567567567,1,1508.7713241577148,666.6445755958557,1830.215721130371,723.7270259857178,Left,0.9763131141662598
449,14702.711111111112,69.34984723854289,1,1515.6816101074219,664.6275115013123,1833.1227493286133,727.3317217826843,Left,0.9697839021682739
450,14735.455555555556,63.415699177438306,1,1518.3562088012695,666.9984340667725,1830.9642791748047,730.3063344955444,Left,0.9249215722084045
451,14768.2,58.22491186839013,1,1511.344985961914,668.7341237068176,1834.6849822998047,727.9886484146118,Left,0.9065650105476379
452,14800.944444444445,52.879482961222095,1,1536.4260864257812,669.2890191078186,1836.144790649414,726.9710397720337,Left,0.9464417695999146
453,14833.68888888889,44.95440658049354,1,1557.8960037231445,664.6609210968018,1829.4158935546875,729.4878315925598,Left,0.9532773494720459
454,14866.433333333332,39.17081081081081,1,1517.6121139526367,660.6115365028381,1829.945068359375,728.9837908744812,Left,0.9532380104064941
455,14899.177777777779,34.65964747356052,1,1513.8825988769531,663.9691686630249,1831.8684768676758,729.3246459960938,Left,0.8892443180084229
456,14931.922222222223,33.28672150411281,1,1507.1427154541016,662.750780582428,1833.6284637451172,730.6643772125244,Left,0.9683362245559692
457,14964.666666666668,32.55562867215041,1,1545.0121307373047,662.0995831489563,1834.9816131591797,730.6001329421997,Left,0.9511550664901733
458,14997.41111111111,32.53847238542891,1,1520.259017944336,662.3603582382202,1829.2551040649414,723.0872225761414,Left,0.975716233253479
459,15030.155555555555,32.058848413631026,1,1542.9756546020508,661.3144254684448,1831.6845703125,724.6352648735046,Left,0.7358877658843994
460,15062.91111111111,32.32987074030552,1,1506.1720275878906,661.2912511825562,1830.8256912231445,725.1794099807739,Left,0.9682009220123291
461,15095.655555555557,31.9193419506463,1,1544.0755462646484,663.6211037635803,1835.2122116088867,718.7647032737732,Left,0.9378475546836853
462,15128.400000000001,31.978895417156288,1,1523.074722290039,667.8543376922607,1824.3017578125,725.5076479911804,Left,0.9295082092285156
463,15161.144444444446,31.395534665099884,1,1510.7798767089844,665.4561853408813,1832.720832824707,724.484760761261,Left,0.9133880138397217
464,15193.888888888889,31.387450058754407,1,1548.6743545532227,661.9167637825012,1835.4097366333008,719.7818613052368,Left,0.8919773101806641
465,15226.633333333333,31.60643948296122,1,1535.2677154541016,666.2896871566772,1830.5157852172852,722.7829313278198,Left,0.9670858383178711
466,15259.37777777778,184.2299412455934,1,1530.292739868164,670.839250087738,1831.2098693847656,723.1947898864746,Left,0.7933799028396606
467,15292.122222222224,209.31952996474735,1,1535.204086303711,664.7630167007446,1837.6152420043945,723.7832236289978,Left,0.7656824588775635
468,15324.866666666667,213.9407285546416,1,1516.7076873779297,659.4917035102844,1833.8439559936523,723.6365818977356,Left,0.9245783686637878
469,15357.611111111111,34.46942420681551,1,1516.5110778808594,661.8280577659607,1836.9083404541016,728.2380294799805,Left,0.9399164319038391
470,15390.366666666667,32.0062044653349,1,1514.0449905395508,658.2433176040649,1836.9767761230469,726.2248921394348,Left,0.9385471343994141
471,15423.111111111111,38.79464159811986,1,1509.9483489990234,657.947781085968,1840.4389572143555,727.9280734062195,Left,0.9486171007156372
472,15455.855555555558,48.929917743830785,1,1545.9159851074219,661.1812376976013,1845.014305114746,728.3018231391907,Left,0.7374330759048462
473,15488.6,59.320235017626324,1,1510.3739547729492,660.6614255905151,1848.4257888793945,721.5664744377136,Left,0.9009244441986084
474,15521.344444444445,60.43948296122209,1,1546.029281616211,648.1572246551514,1853.228988647461,724.7805547714233,Right,0.5364590883255005
475,15554.08888888889,55.67323149236193,1,1603.2909393310547,640.5194306373596,1841.6389846801758,721.6950917243958,Left,0.8855791091918945
476,15586.833333333334,42.21358401880141,1,1580.482292175293,640.02601146698,1842.1788024902344,729.7451949119568,Right,0.6106294989585876
477,15619.577777777778,32.43708578143361,1,1611.130142211914,619.2979645729065,1845.7857513427734,721.4262056350708,Right,0.6971725225448608
478,15652.322222222223,26.752432432432432,1,1532.7433776855469,662.169041633606,1839.0845489501953,725.6972908973694,Left,0.7820201516151428
479,15685.066666666668,26.440564042303173,1,1514.963150024414,659.8940992355347,1832.251968383789,725.1161956787109,Left,0.946570634841919
480,15717.811111111112,26.257579318448883,1,1515.0084686279297,658.70854139328,1836.5855026245117,722.9542279243469,Left,0.970759928226471
481,15750.566666666668,27.26951821386604,1,1526.744155883789,658.2128691673279,1833.0641555786133,721.9765949249268,Left,0.8957973718643188
482,15783.311111111112,27.61828437132785,1,1519.2641830444336,657.4423885345459,1835.1544189453125,717.9814767837524,Left,0.9380069375038147
483,15816.055555555557,28.513748531139836,1,1511.7824935913086,656.2798762321472,1834.024887084961,716.2983155250549,Left,0.9556882381439209
484,15848.800000000001,28.719200940070504,1,1516.7235946655273,659.769537448883,1837.3003005981445,721.7229008674622,Left,0.9330567121505737
485,15881.544444444446,29.434500587544065,1,1506.1223602294922,654.6400380134583,1831.3899993896484,720.0757241249084,Left,0.9428068995475769
486,15914.28888888889,29.400188014101058,1,1554.0922164916992,652.3350977897644,1843.0197143554688,718.480818271637,Left,0.5852985382080078
487,15947.033333333333,30.252126909518214,1,1572.5636672973633,650.529305934906,1838.7056350708008,725.9314155578613,Left,0.8846989870071411
488,15979.77777777778,30.534054054054053,1,1516.0242462158203,654.6648216247559,1834.8730087280273,721.9502019882202,Left,0.956068217754364
489,16012.522222222224,31.041974148061104,1,1522.0303344726562,657.3897314071655,1837.0187759399414,721.9473695755005,Left,0.9599159955978394
490,16045.266666666666,30.93443008225617,1,1517.6606369018555,654.963641166687,1834.5352935791016,723.1778597831726,Left,0.9572982788085938
491,16078.011111111113,31.065428907168037,1,1525.7819366455078,653.6770176887512,1834.8783874511719,723.9731240272522,Left,0.9618820548057556
492,16110.766666666666,31.069471210340776,1,1522.371826171875,655.8528256416321,1832.2497940063477,719.5999431610107,Left,0.9366730451583862
493,16143.511111111113,31.495041128084605,1,1513.0947875976562,658.2954597473145,1840.979118347168,716.4427042007446,Left,0.8813930153846741
494,16176.255555555557,31.539741480611045,1,1503.391456604004,655.2604651451111,1837.0302200317383,727.7518200874329,Left,0.9438753128051758
495,16209.0,31.637602820211516,1,1609.1830444335938,622.8597235679626,1848.5065841674805,713.6829042434692,Right,0.7879966497421265
496,16241.744444444446,31.43807285546416,1,1565.1813125610352,653.2511258125305,1839.551010131836,719.561448097229,Left,0.916282057762146
497,16274.488888888889,31.453396004700352,1,1514.0776062011719,653.0587792396545,1836.7501831054688,721.0529708862305,Left,0.9783064723014832
498,16307.233333333332,31.646533490011752,1,1541.125831604004,657.2266101837158,1834.5767211914062,719.6621918678284,Left,0.8646005988121033
499,16339.97777777778,32.01668625146886,1,1515.5147552490234,657.3617935180664,1836.5534591674805,720.6937050819397,Left,0.8986100554466248
500,16372.722222222223,36.50928319623972,1,1529.0755462646484,657.7680516242981,1840.4748916625977,721.018853187561,Left,0.8804537653923035
501,16405.46666666667,45.82420681551116,1,1504.2795181274414,653.427894115448,1835.694236755371,721.3638281822205,Left,0.9242434501647949
502,16438.222222222223,58.15910693301998,1,1560.8502960205078,652.9312562942505,1846.2249755859375,723.3527612686157,Left,0.8501595258712769
503,16470.96666666667,64.00032902467684,1,1513.8227462768555,655.3715085983276,1842.6824569702148,721.858856678009,Left,0.8661621809005737
504,16503.71111111111,65.44803760282021,1,1509.6416473388672,659.475417137146,1847.109260559082,720.4686570167542,Left,0.8878010511398315
505,16536.455555555556,63.635910693301994,1,1504.0570449829102,657.0873069763184,1844.8871612548828,717.9306864738464,Left,0.9360780119895935
506,16569.2,62.00991774383079,1,1618.4001159667969,613.2129764556885,1854.0098190307617,718.481719493866,Right,0.727351188659668
507,16601.944444444445,59.94613396004701,1,1588.2304000854492,644.3076539039612,1844.5108795166016,719.9788427352905,Left,0.8638387322425842
508,16634.68888888889,57.056216216216214,1,1514.5214080810547,648.2475399971008,1837.251091003418,722.4974370002747,Left,0.9400109052658081
509,16667.433333333334,55.31003525264395,1,1517.6702499389648,655.1805782318115,1843.1532669067383,723.4068989753723,Left,0.8957476615905762
510,16700.17777777778,54.109283196239716,1,1510.696907043457,651.2018752098083,1845.1517486572266,715.5681324005127,Left,0.9581242799758911
511,16732.92222222222,52.5537955346651,1,1520.0325393676758,650.7177257537842,1842.6683807373047,726.5011167526245,Left,0.8560360074043274
512,16765.666666666668,50.81048178613396,1,1509.7735977172852,648.8050746917725,1846.256332397461,714.2539572715759,Left,0.9760245680809021
513,16798.42222222222,48.7475910693302,1,1509.6686553955078,651.01557970047,1845.4626846313477,722.655987739563,Left,0.8981233835220337
514,16831.166666666668,47.013725029377206,1,1519.9234771728516,647.8750133514404,1848.0883026123047,719.4445466995239,Left,0.9308940768241882
515,16863.911111111112,45.182749706227966,1,1512.1790313720703,645.7458758354187,1846.2176513671875,721.9293451309204,Left,0.9482550024986267
516,16896.655555555557,43.73626321974148,1,1552.1696090698242,646.349630355835,1850.9414291381836,719.3907952308655,Left,0.6744203567504883
517,16929.4,42.09645123384254,1,1535.0434112548828,649.1996812820435,1849.7249221801758,715.248327255249,Left,0.7498029470443726
518,16962.144444444446,40.75783783783784,1,1509.4711303710938,646.370358467102,1846.5189743041992,719.2454409599304,Left,0.9177260398864746
519,16994.88888888889,39.64611045828437,1,1513.0318450927734,646.1312770843506,1852.313461303711,728.004355430603,Left,0.9363145232200623
520,17027.633333333335,40.08944770857814,1,1515.2253341674805,645.4924392700195,1842.619514465332,718.5482168197632,Left,0.906987190246582
521,17060.377777777776,213.02157461809637,1,1515.8171081542969,648.2268762588501,1843.187484741211,724.0325403213501,Left,0.8477368354797363
522,17093.122222222224,216.60850763807287,1,1504.5951461791992,647.5585556030273,1840.8090591430664,718.9453983306885,Left,0.9478548169136047
523,17125.86666666667,212.8691891891892,1,1529.234275817871,646.5759658813477,1847.8177642822266,720.3082394599915,Left,0.9466366171836853
524,17158.622222222224,132.8691891891892,1,1521.0441970825195,653.0242109298706,1853.0137252807617,725.4956102371216,Left,0.8491835594177246
525,17191.36666666667,51.85739130434783,1,1511.8930435180664,646.0918164253235,1846.20849609375,714.2235732078552,Left,0.9438813328742981
526,17224.11111111111,56.354171562867215,1,1510.5411529541016,643.352165222168,1850.6689453125,719.8002076148987,Left,0.958328366279602
527,17256.855555555558,59.761692126909516,1,1514.4315719604492,647.4482202529907,1848.7998962402344,720.9371638298035,Left,0.8781877160072327
528,17289.6,58.29635722679201,1,1516.3739776611328,644.9884629249573,1848.2341003417969,712.1427154541016,Left,0.9475692510604858
529,17322.344444444447,55.563055229142186,1,1542.7947235107422,645.6435227394104,1848.9263534545898,716.3402223587036,Left,0.8945103287696838
530,17355.08888888889,45.0323384253819,1,1517.234115600586,646.9206833839417,1844.2776489257812,718.716938495636,Left,0.8840646147727966
531,17387.833333333332,33.958683901292595,1,1536.569938659668,644.0823483467102,1843.7775421142578,713.8503384590149,Left,0.9067284464836121
532,17420.57777777778,28.501856639247944,1,1531.5399169921875,652.091703414917,1848.3961486816406,712.0363712310791,Left,0.6295272707939148
533,17453.32222222222,29.21936545240893,1,1511.4646911621094,642.9713988304138,1842.1348571777344,709.5752620697021,Left,0.9490888714790344
534,17486.07777777778,28.98698002350176,1,1577.4128723144531,652.2319722175598,1849.2568588256836,716.0808634757996,Left,0.8472524881362915
535,17518.82222222222,30.0765687426557,1,1550.2712631225586,643.2386112213135,1840.4779815673828,709.1577386856079,Left,0.833419680595398
536,17551.566666666666,30.383689776733256,1,1507.7500534057617,647.0172429084778,1842.4416732788086,716.5340495109558,Left,0.8861891031265259
537,17584.311111111114,31.482303172737954,1,1534.3849182128906,645.4023814201355,1848.383560180664,705.7581996917725,Left,0.8684018850326538
538,17617.055555555555,31.516192714453585,1,1513.2133483886719,648.0746340751648,1843.2757186889648,714.9362468719482,Left,0.8096210360527039
539,17649.800000000003,32.01903642773208,1,1630.6119918823242,594.2329144477844,1850.4725646972656,699.7999620437622,Right,0.8518983721733093
540,17682.544444444447,32.012220916568744,1,1560.7551956176758,639.2899060249329,1841.2712860107422,714.9379849433899,Left,0.8207671046257019
541,17715.28888888889,32.679435957696825,1,1506.456642150879,641.336452960968,1840.5244445800781,710.797770023346,Left,0.948376476764679
542,17748.033333333336,32.77776733254994,1,1524.5988464355469,641.5087795257568,1847.4760437011719,714.2466831207275,Left,0.8905245661735535
543,17780.777777777777,33.18495887191539,1,1530.4225158691406,640.5387425422668,1849.3479537963867,707.700526714325,Left,0.9475232362747192
544,17813.522222222222,33.12108108108108,1,1519.4539260864258,644.3830990791321,1845.7721328735352,716.7721009254456,Left,0.895053505897522
545,17846.277777777777,33.25875440658049,1,1559.3780136108398,640.7462811470032,1845.0104141235352,708.014087677002,Left,0.9052497744560242
546,17879.022222222222,33.2068625146886,1,1528.2918548583984,647.1988391876221,1838.968734741211,712.3206424713135,Left,0.7814981937408447
547,17911.76666666667,34.31083431257344,1,1585.3450012207031,628.9993643760681,1846.787223815918,711.3830494880676,Left,0.6152668595314026
548,17944.51111111111,41.19285546415981,1,1562.530632019043,646.1809730529785,1843.275146484375,711.2353777885437,Left,0.9502915740013123
549,17977.255555555555,49.04517038777908,1,1519.5453643798828,645.047299861908,1835.8720779418945,714.9601936340332,Left,0.9326387643814087
550,18010.0,58.23332549941246,1,1512.5664138793945,644.2170166969299,1835.712776184082,713.5894346237183,Left,0.865887463092804
551,18042.744444444445,65.3358401880141,1,1530.8623123168945,645.6974029541016,1843.6371231079102,714.0168070793152,Left,0.9204203486442566
552,18075.488888888893,65.95558166862514,1,1525.8332061767578,643.1750106811523,1843.9914321899414,708.6150097846985,Left,0.8439006805419922
553,18108.233333333334,63.98636897767332,1,1560.7379150390625,638.8569974899292,1847.6721954345703,709.6531534194946,Left,0.6679888367652893
554,18140.977777777778,60.76141010575793,1,1517.3812866210938,643.1345200538635,1844.5999145507812,705.0891709327698,Left,0.9422008395195007
555,18173.733333333334,58.120799059929496,1,1516.9230651855469,644.6588730812073,1844.7302627563477,712.0366287231445,Left,0.9242189526557922
556,18206.477777777778,55.96352526439483,1,1530.9220504760742,642.7490544319153,1846.9563674926758,706.7942833900452,Left,0.9588382840156555
557,18239.222222222226,53.76075205640423,1,1519.1004180908203,643.135871887207,1840.0975799560547,714.8795986175537,Left,0.876969575881958
558,18271.966666666667,52.53250293772033,1,1529.9094772338867,642.2616863250732,1849.5991516113281,710.3493475914001,Left,0.8796512484550476
559,18304.71111111111,50.9965687426557,1,1521.9422149658203,639.5117354393005,1847.3934173583984,709.5423030853271,Left,0.8983045220375061
560,18337.455555555556,49.7198589894242,1,1569.5237731933594,628.6237478256226,1853.2927322387695,712.7127385139465,Left,0.5669481158256531
561,18370.2,47.45837837837838,1,1571.7878723144531,637.2868752479553,1849.5213317871094,713.447105884552,Left,0.7773770093917847
562,18402.944444444445,47.383360752056404,1,1514.985466003418,639.6706080436707,1845.5939483642578,708.9521312713623,Left,0.954863965511322
563,18435.68888888889,183.1334430082256,1,1546.091537475586,644.3977761268616,1846.2872314453125,720.601007938385,Left,0.8177489042282104
564,18468.433333333334,208.69739130434783,1,1523.045997619629,643.3945870399475,1841.4595413208008,705.3197550773621,Left,0.8560029864311218
565,18501.17777777778,206.49767332549942,1,1524.9908065795898,641.0772228240967,1844.0314865112305,707.603645324707,Left,0.9592770338058472
566,18533.933333333334,121.39727379553466,1,1515.670394897461,641.5210747718811,1840.627555847168,713.5428929328918,Left,0.9249895811080933
567,18566.67777777778,58.213913043478264,1,1525.6047821044922,642.5831007957458,1847.5457382202148,706.3645935058594,Left,0.9379094839096069
568,18599.422222222223,58.91666274970623,1,1518.2619094848633,644.159209728241,1844.813232421875,715.2215480804443,Left,0.8353032469749451
569,18632.166666666668,56.28855464159812,1,1513.1451416015625,644.3190479278564,1846.5693283081055,700.0403952598572,Left,0.899569571018219
570,18664.911111111112,48.443995299647476,1,1525.4312896728516,640.4152750968933,1848.460922241211,704.712073802948,Left,0.7814707159996033
571,18697.655555555557,39.540258519388956,1,1510.7495498657227,638.37735414505,1847.4140167236328,708.2608938217163,Left,0.95003741979599
572,18730.399999999998,32.653443008225615,1,1626.097068786621,604.9876499176025,1855.6101608276367,713.76948595047,Right,0.6991211175918579
573,18763.144444444446,29.07055229142186,1,1605.2394104003906,620.2830648422241,1850.573501586914,702.848539352417,Left,0.7350598573684692
574,18795.88888888889,28.689682726204467,1,1550.563087463379,642.585289478302,1846.3838195800781,707.1567034721375,Left,0.8954171538352966
575,18828.633333333335,29.43304347826087,1,1519.8472595214844,635.9087777137756,1837.785987854004,708.178174495697,Left,0.9216780066490173
576,18861.37777777778,29.558213866039953,1,1521.1859893798828,637.3591661453247,1841.253547668457,709.2043447494507,Left,0.9417215585708618
577,18894.13333333333,30.133725029377203,1,1512.5186920166016,635.937488079071,1837.7608108520508,706.3576412200928,Left,0.9256916046142578
578,18926.87777777778,30.13207990599295,1,1576.2569046020508,631.0175228118896,1847.4148178100586,705.8147835731506,Left,0.7549754977226257
579,18959.622222222224,30.756004700352527,1,1524.210205078125,635.9271883964539,1843.8075256347656,703.0089569091797,Left,0.8372797966003418
580,18992.36666666667,30.936733254994124,1,1509.8375701904297,636.3796019554138,1843.6867904663086,704.573929309845,Left,0.9621971845626831
581,19025.111111111113,31.397038777908342,1,1598.6140823364258,628.2612633705139,1852.1030044555664,707.1244525909424,Left,0.7998474836349487
582,19057.855555555554,31.295464159811985,1,1522.371711730957,632.4048900604248,1840.7842254638672,701.8134212493896,Left,0.9419834017753601
583,19090.600000000002,31.42608695652174,1,1534.182014465332,639.1069579124451,1845.1763534545898,711.608612537384,Left,0.8482282161712646
584,19123.344444444447,31.552902467685076,1,1527.952651977539,640.6456017494202,1847.7448654174805,701.4947748184204,Left,0.876583993434906
585,19156.088888888888,31.728648648648647,1,1555.2052688598633,632.3720598220825,1852.5233459472656,699.5936465263367,Left,0.6033260226249695
586,19188.833333333336,31.781950646298473,1,1515.1772689819336,638.0068874359131,1846.6975021362305,701.7180848121643,Left,0.9301652908325195
587,19221.577777777777,31.695276145710928,1,1554.144630432129,635.0337553024292,1853.887596130371,700.1862645149231,Left,0.7322831153869629
588,19254.333333333336,33.45334900117509,1,1520.3132629394531,637.0519137382507,1852.4542236328125,699.9899911880493,Left,0.904900312423706
589,19287.077777777777,37.45443008225617,1,1547.6263046264648,636.1797881126404,1852.9515838623047,700.7327914237976,Left,0.8490538597106934
590,19319.822222222225,43.164465334900115,1,1535.547981262207,636.5114378929138,1850.668716430664,706.1439871788025,Left,0.832963764667511
591,19352.56666666667,51.4641598119859,1,1517.3562240600586,631.5693926811218,1850.1210021972656,704.3071675300598,Left,0.9210563898086548
592,19385.31111111111,62.30129259694477,1,1522.6140975952148,636.8895649909973,1849.7932434082031,705.2006649971008,Left,0.9218185544013977
593,19418.05555555556,69.62039952996474,1,1557.8668212890625,630.8115291595459,1853.8561248779297,699.0542006492615,Left,0.5003215670585632
594,19450.8,68.33048178613396,1,1555.5149459838867,634.0807127952576,1854.0110778808594,704.4164729118347,Right,0.501431405544281
595,19483.544444444444,64.25259694477086,1,1552.3704528808594,633.9921355247498,1849.735450744629,696.9442462921143,Left,0.9592636823654175
596,19516.288888888892,61.02129259694477,1,1544.7481155395508,639.8980379104614,1841.400260925293,709.678966999054,Left,0.8723424673080444
597,19549.033333333333,55.54058754406581,1,1519.5867919921875,633.3186650276184,1845.901222229004,704.7231459617615,Left,0.9357816576957703
598,19581.788888888892,51.86585193889542,1,1529.5008087158203,640.1345443725586,1844.7047424316406,702.0385336875916,Left,0.7124865651130676
599,19614.533333333333,49.044089306698005,1,1609.9004745483398,605.0416588783264,1850.4462432861328,700.4079008102417,Right,0.7476974725723267
600,19647.277777777777,46.70044653349001,1,1577.13134765625,630.3329157829285,1846.3524627685547,703.0095362663269,Left,0.7948674559593201
601,19680.022222222226,43.3848178613396,1,1532.1450805664062,639.1226005554199,1843.5232543945312,700.2174210548401,Left,0.6446656584739685
602,19712.766666666666,41.527990599294945,1,1509.8452377319336,635.3968191146851,1848.6419677734375,701.7115831375122,Left,0.9263664484024048
603,19745.511111111115,38.70594594594595,1,1536.8397903442383,634.2458939552307,1853.0022811889648,701.5170478820801,Left,0.7427141666412354
604,19778.255555555555,37.39116333725029,1,1524.466552734375,630.9512829780579,1845.3401184082031,694.5760273933411,Left,0.9100062847137451
605,19811.0,36.64940070505288,1,1526.6831588745117,630.4791069030762,1843.7603759765625,701.016354560852,Left,0.913459062576294
606,19843.744444444448,36.9364982373678,1,1526.2067413330078,635.3943729400635,1851.573143005371,702.6672649383545,Left,0.8113762736320496
607,19876.48888888889,36.88817861339601,1,1520.5000305175781,627.5263166427612,1852.0008087158203,701.1422038078308,Left,0.9099656343460083
608,19909.244444444448,37.04319623971798,1,1556.1909484863281,632.0368051528931,1847.6596069335938,701.6945886611938,Left,0.927048921585083
609,19941.98888888889,37.01118683901293,1,1514.5067596435547,636.6481018066406,1847.7555084228516,702.2546982765198,Left,0.883804976940155
610,19974.733333333334,37.31393654524089,1,1521.5031051635742,628.3316230773926,1850.2166748046875,698.8581204414368,Left,0.9018723964691162
611,20007.477777777778,37.89903642773208,1,1527.0291137695312,631.0321998596191,1851.6621780395508,698.8764667510986,Left,0.9012531042098999
612,20040.222222222223,38.50223266745006,1,1522.6348114013672,632.6920580863953,1850.2936935424805,698.9793992042542,Left,0.8779057860374451
613,20072.966666666667,39.152385428907166,1,1521.697769165039,627.9502129554749,1851.6608047485352,701.4322686195374,Left,0.9074191451072693
614,20105.71111111111,172.1168507638073,1,1642.0558547973633,583.7184190750122,1853.2184600830078,691.9370555877686,Right,0.8909067511558533
615,20138.455555555556,205.93931844888365,1,1623.8478469848633,587.3894834518433,1853.6412048339844,695.2547121047974,Right,0.8065876960754395
616,20171.2,208.93316098707402,1,1560.2423858642578,621.1254501342773,1857.3543548583984,693.6066341400146,Right,0.6379920840263367
617,20203.944444444445,205.96206815511164,1,1602.8974914550781,599.9101638793945,1851.078872680664,698.159544467926,Right,0.6220827102661133
618,20236.68888888889,44.64611045828437,1,1568.9802932739258,625.5130505561829,1847.5686264038086,693.3975505828857,Left,0.8228132128715515
619,20269.444444444445,42.36427732079906,1,1508.0099487304688,625.8437991142273,1843.047866821289,699.871609210968,Left,0.8975690603256226
620,20302.18888888889,44.258284371327846,1,1545.4301834106445,624.9097466468811,1850.0379180908203,697.3347973823547,Left,0.9049271941184998
621,20334.933333333334,48.44493537015276,1,1512.79541015625,629.3244481086731,1848.013687133789,697.0815539360046,Left,0.9057908058166504
622,20367.67777777778,53.53222091656874,1,1522.5722122192383,624.4203186035156,1846.1741638183594,693.9842462539673,Left,0.9492228031158447
623,20400.422222222223,61.28921269095182,1,1520.6163024902344,630.5279016494751,1848.988151550293,698.6848282814026,Left,0.870147705078125
624,20433.166666666668,62.767661574618096,1,1512.8926849365234,628.1007814407349,1850.452651977539,692.4009919166565,Left,0.9110362529754639
625,20465.911111111112,52.720188014101055,1,1569.6269989013672,618.189332485199,1853.2743072509766,696.1507201194763,Left,0.5161900520324707
626,20498.655555555557,33.5696357226792,1,1543.4351348876953,628.6729288101196,1848.937110900879,691.7868089675903,Left,0.9309455752372742
627,20531.4,26.764935370152763,1,1524.3154907226562,629.4125747680664,1846.8743133544922,696.7067742347717,Left,0.80329430103302
628,20564.144444444446,26.582232667450057,1,1514.4863891601562,623.2735776901245,1848.767967224121,691.8921232223511,Left,0.9592449069023132
629,20596.88888888889,27.47111633372503,1,1543.6180114746094,625.8558368682861,1850.0271606445312,693.8957977294922,Left,0.695955753326416
630,20629.644444444446,27.448695652173914,1,1531.9438934326172,625.2151322364807,1848.2069778442383,694.8514151573181,Left,0.8334531784057617
631,20662.38888888889,28.438777908343127,1,1527.2602844238281,627.3276615142822,1845.6602096557617,695.6240200996399,Left,0.8500352501869202
632,20695.133333333335,28.45132784958872,1,1528.4534454345703,628.7295770645142,1848.7139511108398,691.2991189956665,Left,0.8461301922798157
633,20727.877777777776,29.5745240893067,1,1517.7557373046875,625.2681112289429,1846.8870162963867,696.1899876594543,Left,0.9254284501075745
634,20760.622222222224,29.70876615746181,1,1534.1001892089844,627.1694326400757,1846.494140625,698.9117431640625,Left,0.8861980438232422
635,20793.36666666667,30.608366627497062,1,1510.2845764160156,622.6179385185242,1842.4708557128906,698.159351348877,Left,0.9544600248336792
636,20826.11111111111,30.53391304347826,1,1523.6541366577148,627.6195931434631,1847.0630264282227,696.7934846878052,Left,0.8887106776237488
637,20858.855555555558,30.934383078730903,1,1510.9479904174805,623.5326790809631,1836.316795349121,693.3950400352478,Left,0.9363209009170532
638,20891.600000000002,30.886862514688602,1,1514.0666198730469,627.9007744789124,1839.4874954223633,699.0265202522278,Left,0.9385131597518921
639,20924.344444444447,31.573725029377204,1,1533.900146484375,627.400918006897,1843.0676651000977,692.193775177002,Left,0.9380265474319458
640,20957.08888888889,31.69828437132785,1,1529.1772842407227,631.8763875961304,1842.7813339233398,697.4620628356934,Left,0.7649883031845093
641,20989.844444444447,32.03764982373678,1,1508.3232879638672,623.8149547576904,1837.7649307250977,684.9509739875793,Left,0.9427357912063599
642,21022.58888888889,31.766580493537017,1,1513.9036560058594,622.2633719444275,1839.6671676635742,692.5149965286255,Left,0.9070978760719299
643,21055.333333333332,32.03045828437133,1,1535.8108520507812,622.7346467971802,1850.4645538330078,693.7094378471375,Left,0.7420168519020081
644,21088.07777777778,32.2282491186839,1,1508.8617324829102,621.6914176940918,1844.1784286499023,694.8631310462952,Left,0.9555491805076599
645,21120.822222222225,32.60216216216216,1,1526.7816925048828,626.6146659851074,1846.625862121582,696.4086627960205,Left,0.8705366253852844
646,21153.566666666666,32.63497062279671,1,1512.5256729125977,624.2745780944824,1842.0500564575195,698.7625908851624,Left,0.9364076256752014
647,21186.311111111114,32.663783783783785,1,1506.368408203125,622.4759316444397,1841.4630889892578,697.4406909942627,Left,0.9622373580932617
648,21219.055555555555,32.681786133960046,1,1509.283790588379,623.0590224266052,1840.9119415283203,691.1703085899353,Left,0.9507230520248413
649,21251.8,35.35153936545241,1,1504.1912841796875,627.1839165687561,1838.6247253417969,698.7687063217163,Left,0.8591069579124451
650,21284.555555555555,40.16032902467685,1,1521.807632446289,623.5631275177002,1840.3706359863281,684.2189884185791,Left,0.9415159225463867
651,21317.3,45.211139835487664,1,1502.757225036621,621.5181255340576,1839.4568252563477,700.2115631103516,Left,0.9372512102127075
652,21350.044444444447,51.804042303172736,1,1538.4521484375,629.519305229187,1844.53125,693.1741118431091,Left,0.9577706456184387
653,21382.78888888889,57.81499412455934,1,1508.8196182250977,626.7166972160339,1835.2568435668945,703.5462141036987,Left,0.9082710146903992
654,21415.533333333336,62.21682726204465,1,1505.2486038208008,627.5648760795593,1838.470687866211,697.5940275192261,Left,0.9175215363502502
655,21448.277777777777,68.67605170387779,1,1512.220573425293,627.3098301887512,1839.1484069824219,701.5306949615479,Left,0.9300999045372009
656,21481.022222222222,73.56361927144536,1,1502.7337646484375,623.5328722000122,1835.8065032958984,699.3899703025818,Left,0.9716176390647888
657,21513.76666666667,77.61400705052878,1,1503.6308670043945,623.3962726593018,1834.8649978637695,700.1135873794556,Left,0.8734560012817383
658,21546.51111111111,81.84150411280847,1,1513.4703826904297,629.7182822227478,1841.5560150146484,699.7276067733765,Left,0.8859776854515076
659,21579.255555555555,85.01837837837837,1,1508.0232238769531,624.7751426696777,1840.8306884765625,690.686674118042,Left,0.9243656992912292
660,21612.000000000004,86.86721504112809,1,1510.8662796020508,619.9481320381165,1840.1979446411133,697.366533279419,Left,0.9392952919006348
661,21644.755555555555,88.24488836662749,1,1514.8109436035156,633.2564163208008,1840.261573791504,697.3711037635803,Left,0.7948559522628784
662,21677.500000000004,89.1432197414806,1,1506.1111450195312,626.8152523040771,1836.5985488891602,687.7157306671143,Left,0.9410837888717651
663,21710.244444444445,90.41880141010576,1,1544.3108367919922,626.9085931777954,1838.5267639160156,693.6642479896545,Left,0.8378318548202515
664,21742.98888888889,91.34834312573443,1,1537.2452545166016,625.1036381721497,1839.3225860595703,698.146026134491,Left,0.9032819867134094
665,21775.733333333334,92.44202115158637,1,1547.241554260254,625.7440209388733,1843.029670715332,688.7778210639954,Left,0.5323317050933838
666,21808.477777777778,93.14068155111633,1,1506.803970336914,624.4767093658447,1841.8548202514648,694.725501537323,Left,0.9070352911949158
667,21841.222222222226,93.5911633372503,1,1510.2196884155273,623.8360691070557,1838.2272720336914,691.8567824363708,Left,0.9719735383987427
668,21873.966666666667,93.91294947121034,1,1507.3585510253906,624.2604160308838,1834.335823059082,697.8380656242371,Left,0.8738783001899719
669,21906.71111111111,94.07388954171563,1,1512.3585891723633,621.1287331581116,1837.467041015625,695.5988502502441,Left,0.9637693166732788
670,21939.455555555556,94.98801410105757,1,1514.0667343139648,623.9798140525818,1834.504051208496,689.7414207458496,Left,0.9141076803207397
671,21972.2,170.29428907168037,1,1508.792495727539,621.4072108268738,1833.8507080078125,691.4618539810181,Left,0.9458425641059875
672,22004.955555555556,193.008178613396,1,1514.659423828125,627.7093291282654,1838.796157836914,694.80384349823,Left,0.8531075716018677
673,22037.7,195.71595769682727,1,1515.3044128417969,624.4909358024597,1844.2765045166016,684.7290802001953,Left,0.9251270294189453
674,22070.444444444445,96.46528789659224,1,1509.4546508789062,621.0124754905701,1840.5603790283203,690.164737701416,Left,0.9530287384986877
675,22103.18888888889,91.09960047003526,1,1525.733871459961,626.226110458374,1842.9555130004883,691.901843547821,Left,0.8806394338607788
676,22135.933333333334,77.80921269095182,1,1521.3514709472656,623.0414485931396,1841.3042449951172,686.0680389404297,Left,0.9615248441696167
677,22168.67777777778,54.5178848413631,1,1509.4216918945312,621.5943431854248,1834.679946899414,690.6239104270935,Left,0.9195157885551453
678,22201.422222222223,38.203619271445355,1,1516.7582702636719,622.3419070243835,1842.0655059814453,692.9828596115112,Left,0.9418755769729614
679,22234.166666666668,33.3123384253819,1,1518.7696838378906,620.4087209701538,1838.1914520263672,682.4977827072144,Left,0.8782193064689636
680,22266.911111111112,31.81678025851939,1,1518.5245513916016,623.2834911346436,1839.3811798095703,686.9776296615601,Left,0.816774308681488
681,22299.655555555557,32.050105757931846,1,1517.4564743041992,617.3065209388733,1833.797264099121,689.2897796630859,Left,0.9075837731361389
682,22332.411111111112,32.29607520564042,1,1542.4884796142578,621.8539595603943,1841.1941528320312,685.7869863510132,Left,0.8288947343826294
683,22365.155555555557,33.22928319623972,1,1519.3170547485352,617.6487922668457,1835.808219909668,686.5053248405457,Left,0.8799619674682617
684,22397.9,33.36982373678026,1,1528.0063247680664,621.3085269927979,1845.2033615112305,679.411997795105,Left,0.8942236304283142
685,22430.644444444446,33.33076380728555,1,1542.645378112793,621.7608761787415,1846.4079666137695,678.6398434638977,Left,0.6800121068954468
686,22463.38888888889,33.237508813160986,1,1512.4004745483398,616.1272072792053,1841.2359237670898,686.1263608932495,Left,0.9019603133201599
687,22496.13333333333,33.28136310223267,1,1524.6849060058594,613.2268166542053,1854.6611022949219,685.6044244766235,Left,0.927139937877655
688,22528.87777777778,33.52253819036428,1,1555.261001586914,617.624716758728,1852.334861755371,682.7476787567139,Left,0.6097352504730225
689,22561.622222222224,33.34086956521739,1,1527.8003311157227,614.0776991844177,1851.3375091552734,676.4730477333069,Left,0.8360154628753662
690,22594.36666666667,33.11097532314923,1,1564.3719863891602,608.1284737586975,1855.682144165039,676.9270706176758,Right,0.5691006183624268
691,22627.111111111113,32.91520564042303,1,1563.4394073486328,624.0166354179382,1854.5118713378906,686.395697593689,Left,0.9464944005012512
692,22659.855555555554,32.96051703877791,1,1518.8392639160156,617.680914402008,1842.359848022461,690.7742214202881,Left,0.8524308800697327
693,22692.611111111113,32.93273795534665,1,1514.1854095458984,619.9666714668274,1851.3603973388672,682.1223592758179,Left,0.9221160411834717
694,22725.355555555554,33.003008225616924,1,1515.4744720458984,611.2894463539124,1850.0473022460938,681.042115688324,Left,0.9380183219909668
695,22758.100000000002,32.80319623971798,1,1559.2334747314453,614.9507260322571,1854.737205505371,680.9732365608215,Left,0.5826849937438965
696,22790.844444444447,32.68634547591069,1,1517.0537567138672,618.3601140975952,1851.9094848632812,686.9466662406921,Left,0.858330249786377
697,22823.588888888888,32.65682726204465,1,1528.846206665039,612.5430464744568,1854.80712890625,677.1045470237732,Left,0.8269734978675842
698,22856.333333333336,32.780446533490014,1,1511.2736892700195,610.7597208023071,1849.3927001953125,685.8220052719116,Left,0.9609938859939575
699,22889.07777777778,33.024582843713276,1,1578.196792602539,594.0647077560425,1851.592140197754,681.7401766777039,Right,0.7405589818954468
700,22921.82222222222,33.08949471210341,1,1571.8533325195312,613.1958532333374,1849.6662139892578,685.059506893158,Left,0.8188943862915039
701,22954.56666666667,32.821245593419505,1,1533.8868713378906,615.8092045783997,1841.8447494506836,678.5034370422363,Left,0.7673479318618774
702,22987.31111111111,32.91840188014101,1,1570.846824645996,605.4443764686584,1851.3908386230469,680.1309156417847,Left,0.6246895790100098
703,23020.05555555556,40.1469330199765,1,1528.5784149169922,612.4242782592773,1849.0406799316406,676.6187238693237,Left,0.8488447666168213
704,23052.81111111111,49.48653349001175,1,1543.0747604370117,605.5440902709961,1851.4608764648438,666.2497115135193,Left,0.566389799118042
705,23085.55555555556,63.1944535840188,1,1524.9072647094727,609.0853786468506,1844.0986633300781,680.5212092399597,Left,0.9087510108947754
706,23118.300000000003,71.36578143360752,1,1517.0012283325195,610.2618598937988,1845.494041442871,680.8180332183838,Left,0.9194955229759216
707,23151.044444444444,72.78030552291422,1,1514.6570205688477,613.9550685882568,1848.5477828979492,680.0393772125244,Left,0.8645353317260742
708,23183.788888888892,69.71830787309048,1,1524.4577407836914,607.8256630897522,1848.6630249023438,671.0451793670654,Left,0.8614093065261841
709,23216.533333333333,67.97659224441833,1,1523.8623046875,609.4844269752502,1848.7541198730469,677.8087878227234,Left,0.9035831093788147
710,23249.277777777777,65.8151821386604,1,1511.9343566894531,605.9358644485474,1847.8804779052734,672.8517436981201,Left,0.9665606617927551
711,23282.022222222226,63.37908343125734,1,1612.353744506836,593.4892773628235,1849.372901916504,680.0579810142517,Right,0.6046181321144104
712,23314.766666666666,61.70810810810811,1,1531.2792205810547,608.6754512786865,1845.4898071289062,679.5621800422668,Left,0.9447192549705505
713,23347.511111111115,59.73687426556992,1,1513.3563995361328,605.2119255065918,1836.5348052978516,676.64794921875,Left,0.9246819019317627
714,23380.266666666666,58.48291421856639,1,1511.092758178711,608.1603384017944,1843.3543395996094,677.9993319511414,Left,0.8923576474189758
715,23413.01111111111,57.01767332549941,1,1532.903938293457,605.3462719917297,1845.3776550292969,669.3512678146362,Left,0.8745311498641968
716,23445.755555555555,55.567097532314925,1,1570.1655578613281,605.9289121627808,1848.0300521850586,678.2689905166626,Left,0.6365256309509277
717,23478.5,53.78110458284371,1,1534.5238494873047,605.9066390991211,1841.6043090820312,673.7883067131042,Left,0.6432996988296509
718,23511.244444444448,52.683055229142184,1,1499.0093994140625,606.4991927146912,1840.7988739013672,673.8042712211609,Left,0.9272080659866333
719,23543.98888888889,51.28126909518214,1,1542.187156677246,607.00040102005,1847.8944396972656,678.3078718185425,Left,0.8101790547370911
720,23576.733333333334,50.33720329024677,1,1510.3150177001953,603.8168978691101,1838.6346817016602,675.1671767234802,Left,0.9568072557449341
721,23609.47777777778,49.078542890716804,1,1513.5623931884766,604.3947744369507,1836.5472793579102,673.0900526046753,Left,0.9252501130104065
722,23642.222222222223,48.24733254994125,1,1515.2944564819336,610.0783324241638,1841.1047744750977,679.5222687721252,Left,0.7437249422073364
723,23674.966666666667,48.14862514688602,1,1510.195655822754,607.243537902832,1837.3514556884766,672.1531677246094,Left,0.9460187554359436
724,23707.722222222223,186.4813160987074,1,1527.7813339233398,609.7773885726929,1840.1245880126953,678.2763290405273,Left,0.813767671585083
725,23740.466666666667,208.41076380728555,1,1523.642578125,607.8864312171936,1834.4686889648438,673.8496541976929,Left,0.8682683706283569
726,23773.21111111111,209.21428907168038,1,1522.2846221923828,609.4042181968689,1836.5381240844727,673.25767993927,Left,0.762411892414093
727,23805.955555555556,63.21645123384254,1,1523.668441772461,606.8848514556885,1841.8997955322266,675.3685355186462,Left,0.663672924041748
728,23838.700000000004,62.81866039952997,1,1588.3862686157227,578.7228798866272,1843.4197998046875,670.5133295059204,Right,0.5735201835632324
729,23871.444444444445,63.223548766157464,1,1587.8828430175781,613.6959028244019,1840.579490661621,670.4600286483765,Left,0.9024331569671631
730,23904.18888888889,56.746180963572264,1,1528.2591247558594,611.7696046829224,1832.3526763916016,677.0581340789795,Left,0.8134191632270813
731,23936.933333333334,44.67323149236193,1,1509.1129302978516,604.5111608505249,1843.2483673095703,671.3214039802551,Left,0.8792724013328552
732,23969.67777777778,36.315769682726206,1,1557.7816772460938,603.4491991996765,1845.7296752929688,672.9642033576965,Left,0.8478291034698486
733,24002.422222222223,32.634594594594596,1,1598.309555053711,573.539628982544,1841.3274765014648,674.0396189689636,Right,0.8553214073181152
734,24035.166666666668,32.23464159811986,1,1554.8844909667969,601.7380356788635,1836.646728515625,676.5752077102661,Left,0.8190709352493286
735,24067.922222222223,33.166768507638075,1,1531.797866821289,609.4913792610168,1840.3906631469727,671.9518733024597,Left,0.7181969881057739
736,24100.666666666668,33.30575793184489,1,1500.5303192138672,600.5900716781616,1835.1594543457031,671.6087007522583,Left,0.9550725817680359
737,24133.411111111112,34.592338425381904,1,1528.6184692382812,604.1501569747925,1841.9611358642578,675.3113079071045,Left,0.8024576902389526
738,24166.155555555557,34.60239717978848,1,1516.091537475586,601.0092043876648,1842.729721069336,674.5267939567566,Left,0.9418434500694275
739,24198.9,35.358119858989426,1,1609.504737854004,565.1875519752502,1844.9382019042969,671.3169622421265,Right,0.8288664817810059
740,24231.644444444446,35.3407285546416,1,1511.6619873046875,602.6792979240417,1833.2489776611328,668.7329649925232,Left,0.9555556774139404
741,24264.38888888889,36.5392714453584,1,1528.7683868408203,606.1697316169739,1832.0293807983398,671.3466382026672,Left,0.8102062940597534
742,24297.133333333335,36.59158636897767,1,1549.5455932617188,605.612325668335,1836.5238189697266,671.1955547332764,Left,0.9188262224197388
743,24329.87777777778,37.59943595769683,1,1518.1003189086914,604.5643329620361,1825.0756072998047,668.7556886672974,Left,0.9043261408805847
744,24362.622222222224,37.46712103407756,1,1500.1256561279297,598.9017605781555,1830.8177947998047,673.0729293823242,Left,0.9741701483726501
745,24395.37777777778,38.193560517038776,1,1500.2731704711914,597.8300786018372,1826.4492416381836,672.737545967102,Left,0.9352373480796814
746,24428.122222222224,38.26016451233843,1,1505.8588027954102,604.0521168708801,1829.5141983032227,678.0722665786743,Left,0.9431930780410767
747,24460.86666666667,38.99948296122209,1,1503.3824157714844,605.2280187606812,1832.2843551635742,674.4568204879761,Left,0.9263096451759338
748,24493.61111111111,39.1433607520564,1,1499.0510559082031,604.7944664955139,1832.0568466186523,675.576331615448,Left,0.9388522505760193
749,24526.355555555558,39.31327849588719,1,1498.1161880493164,604.2880439758301,1833.017349243164,679.6785020828247,Left,0.9423831701278687
750,24559.100000000002,38.891891891891895,1,1498.9006805419922,603.1338357925415,1830.3721618652344,677.5926876068115,Left,0.9542463421821594
751,24591.844444444443,39.21301997649824,1,1505.2910614013672,603.8214683532715,1834.9123764038086,674.3414640426636,Left,0.9410430788993835
752,24624.58888888889,39.66157461809636,1,1498.9795303344727,603.323929309845,1834.2646408081055,678.519401550293,Left,0.9616462588310242
753,24657.333333333332,41.67266745005875,1,1510.2445220947266,604.7843599319458,1831.1151123046875,670.9730815887451,Left,0.9132753014564514
754,24690.07777777778,45.384159811985896,1,1498.1846237182617,602.7833247184753,1830.4927825927734,680.2092576026917,Left,0.9691893458366394
755,24722.833333333332,46.89287896592244,1,1516.0762023925781,607.1735644340515,1829.5307922363281,668.1809663772583,Left,0.9205708503723145
756,24755.57777777778,47.016545240893066,1,1499.0233612060547,602.8597354888916,1827.4227905273438,675.5240607261658,Left,0.9098049998283386
757,24788.322222222225,47.57960047003525,1,1507.5645446777344,606.6764116287231,1826.7744827270508,669.3085885047913,Left,0.933096706867218
758,24821.066666666666,49.78392479435958,1,1497.1999740600586,601.9243311882019,1826.576156616211,677.1821808815002,Left,0.9632640480995178
759,24853.811111111114,51.515581668625146,1,1497.5186920166016,601.0885119438171,1827.8057098388672,676.5318846702576,Left,0.9616335034370422
760,24886.55555555556,53.5165687426557,1,1502.10205078125,601.044352054596,1824.9748992919922,672.2716784477234,Left,0.9528442621231079
761,24919.3,57.33964747356052,1,1500.857276916504,602.3813796043396,1820.8973693847656,675.5243825912476,Left,0.9280287623405457
762,24952.044444444447,62.93931844888367,1,1494.5969009399414,604.7936940193176,1826.9144439697266,679.7143578529358,Left,0.94117671251297
763,24984.78888888889,65.0994124559342,1,1496.9186782836914,599.7839283943176,1824.810791015625,660.0655245780945,Left,0.9566028714179993
764,25017.533333333336,68.14914218566392,1,1502.4478912353516,601.1503744125366,1821.2960815429688,671.9150519371033,Left,0.976926863193512
765,25050.27777777778,71.16813160987074,1,1496.5129852294922,603.5997033119202,1820.7043075561523,665.8830428123474,Left,0.9456403255462646
766,25083.033333333333,71.93151586368978,1,1501.102066040039,605.8455491065979,1825.250587463379,678.1119847297668,Left,0.9374884963035583
767,25115.77777777778,75.20526439482961,1,1518.6966705322266,603.4935522079468,1827.7716064453125,669.1752076148987,Left,0.9721285700798035
768,25148.522222222222,79.69217391304348,1,1507.7509689331055,605.1423382759094,1819.4557571411133,667.2460770606995,Left,0.9555056691169739
769,25181.26666666667,82.42303172737955,1,1506.6074752807617,599.0711903572083,1822.8158569335938,667.7602887153625,Left,0.9398952722549438
770,25214.01111111111,85.1536545240893,1,1504.4361877441406,596.5462231636047,1822.4063873291016,669.5007419586182,Left,0.9476677775382996
771,25246.755555555555,87.45678025851939,1,1497.2962188720703,597.6327753067017,1821.6597747802734,674.727509021759,Left,0.9462685585021973
772,25279.500000000004,89.42857814336075,1,1497.2069549560547,600.838873386383,1824.9895477294922,666.8756103515625,Left,0.9513148069381714
773,25312.244444444445,90.23863689776734,1,1495.8342361450195,599.4710111618042,1823.4730911254883,671.9641041755676,Left,0.9467775225639343
774,25344.98888888889,90.96615746180963,1,1503.3207321166992,601.9866442680359,1824.4614028930664,673.4177756309509,Left,0.9697830080986023
775,25377.733333333334,91.97184488836663,1,1492.1563339233398,600.2506327629089,1825.8956909179688,673.1248140335083,Left,0.8910983800888062
776,25410.477777777778,92.75111633372502,1,1506.7333602905273,600.669379234314,1827.4456787109375,663.7259030342102,Left,0.9388990998268127
777,25443.233333333334,93.58989424206815,1,1501.6122436523438,600.72016954422,1825.8298873901367,676.5573120117188,Left,0.8547407388687134
778,25475.977777777778,94.3405875440658,1,1657.5820541381836,530.6793022155762,1832.4921798706055,662.4117922782898,Right,0.7557284832000732
779,25508.722222222226,95.50632197414807,1,1515.7042694091797,605.402147769928,1828.1046295166016,665.9562349319458,Left,0.8977643251419067
780,25541.466666666667,96.50430082256169,1,1490.507926940918,598.6339044570923,1825.2399444580078,678.6870288848877,Left,0.9368853569030762
781,25574.21111111111,185.68253819036428,1,1495.4318618774414,604.3999242782593,1826.766128540039,669.0810942649841,Left,0.9179658889770508
782,25606.95555555556,201.7854759106933,1,1516.4878463745117,604.8347640037537,1825.7183074951172,671.5280413627625,Left,0.939115583896637
783,25639.7,201.7870740305523,1,1495.0064849853516,600.6736278533936,1823.2184600830078,675.3910660743713,Left,0.8852536678314209
784,25672.444444444445,200.8124089306698,1,1542.9230117797852,590.4224181175232,1833.0203247070312,663.4361600875854,Left,0.5776124596595764
785,25705.18888888889,94.09997649823737,1,1539.2253112792969,606.7918968200684,1829.523582458496,662.1910572052002,Left,0.9233168959617615
786,25737.944444444445,88.75482961222092,1,1511.2456512451172,607.3597311973572,1818.456802368164,673.7365508079529,Left,0.8097095489501953
787,25770.68888888889,77.72517038777909,1,1486.4780044555664,598.2953667640686,1823.5639572143555,667.8537583351135,Left,0.9516726136207581
788,25803.433333333334,59.36883666274971,1,1531.505126953125,604.1103100776672,1833.0522537231445,675.6345891952515,Left,0.9462648630142212
789,25836.17777777778,41.59478260869565,1,1496.2401580810547,600.4324865341187,1822.704963684082,659.4012594223022,Left,0.8803988099098206
790,25868.922222222223,36.74956521739131,1,1492.5599670410156,597.4366307258606,1825.1216125488281,670.6745839118958,Left,0.912067174911499
791,25901.666666666668,36.98994124559342,1,1493.8748931884766,595.7929944992065,1829.8402404785156,667.808825969696,Left,0.9541642069816589
792,25934.411111111112,37.20376028202115,1,1520.4849243164062,596.6409158706665,1834.5363235473633,669.6500873565674,Left,0.8034116625785828
793,25967.155555555557,38.55200940070505,1,1494.9071502685547,595.6496357917786,1826.5553283691406,664.525351524353,Left,0.9362554550170898
794,25999.9,38.52291421856639,1,1499.0730285644531,592.4015021324158,1833.6085510253906,670.7974076271057,Left,0.9359332919120789
795,26032.644444444446,39.71520564042303,1,1503.3940887451172,593.1038117408752,1834.906997680664,664.8828148841858,Left,0.9523858428001404
796,26065.38888888889,40.09254994124559,1,1497.9733657836914,593.9220571517944,1829.011116027832,665.9075689315796,Left,0.8981986045837402
797,26098.144444444446,40.702608695652174,1,1489.822998046875,594.5845198631287,1830.780143737793,664.5072627067566,Left,0.9248202443122864
798,26130.88888888889,40.71351351351351,1,1493.144645690918,590.8026695251465,1835.8242416381836,664.4548630714417,Left,0.9568617939949036
799,26163.633333333335,40.900681551116335,1,1501.9603729248047,594.8467111587524,1828.4486389160156,670.2667808532715,Left,0.8884117603302002
800,26196.37777777778,41.064535840188015,1,1513.564567565918,590.7644319534302,1835.4629516601562,663.0989098548889,Left,0.9167606234550476
801,26229.122222222224,41.54618096357227,1,1515.2984619140625,594.7799563407898,1833.4893035888672,662.318902015686,Left,0.8290561437606812
802,26261.866666666665,41.71398354876616,1,1558.0293273925781,578.8134527206421,1837.1966171264648,658.3435463905334,Right,0.5784135460853577
803,26294.611111111113,41.796004700352526,1,1531.7438507080078,598.7683153152466,1829.2955017089844,653.38791847229,Left,0.9057143330574036
804,26327.355555555558,41.63844888366628,1,1498.3378601074219,589.7849321365356,1822.6231384277344,660.2726125717163,Left,0.9523435235023499
805,26360.100000000002,41.95727379553467,1,1503.768653869629,593.3828687667847,1825.3738403320312,664.5872783660889,Left,0.9438976645469666
806,26392.844444444447,42.096122209165685,1,1494.0227508544922,593.533308506012,1825.3557586669922,654.6005773544312,Left,0.8970031142234802
807,26425.588888888888,42.5421856639248,1,1514.5450973510742,591.8319940567017,1834.7209167480469,656.7184495925903,Left,0.838019847869873
808,26458.344444444447,42.62397179788484,1,1493.4653091430664,588.0908274650574,1825.5531692504883,651.9676566123962,Left,0.948617696762085
809,26491.088888888888,42.57569917743831,1,1500.5961227416992,586.5205764770508,1828.8569641113281,656.2182068824768,Left,0.9516212344169617
810,26523.833333333336,42.182749706227966,1,1506.800765991211,593.3040118217468,1832.3316192626953,662.1497941017151,Left,0.8000216484069824
811,26556.57777777778,42.58660399529965,1,1491.986961364746,585.0292468070984,1831.8220138549805,661.1413264274597,Left,0.9157679677009583
812,26589.32222222222,42.74900117508813,1,1504.1411590576172,590.1602268218994,1840.6957626342773,661.409375667572,Left,0.812373161315918
813,26622.06666666667,42.65931844888367,1,1530.0557327270508,589.342303276062,1839.0983963012695,656.0772943496704,Left,0.886354923248291
814,26654.81111111111,42.44940070505288,1,1499.619255065918,589.5708274841309,1833.5001754760742,657.1431827545166,Left,0.9028038382530212
815,26687.55555555556,41.76611045828437,1,1502.5149536132812,586.2773108482361,1839.7876739501953,653.0401110649109,Left,0.9204052686691284
816,26720.300000000003,41.64789659224442,1,1495.491828918457,583.9880132675171,1837.1578216552734,661.8908214569092,Left,0.9055370688438416
817,26753.055555555555,41.76258519388954,1,1494.2912292480469,583.6006808280945,1836.8856811523438,656.1674809455872,Left,0.9566887021064758
818,26785.800000000003,42.060493537015276,1,1507.1359634399414,588.6301445960999,1835.0620651245117,661.6269564628601,Left,0.8849629163742065
819,26818.544444444444,42.17334900117509,1,1518.1743621826172,588.1047964096069,1837.5345611572266,655.4764366149902,Left,0.9696981310844421
820,26851.288888888892,44.752432432432435,1,1497.2926712036133,585.169837474823,1834.932861328125,659.695508480072,Left,0.8778867721557617
821,26884.033333333336,56.23811985898942,1,1503.2622528076172,582.8060603141785,1831.3508605957031,655.2971577644348,Left,0.9745391607284546
822,26916.777777777777,76.98980023501763,1,1495.6575393676758,589.1141653060913,1834.87060546875,656.8448138237,Left,0.8515137434005737
823,26949.522222222226,88.94839012925969,1,1501.4520263671875,581.7025136947632,1830.956039428711,649.3753552436829,Left,0.970162570476532
824,26982.266666666666,94.94594594594595,1,1503.7703704833984,589.5654845237732,1833.328514099121,656.537754535675,Left,0.8005597591400146
825,27015.01111111111,97.76611045828437,1,1506.284065246582,589.6019196510315,1838.0113220214844,645.2294111251831,Left,0.8958622217178345
826,27047.75555555556,99.3310928319624,1,1500.8654022216797,583.4992289543152,1838.8628768920898,657.267165184021,Left,0.9221718311309814
827,27080.5,99.65292596944771,1,1502.4474334716797,584.7969245910645,1837.4537658691406,650.6471085548401,Left,0.9294728636741638
828,27113.25555555556,100.67294947121034,1,1503.4796905517578,581.8474817276001,1840.1504516601562,655.4401302337646,Left,0.9222968816757202
829,27146.0,101.67050528789659,1,1508.0268859863281,584.191689491272,1840.0332641601562,650.5074191093445,Left,0.9332185983657837
830,27178.744444444448,102.61936545240893,1,1618.011474609375,544.638204574585,1843.385124206543,651.1405277252197,Right,0.7818411588668823
831,27211.48888888889,103.01955346650999,1,1518.273582458496,583.692090511322,1835.002670288086,644.7766757011414,Left,0.9649592638015747
832,27244.233333333334,103.63012925969447,1,1517.3303604125977,590.5880498886108,1837.5667190551758,656.0919070243835,Left,0.6859253644943237
833,27276.97777777778,104.53019976498237,1,1540.183982849121,585.8320426940918,1836.74560546875,653.8510823249817,Left,0.9814172387123108
834,27309.722222222223,105.24296122209165,1,1508.9863586425781,593.7919592857361,1838.7225723266602,656.8609714508057,Left,0.6976327896118164
835,27342.466666666667,105.4896357226792,1,1500.8979034423828,583.1007599830627,1840.4386138916016,654.7179293632507,Left,0.9092919230461121
836,27375.21111111111,105.52164512338426,1,1514.5304489135742,580.5949115753174,1843.883056640625,656.0645484924316,Left,0.9390230774879456
837,27407.955555555556,106.14265569917744,1,1512.176284790039,581.5624380111694,1844.1268157958984,656.686520576477,Left,0.907809853553772
838,27440.7,188.54472385428906,1,1510.063247680664,582.7447128295898,1848.0277633666992,647.7505803108215,Left,0.8559495210647583
839,27473.455555555556,196.89866039952997,1,1505.3423309326172,579.6410965919495,1846.1137390136719,653.8418769836426,Left,0.9271602034568787
840,27506.2,198.18801410105758,1,1523.3098983764648,582.0556640625,1845.3568267822266,651.7377805709839,Left,0.861869215965271
841,27538.944444444445,105.80925969447709,1,1509.9908065795898,581.5329551696777,1846.600227355957,659.7396039962769,Left,0.929764449596405
842,27571.68888888889,103.60949471210341,1,1502.8079223632812,582.5850033760071,1844.304313659668,652.9107213020325,Left,0.9159706830978394
843,27604.433333333338,101.8752526439483,1,1514.0190124511719,582.4304437637329,1851.661033630371,653.4498453140259,Left,0.9390756487846375
844,27637.17777777778,93.99398354876615,1,1524.0607452392578,583.5169959068298,1847.1234512329102,653.3347463607788,Left,0.6670939922332764
845,27669.922222222223,78.33339600470035,1,1507.4267578125,583.7712049484253,1848.0180358886719,652.3500323295593,Left,0.930033802986145
846,27702.666666666668,55.34307873090482,1,1522.8649520874023,581.3796830177307,1848.6058044433594,652.5853157043457,Left,0.9148944020271301
847,27735.411111111112,44.232244418331376,1,1509.1052627563477,581.5361738204956,1847.1047973632812,647.6646423339844,Left,0.8803212642669678
848,27768.155555555557,39.92770857814336,1,1511.1935806274414,580.9470963478088,1847.3007202148438,646.2054991722107,Left,0.9327779412269592
849,27800.911111111112,38.34509988249118,1,1509.906120300293,584.2587661743164,1850.7980346679688,650.3708839416504,Left,0.8821037411689758
850,27833.655555555557,37.53894242068155,1,1517.098731994629,580.4071354866028,1852.5707244873047,648.8798761367798,Left,0.923294723033905
851,27866.4,37.9716098707403,1,1511.9107818603516,580.4610800743103,1852.236442565918,649.9765992164612,Left,0.9312270283699036
852,27899.144444444446,37.907873090481786,1,1565.584487915039,577.5485229492188,1855.3974151611328,650.6116390228271,Right,0.5711532831192017
853,27931.888888888887,37.798871915393654,1,1515.7086181640625,586.6975378990173,1850.5173110961914,649.4750690460205,Left,0.8714615702629089
854,27964.633333333335,37.66674500587544,1,1510.9067916870117,583.2607913017273,1848.933448791504,643.0183911323547,Left,0.9118977785110474
855,27997.37777777778,38.056968272620445,1,1513.0459213256836,581.7576169967651,1852.401237487793,649.2146801948547,Left,0.8738186359405518
856,28030.122222222224,38.21170387779083,1,1516.8618392944336,579.9258828163147,1856.447982788086,648.13392162323,Left,0.9432202577590942
857,28062.86666666667,38.15675675675676,1,1510.396499633789,581.3006329536438,1853.008689880371,650.5684447288513,Left,0.9188790321350098
858,28095.61111111111,37.87572267920094,1,1543.7015533447266,580.0758719444275,1859.091682434082,647.0432496070862,Left,0.7693841457366943
859,28128.36666666667,37.85048178613396,1,1577.1842193603516,567.4437618255615,1858.267707824707,646.8541216850281,Right,0.6494645476341248
860,28161.111111111113,38.006251468860164,1,1554.217872619629,584.9852156639099,1853.297996520996,650.8751177787781,Left,0.8843883872032166
861,28193.855555555558,38.093678025851936,1,1509.8973083496094,582.5755405426025,1843.1596755981445,648.7350368499756,Left,0.8687739372253418
862,28226.600000000002,38.102843713278496,1,1526.1974716186523,577.3573994636536,1850.844955444336,641.68297290802,Left,0.9481686353683472
863,28259.344444444443,37.8958401880141,1,1515.4496383666992,584.3998718261719,1850.2070617675781,651.8657541275024,Left,0.82478928565979
864,28292.08888888889,37.826368977673326,1,1514.4312286376953,579.9938607215881,1855.8356094360352,649.7463369369507,Left,0.9480642080307007
865,28324.833333333336,37.731750881316096,1,1527.909164428711,584.6333527565002,1857.425765991211,652.6541948318481,Left,0.858638346195221
866,28357.57777777778,37.89974148061105,1,1516.4736557006836,582.5604128837585,1853.0442810058594,648.5979223251343,Left,0.9013228416442871
867,28390.322222222225,37.8862044653349,1,1522.917251586914,578.5800361633301,1855.480728149414,648.304123878479,Left,0.9497935771942139
868,28423.066666666666,37.96286721504113,1,1515.644645690918,585.1767253875732,1853.2769393920898,655.2840256690979,Left,0.8512451648712158
869,28455.822222222225,37.5206580493537,1,1519.7998809814453,580.0163912773132,1856.8806838989258,647.1749567985535,Left,0.9131402373313904
870,28488.566666666666,37.19623971797885,1,1534.2366027832031,580.2492928504944,1855.2295303344727,655.4181146621704,Left,0.9024272561073303
871,28521.311111111114,37.69645123384254,1,1526.7359161376953,583.1648111343384,1857.4746322631836,653.1599736213684,Left,0.8536909222602844
872,28554.05555555556,37.87905992949471,1,1606.512794494629,550.0910496711731,1857.8327178955078,647.8029799461365,Right,0.7953289747238159
873,28586.8,38.10317273795535,1,1542.9193496704102,583.9911675453186,1849.9005889892578,643.5348558425903,Left,0.9150891900062561
874,28619.544444444447,38.33551116333725,1,1520.3958892822266,587.0208835601807,1853.499526977539,651.7974543571472,Left,0.8536207675933838
875,28652.28888888889,40.943783783783786,1,1523.6210632324219,581.911404132843,1858.1061172485352,643.036093711853,Left,0.8969002366065979
876,28685.033333333333,54.170434782608694,1,1517.1844482421875,579.8512744903564,1854.2808151245117,647.1465682983398,Left,0.9267873167991638
877,28717.77777777778,78.27487661574618,1,1533.9785385131836,579.7722244262695,1855.0166702270508,648.9121270179749,Left,0.9253122806549072
878,28750.522222222222,88.19732079905992,1,1518.5546493530273,582.6318669319153,1853.7556457519531,649.5586895942688,Left,0.8956925272941589
879,28783.26666666667,97.76672150411281,1,1520.0372314453125,578.4655165672302,1856.4757919311523,649.6407651901245,Left,0.9451326727867126
880,28816.022222222222,101.48658049353702,1,1515.2101135253906,583.2342052459717,1854.4330215454102,652.8218221664429,Left,0.9222657680511475
881,28848.76666666667,102.66773207990599,1,1516.2153625488281,578.191351890564,1862.1141815185547,647.7593994140625,Left,0.9275073409080505
882,28881.511111111115,104.43069330199765,1,1528.4479522705078,579.07963514328,1856.7427825927734,647.5482559204102,Left,0.9547152519226074
883,28914.255555555555,106.54552291421857,1,1539.4311904907227,587.0987105369568,1863.244400024414,655.1893973350525,Left,0.6203513145446777
884,28947.000000000004,108.5268625146886,1,1531.0307693481445,579.7390723228455,1859.7237396240234,645.3548741340637,Left,0.9409350156784058
885,28979.744444444445,109.86242068155111,1,1527.2124481201172,586.719810962677,1862.5773239135742,652.1342539787292,Left,0.7403584122657776
886,29012.48888888889,110.5853349001175,1,1535.7362365722656,579.9254322052002,1865.3914260864258,648.079526424408,Left,0.8071051836013794
887,29045.233333333337,111.18862514688601,1,1528.6763763427734,580.9956979751587,1860.0,648.7070345878601,Left,0.7893770933151245
888,29077.977777777778,111.95929494712104,1,1589.8879623413086,561.7744302749634,1860.823745727539,642.5266456604004,Right,0.6670213937759399
889,29110.722222222223,112.22989424206816,1,1577.2721099853516,581.2812566757202,1859.5917892456055,646.1122870445251,Left,0.7562172412872314
890,29143.477777777778,111.33654524089307,1,1528.0467224121094,583.3928203582764,1855.2447509765625,653.2956719398499,Left,0.8070238828659058
891,29176.222222222223,110.01851938895418,1,1519.5906829833984,581.2949681282043,1855.6721878051758,639.7306036949158,Left,0.9371820688247681
892,29208.966666666667,108.52827262044653,1,1523.1136322021484,585.783634185791,1855.1015853881836,650.9692311286926,Left,0.7267416715621948
893,29241.71111111111,106.3275205640423,1,1515.706443786621,578.7656879425049,1851.5008163452148,644.3348836898804,Left,0.972989559173584
894,29274.45555555556,102.92437132784958,1,1513.7579727172852,577.3127889633179,1851.7559051513672,650.4162669181824,Left,0.9259010553359985
895,29307.2,100.39553466509989,1,1537.151985168457,578.935375213623,1858.7482452392578,647.5526332855225,Left,0.9282194972038269
896,29339.944444444445,98.27793184488837,1,1519.365577697754,580.5980658531189,1855.5049896240234,648.8839960098267,Left,0.9209538698196411
897,29372.68888888889,99.04009400705053,1,1528.0018615722656,580.8912205696106,1854.6427917480469,642.9444265365601,Left,0.9169274568557739
898,29405.433333333334,102.76535840188014,1,1522.0405197143555,581.3505864143372,1856.9174194335938,650.6273460388184,Left,0.86963951587677
899,29438.17777777778,105.94448883666276,1,1514.7676849365234,576.5441751480103,1855.2644348144531,642.0057392120361,Left,0.9570035338401794
900,29470.933333333334,107.64070505287897,1,1525.297737121582,576.1065673828125,1853.2588577270508,640.6965208053589,Left,0.8954280614852905
901,29503.67777777778,108.79332549941246,1,1536.7951583862305,575.4587817192078,1861.5386581420898,646.821870803833,Left,0.856076717376709
902,29536.422222222223,109.15938895417156,1,1518.270034790039,575.010359287262,1860.651741027832,645.2553534507751,Left,0.9547137022018433
903,29569.166666666668,109.30801410105758,1,1531.1161422729492,576.6501331329346,1857.8923416137695,646.3696503639221,Left,0.906136155128479
904,29601.911111111112,108.99454759106933,1,1528.6000442504883,580.371344089508,1861.1732482910156,647.453498840332,Left,0.895137369632721
905,29634.655555555557,107.30871915393655,1,1521.2287902832031,574.5370888710022,1856.3148880004883,649.0270972251892,Left,0.9490927457809448
906,29667.4,101.91323149236193,1,1521.5082550048828,575.0158309936523,1855.3356170654297,638.6425065994263,Left,0.9393746852874756
907,29700.144444444446,83.49936545240892,1,1537.8142547607422,578.5258984565735,1852.979736328125,646.786208152771,Left,0.9399855732917786
908,29732.88888888889,55.60982373678026,1,1532.4334716796875,578.576238155365,1851.624412536621,643.6252355575562,Left,0.8060203790664673
909,29765.633333333335,50.376921269095185,1,1514.2284393310547,574.8014044761658,1854.0692138671875,648.6986660957336,Left,0.9306368231773376
910,29798.37777777778,47.60611045828437,1,1577.0307540893555,560.7554697990417,1862.9671096801758,639.9733543395996,Right,0.7729736566543579
911,29831.133333333335,46.62162162162162,1,1561.494026184082,584.4924402236938,1852.467269897461,642.0282697677612,Left,0.9674603939056396
912,29863.87777777778,45.22486486486486,1,1544.347801208496,580.0881671905518,1845.7372283935547,648.875949382782,Left,0.8872358202934265
913,29896.622222222224,43.91623971797885,1,1523.9673614501953,579.0150046348572,1847.3089599609375,644.0953516960144,Left,0.8447345495223999
914,29929.366666666665,42.98434782608695,1,1528.824234008789,574.8306941986084,1855.1419830322266,647.4209260940552,Left,0.9252941608428955
915,29962.111111111113,43.182796709753234,1,1516.6969299316406,579.5296669006348,1855.1424407958984,640.611355304718,Left,0.9176060557365417
916,29994.855555555558,42.9213160987074,1,1516.3815307617188,575.9331464767456,1856.6022491455078,647.6363182067871,Left,0.9074355363845825
917,30027.600000000002,43.181151586368976,1,1522.1290969848633,573.2886385917664,1863.1503295898438,646.4112997055054,Left,0.9322972297668457
918,30060.344444444447,43.241081081081084,1,1580.508041381836,570.4518485069275,1859.5133972167969,645.4790496826172,Left,0.6407369375228882
919,30093.08888888889,43.55139835487662,1,1549.0813064575195,575.0440907478333,1860.5194473266602,645.1344609260559,Left,0.7189637422561646
920,30125.833333333336,43.673419506462984,1,1551.2452697753906,577.2123026847839,1861.212501525879,644.4780492782593,Left,0.7924759387969971
921,30158.58888888889,43.400517038777906,1,1532.1920013427734,576.6516137123108,1858.6053085327148,644.6853947639465,Left,0.9449949264526367
922,30191.333333333336,43.10509988249119,1,1520.1627731323242,575.8703184127808,1852.5335311889648,648.4418177604675,Left,0.9256130456924438
923,30224.07777777778,42.179929494712106,1,1520.3374099731445,573.4594202041626,1857.6532745361328,644.6098208427429,Left,0.9391352534294128
924,30256.82222222222,41.428531139835485,1,1527.7169036865234,575.6746244430542,1860.0322723388672,645.3017663955688,Left,0.959385871887207
925,30289.56666666667,41.46900117508813,1,1522.0257568359375,575.5902314186096,1853.0374145507812,649.3656992912292,Left,0.9216678738594055
926,30322.311111111114,41.25753231492362,1,1527.1828079223633,577.3836636543274,1857.9611206054688,646.1035966873169,Left,0.9055697321891785
927,30355.055555555555,41.62321974148061,1,1524.9126434326172,577.3338389396667,1853.2373428344727,641.4791035652161,Left,0.955139696598053
928,30387.800000000003,41.297391304347826,1,1517.0440292358398,575.7715702056885,1850.1761627197266,648.5461664199829,Left,0.9197493195533752
929,30420.544444444444,41.923055229142186,1,1535.0517654418945,577.4470067024231,1856.1963272094727,649.7101593017578,Left,0.9609643816947937
930,30453.288888888892,41.71017626321974,1,1521.6327667236328,574.7417950630188,1850.8280181884766,651.827130317688,Left,0.9420387744903564
931,30486.044444444444,42.20258519388954,1,1518.8074493408203,582.9139494895935,1855.5623245239258,649.4795107841492,Left,0.9397692084312439
932,30518.788888888892,42.28756756756757,1,1521.9335174560547,578.9775395393372,1853.3502960205078,645.2339816093445,Left,0.9636363387107849
933,30551.533333333336,42.0586133960047,1,1522.2862243652344,581.0200309753418,1849.1656494140625,648.2393002510071,Left,0.8790691494941711
934,30584.277777777777,41.851985898942424,1,1523.5082244873047,576.7255783081055,1852.833137512207,650.1824641227722,Left,0.9691166281700134
935,30617.022222222226,41.902044653349,1,1522.8425216674805,579.6669101715088,1849.782485961914,651.3673138618469,Left,0.8764843940734863
936,30649.766666666666,42.22491186839013,1,1520.2927780151367,579.4671607017517,1848.2432556152344,644.977777004242,Left,0.9426762461662292
937,30682.51111111111,42.87581668625147,1,1519.083366394043,577.4596238136292,1849.6394348144531,645.5078887939453,Left,0.9261522889137268
938,30715.25555555556,42.93363102232667,1,1522.7609252929688,574.9199795722961,1855.4244232177734,649.2336058616638,Left,0.9479185938835144
939,30748.0,43.22119858989424,1,1518.5401153564453,576.8191123008728,1854.1195678710938,651.7867040634155,Left,0.967087984085083
940,30780.744444444445,43.14246768507638,1,1521.2092208862305,580.080828666687,1855.8350372314453,653.0607104301453,Left,0.9503130316734314
941,30813.488888888893,43.76991774383079,1,1525.2881240844727,582.96879529953,1860.000114440918,648.7200379371643,Left,0.8364543318748474
942,30846.244444444445,43.84061104582844,1,1524.0739059448242,578.4436941146851,1858.5560989379883,641.5101313591003,Left,0.9357084631919861
943,30878.988888888893,43.95403055229142,1,1567.9529571533203,572.9896903038025,1861.4743423461914,646.1567687988281,Right,0.5112269520759583
944,30911.733333333334,43.85593419506463,1,1532.1842193603516,577.5344252586365,1857.9231262207031,647.4155187606812,Left,0.9721948504447937
945,30944.47777777778,43.43182138660399,1,1522.0390319824219,580.8789896965027,1858.3671569824219,653.5879898071289,Left,0.8942620754241943
946,30977.222222222223,43.73748531139835,1,1522.5370788574219,575.3045439720154,1853.7686920166016,645.198962688446,Left,0.9857166409492493
947,31009.966666666667,48.24564042303173,1,1513.8696670532227,577.3208999633789,1853.9123153686523,656.1338138580322,Left,0.9419483542442322
948,31042.711111111115,61.95290246768508,1,1521.5750885009766,578.6418342590332,1853.1966018676758,645.3564190864563,Left,0.9481495022773743
949,31075.455555555556,69.5939365452409,1,1529.6429443359375,578.7335658073425,1852.6419067382812,648.9611148834229,Left,0.8819571733474731
950,31108.2,78.56150411280846,1,1522.3968887329102,576.9456052780151,1853.2930755615234,647.6944470405579,Left,0.958794891834259
951,31140.955555555556,86.1675205640423,1,1520.2281188964844,577.877082824707,1853.2463836669922,650.5874347686768,Left,0.9517475962638855
952,31173.7,90.63351351351352,1,1520.288200378418,576.0772132873535,1851.9018173217773,650.3748750686646,Left,0.9323220252990723
953,31206.444444444445,95.78735605170388,1,1521.496467590332,578.0582284927368,1852.7110290527344,649.8394846916199,Left,0.932577908039093
954,31239.18888888889,100.28972972972973,1,1523.7261199951172,575.8342695236206,1854.3777465820312,644.3332099914551,Left,0.9440438151359558
955,31271.933333333334,101.63600470035253,1,1530.2039337158203,577.0366930961609,1854.0028381347656,649.9003171920776,Left,0.959994912147522
956,31304.67777777778,103.22058754406581,1,1534.8796463012695,577.9634070396423,1854.6329498291016,646.808352470398,Left,0.9011389017105103
957,31337.422222222223,103.39938895417156,1,1529.1849517822266,577.3295259475708,1855.4782104492188,647.2149968147278,Left,0.9422765970230103
958,31370.166666666668,104.77363102232667,1,1524.678726196289,579.5129942893982,1854.4438934326172,648.4446501731873,Left,0.8839236497879028
959,31402.911111111112,105.26364277320799,1,1530.695571899414,580.8387565612793,1856.249885559082,645.937192440033,Left,0.8948507308959961
960,31435.655555555557,105.65048178613397,1,1526.9986724853516,578.0449676513672,1857.5559997558594,640.7733821868896,Left,0.9229187965393066
961,31468.4,105.7108813160987,1,1527.0716857910156,579.9224710464478,1856.8881225585938,651.8446397781372,Left,0.9559382200241089
962,31501.155555555557,106.17522914218566,1,1517.1342086791992,577.6732778549194,1857.1549987792969,651.4817690849304,Left,0.9341776967048645
963,31533.9,106.06712103407756,1,1545.479393005371,578.1291031837463,1860.6804656982422,645.3695511817932,Left,0.9408745765686035
964,31566.644444444446,107.2032902467685,1,1531.4521408081055,575.7186555862427,1857.1680450439453,653.6723184585571,Left,0.9328402280807495
965,31599.38888888889,196.78519388954172,1,1526.5591049194336,574.2612504959106,1852.837257385254,645.9807729721069,Left,0.953893780708313
966,31632.133333333335,201.4273090481786,1,1535.4295349121094,577.4155926704407,1856.4565658569336,656.8489980697632,Left,0.9532043933868408
967,31664.87777777778,198.71638072855464,1,1523.8239669799805,575.2095937728882,1855.2151107788086,643.4796237945557,Left,0.9680380821228027
968,31697.622222222224,197.9087661574618,1,1538.1909942626953,575.7324957847595,1851.046142578125,644.4638228416443,Left,0.9695411324501038
969,31730.36666666667,101.65880141010575,1,1527.7908325195312,579.6238446235657,1851.5872192382812,644.1578578948975,Left,0.9178876876831055
970,31763.111111111113,99.05720329024678,1,1527.374610900879,578.8234305381775,1852.6845932006836,645.1006007194519,Left,0.9426786303520203
971,31795.855555555558,94.29607520564042,1,1530.8591079711914,573.958375453949,1853.634910583496,643.3142495155334,Left,0.9731950163841248
972,31828.611111111113,82.49725029377203,1,1535.25146484375,575.9717059135437,1853.3222579956055,646.2904715538025,Left,0.9472718834877014
973,31861.355555555558,66.19482961222091,1,1526.565170288086,573.6440420150757,1851.9044494628906,644.7167444229126,Left,0.9583016037940979
974,31894.100000000002,51.601457109283196,1,1522.7138900756836,573.4283924102783,1857.538948059082,647.8164982795715,Left,0.9559738039970398
975,31926.844444444443,46.93212690951822,1,1520.2825927734375,574.4385981559753,1858.0569076538086,647.2131943702698,Left,0.9604513049125671
976,31959.58888888889,43.06989424206815,1,1520.9503555297852,574.8129916191101,1862.523536682129,650.3672790527344,Left,0.9450424909591675
977,31992.333333333336,40.237602820211514,1,1533.445930480957,582.0389914512634,1866.9929122924805,640.6315040588379,Left,0.8674402236938477
978,32025.07777777778,38.7013866039953,1,1519.1577529907227,575.3741312026978,1863.6225128173828,638.5752367973328,Left,0.9435436129570007
979,32057.82222222222,38.554359576968274,1,1543.4765625,578.0595803260803,1865.6587600708008,645.075044631958,Left,0.8974025249481201
980,32090.56666666667,38.55144535840188,1,1532.6095962524414,572.5433278083801,1866.2760543823242,644.2842221260071,Left,0.9633235931396484
981,32123.311111111114,39.26082256169213,1,1534.8292922973633,573.1982588768005,1864.9605560302734,644.12193775177,Left,0.9525946378707886
982,32156.055555555555,39.38796709753232,1,1553.1971740722656,580.3395438194275,1865.6552124023438,640.592622756958,Left,0.6541293263435364
983,32188.811111111114,39.805264394829614,1,1530.0720977783203,571.3795924186707,1863.6964416503906,636.0948157310486,Left,0.9642564058303833
984,32221.555555555555,40.031398354876615,1,1557.0721435546875,575.1083993911743,1862.4948120117188,644.413161277771,Left,0.8284611701965332
985,32254.3,40.51450058754406,1,1527.8709411621094,573.1712222099304,1858.5559844970703,634.2335987091064,Left,0.9516305923461914
986,32287.044444444447,40.49494712103408,1,1533.6309814453125,571.3013792037964,1857.6055526733398,638.9892196655273,Left,0.948477566242218
987,32319.78888888889,40.43262044653349,1,1530.6100845336914,572.5762224197388,1860.2473068237305,646.671302318573,Left,0.9214590191841125
988,32352.533333333333,40.15135135135135,1,1531.4368057250977,575.1389122009277,1858.3647537231445,629.9019384384155,Left,0.9050135612487793
989,32385.27777777778,40.67769682726205,1,1528.0989074707031,575.9327602386475,1855.2986526489258,635.6089282035828,Left,0.9253615736961365
990,32418.022222222226,40.73593419506463,1,1549.4252014160156,574.5247292518616,1856.989860534668,639.6886324882507,Left,0.9452931880950928
991,32450.766666666666,41.28878965922444,1,1530.227394104004,574.1191792488098,1851.3032913208008,634.6217036247253,Left,0.9443453550338745
992,32483.522222222226,41.247943595769684,1,1536.8757247924805,572.1417689323425,1858.3546829223633,640.7998394966125,Left,0.9729369282722473
993,32516.266666666666,41.38679200940071,1,1531.6950988769531,572.5334787368774,1852.8229522705078,640.4842185974121,Left,0.9207543134689331
994,32549.011111111115,41.416498237367804,1,1537.5837707519531,572.6288795471191,1860.3283309936523,628.3954811096191,Left,0.9598038792610168
995,32581.75555555556,42.258660399529965,1,1529.7626495361328,571.5524339675903,1848.7046813964844,636.6235113143921,Left,0.9729503989219666
996,32614.5,44.051374853113984,1,1548.8882446289062,569.9137544631958,1855.4538345336914,635.361156463623,Left,0.9194852113723755
997,32647.244444444445,46.62486486486487,1,1535.0295639038086,569.4216227531433,1853.4250259399414,633.1068134307861,Left,0.9110599756240845
998,32679.988888888893,51.84333725029377,1,1535.5091857910156,569.8363137245178,1855.5697631835938,632.0644855499268,Left,0.9164899587631226
999,32712.733333333334,65.8613866039953,1,1553.020133972168,572.1051406860352,1860.1999282836914,634.669919013977,Left,0.9540923833847046
1000,32745.477777777778,80.91092831962398,1,1541.8954467773438,570.8803796768188,1857.0026779174805,638.0243968963623,Left,0.9405242800712585
1001,32778.222222222226,90.54364277320799,1,1526.7924499511719,569.5226240158081,1859.9835205078125,638.929545879364,Left,0.9548259973526001
1002,32810.96666666667,93.49706227967097,1,1528.6941146850586,569.2534804344177,1861.3152694702148,631.3256120681763,Left,0.9662675261497498
1003,32843.722222222226,93.21443008225617,1,1546.8006134033203,567.3319458961487,1864.1390991210938,636.1914396286011,Left,0.941721498966217
1004,32876.46666666667,92.79868390129259,1,1533.3706283569336,570.6552028656006,1864.742431640625,638.46271276474,Left,0.8684700727462769
1005,32909.211111111115,92.21396004700352,1,1538.6818313598633,566.8268752098083,1869.3523406982422,627.4896240234375,Left,0.9287952780723572
1006,32941.955555555556,92.52958871915394,1,1548.0023574829102,572.8296589851379,1865.0223541259766,638.6688995361328,Left,0.8897085189819336
1007,32974.7,92.27417156286721,1,1532.1485137939453,568.849925994873,1865.6993865966797,633.2536482810974,Left,0.9202497005462646
1008,33007.444444444445,92.11670975323149,1,1568.5863876342773,567.5931715965271,1870.7679748535156,631.1019158363342,Left,0.6161466240882874
1009,33040.18888888889,91.88596944770858,1,1547.834129333496,569.0487742424011,1865.2248001098633,634.6667647361755,Left,0.865264892578125
1010,33072.933333333334,92.1192009400705,1,1565.3185272216797,566.9515657424927,1867.836799621582,632.3676180839539,Left,0.6623303890228271
1011,33105.677777777775,192.76089306698003,1,1529.4291687011719,567.7548122406006,1862.8248596191406,636.8063950538635,Left,0.8962547183036804
1012,33138.42222222222,206.98768507638073,1,1538.5828399658203,570.0596880912781,1868.8201904296875,638.0897998809814,Left,0.9638929963111877
1013,33171.177777777775,204.8587544065805,1,1538.0806732177734,566.6000247001648,1863.717384338379,633.5295510292053,Left,0.9601480960845947
1014,33203.92222222222,93.11981198589895,1,1529.0644454956055,570.2812600135803,1860.2558898925781,640.5520033836365,Left,0.9449085593223572
1015,33236.66666666667,90.37842538190364,1,1563.4507369995117,566.3187146186829,1865.7012176513672,635.4768347740173,Right,0.6489893794059753
1016,33269.41111111111,84.71421856639247,1,1533.5295867919922,570.4851937294006,1863.8134002685547,633.3908271789551,Left,0.9457299113273621
1017,33302.15555555556,71.4007990599295,1,1539.0447235107422,572.0297598838806,1865.375862121582,637.3935413360596,Left,0.8262267708778381
1018,33334.9,44.36427732079906,1,1522.1979904174805,573.0193018913269,1863.9874649047852,636.5327453613281,Left,0.8882351517677307
1019,33367.64444444444,37.756850763807286,1,1537.811622619629,568.9589738845825,1870.828514099121,635.8245134353638,Left,0.8451387286186218
1020,33400.38888888889,36.8406580493537,1,1540.3350448608398,568.3730506896973,1865.9149932861328,634.6009111404419,Left,0.9609818458557129
1021,33433.13333333334,38.13400705052879,1,1525.7133865356445,567.4872779846191,1856.5892028808594,640.585606098175,Left,0.8891894817352295
1022,33465.87777777778,38.495135135135136,1,1523.2669830322266,565.4839897155762,1859.6573638916016,637.5653529167175,Left,0.9548603296279907
1023,33498.63333333334,39.6496357226792,1,1532.9875946044922,566.6262888908386,1859.4820404052734,641.4085507392883,Left,0.9565929770469666
1024,33531.37777777778,39.9440188014101,1,1523.2716751098633,568.255569934845,1858.1770706176758,637.0704531669617,Left,0.9446008205413818
1025,33564.12222222222,40.61574618096357,1,1538.4308624267578,570.0491952896118,1862.3823165893555,636.9100999832153,Left,0.8855949640274048
1026,33596.86666666667,40.67558166862515,1,1529.3353271484375,571.3530707359314,1863.7707138061523,633.8179421424866,Left,0.8822599053382874
1027,33629.61111111111,41.341339600470036,1,1521.8816757202148,571.8211269378662,1862.0890045166016,628.6703538894653,Left,0.8921153545379639
1028,33662.35555555556,41.528695652173916,1,1553.979721069336,567.2656416893005,1859.8810958862305,634.4137787818909,Left,0.8072490692138672
1029,33695.100000000006,41.92568742655699,1,1520.7488250732422,565.976893901825,1860.7669830322266,641.9928646087646,Left,0.9278563857078552
1030,33727.84444444445,41.83017626321974,1,1523.3235168457031,566.6689038276672,1864.5279693603516,638.5298538208008,Left,0.9416234493255615
1031,33760.58888888889,41.781621621621625,1,1604.1643524169922,554.9386596679688,1865.3885650634766,637.0228815078735,Right,0.5249554514884949
1032,33793.333333333336,41.702608695652174,1,1561.6648864746094,571.7708516120911,1868.4344100952148,639.38556432724,Left,0.8850914239883423
1033,33826.07777777778,42.11877790834313,1,1523.0836486816406,566.9721007347107,1856.9229125976562,634.5754194259644,Left,0.9245521426200867
1034,33858.833333333336,42.35797884841363,1,1522.793312072754,564.9647569656372,1865.181884765625,640.9339928627014,Left,0.9585134387016296
1035,33891.57777777778,42.36460634547591,1,1528.487319946289,568.4646534919739,1863.0704498291016,632.051739692688,Left,0.9753290414810181
1036,33924.322222222225,42.32032902467685,1,1532.3922729492188,566.3058400154114,1859.853286743164,640.5309534072876,Left,0.9367430210113525
1037,33957.06666666667,44.913419506462986,1,1528.0650329589844,567.0640254020691,1859.978141784668,637.091760635376,Left,0.9672965407371521
1038,33989.81111111111,49.58655699177438,1,1531.2074661254883,570.0347113609314,1860.9249114990234,637.0508193969727,Left,0.9347440004348755
1039,34022.555555555555,56.59332549941246,1,1528.6420440673828,572.8546357154846,1859.4732284545898,636.7774271965027,Left,0.893801212310791
1040,34055.3,69.0289071680376,1,1536.3395690917969,570.4947209358215,1865.108985900879,632.7942180633545,Left,0.8063271641731262
1041,34088.04444444445,77.60117508813161,1,1521.555290222168,565.4613304138184,1864.4462585449219,634.1004753112793,Left,0.9262672662734985
1042,34120.78888888889,85.07356051703877,1,1570.2001190185547,563.8039183616638,1865.5892944335938,631.245596408844,Left,0.5757182836532593
1043,34153.54444444445,89.30608695652174,1,1542.0316314697266,569.0207719802856,1863.2855987548828,636.9852876663208,Left,0.8822050094604492
1044,34186.28888888889,89.53574618096357,1,1521.6086196899414,568.6604762077332,1862.1307754516602,641.0652494430542,Left,0.9069058299064636
1045,34219.03333333333,88.00347826086957,1,1520.075569152832,567.2140789031982,1863.4875869750977,639.8057270050049,Left,0.9545269012451172
1046,34251.77777777778,86.5131374853114,1,1562.1855926513672,568.644962310791,1864.1499710083008,632.8014922142029,Left,0.7614991068840027
1047,34284.52222222222,84.57363102232668,1,1517.9951477050781,567.5481104850769,1858.8862609863281,633.1074571609497,Left,0.9517266154289246
1048,34317.26666666667,83.01104582843713,1,1550.680160522461,571.1300826072693,1860.3631210327148,633.8546991348267,Left,0.8653160929679871
1049,34350.01111111112,80.99609870740305,1,1520.9344482421875,567.8421020507812,1859.6110153198242,638.0784702301025,Left,0.882985532283783
1050,34382.75555555555,79.36930669800235,1,1526.923599243164,566.9306445121765,1869.3025588989258,644.5917320251465,Left,0.9344161748886108
1051,34415.5,77.42824911868391,1,1587.3185348510742,557.6833319664001,1863.0997467041016,634.7877216339111,Right,0.5380799770355225
1052,34448.24444444445,75.61696827262044,1,1567.8428649902344,575.2741599082947,1865.7775497436523,636.4755821228027,Left,0.9504474401473999
1053,34480.98888888889,72.92089306698003,1,1531.9363403320312,570.2896285057068,1851.2674713134766,636.5989851951599,Left,0.9178807735443115
1054,34513.74444444445,72.03887191539366,1,1524.2476272583008,565.411376953125,1855.803451538086,634.6737813949585,Left,0.9090877175331116
1055,34546.48888888889,70.96535840188014,1,1524.4200897216797,565.1060557365417,1859.546241760254,639.993052482605,Left,0.9362468123435974
1056,34579.23333333334,70.19581668625148,1,1528.527717590332,567.0056390762329,1862.4229431152344,635.4362154006958,Left,0.9176795482635498
1057,34611.97777777778,68.98721504112808,1,1560.3855514526367,567.500216960907,1865.5200576782227,636.6695380210876,Left,0.5306950807571411
1058,34644.72222222222,67.71694477085781,1,1534.134864807129,567.9410433769226,1864.3809127807617,628.2503199577332,Left,0.7680507898330688
1059,34677.46666666667,66.6942420681551,1,1531.5570831298828,566.3605570793152,1862.3785400390625,635.1435112953186,Left,0.9112900495529175
1060,34710.211111111115,66.13019976498238,1,1525.4382705688477,562.6325869560242,1864.5571517944336,638.3180665969849,Left,0.9539269208908081
1061,34742.955555555556,65.74524089306698,1,1543.6382675170898,568.6914396286011,1864.1386413574219,636.2262654304504,Left,0.9620738625526428
1062,34775.7,65.13301997649823,1,1537.6678848266602,570.7291674613953,1857.4524307250977,641.1695337295532,Left,0.9273326396942139
1063,34808.455555555556,65.1919623971798,1,1529.1703033447266,568.896918296814,1863.3427047729492,647.2818160057068,Left,0.9115393161773682
1064,34841.2,210.72545240893066,1,1526.890869140625,568.9047718048096,1860.7708740234375,628.6163449287415,Left,0.9375157356262207
1065,34873.944444444445,211.81038777908344,1,1528.9009094238281,568.3626222610474,1860.5707168579102,639.5802283287048,Left,0.8644513487815857
1066,34906.68888888889,212.47426556991775,1,1527.6741027832031,567.0702052116394,1861.6866302490234,636.6900086402893,Left,0.9565004110336304
1067,34939.433333333334,208.62749706227967,1,1527.2980499267578,573.3343434333801,1863.0639266967773,637.9618263244629,Left,0.8799285292625427
1068,34972.17777777778,68.2916098707403,1,1543.4337615966797,565.7589268684387,1869.1106414794922,619.3773365020752,Left,0.7979888319969177
1069,35004.92222222222,71.00249118683901,1,1524.8646926879883,563.2629919052124,1866.6708755493164,643.470675945282,Left,0.9081162810325623
1070,35037.666666666664,73.67873090481785,1,1538.166389465332,567.4995732307434,1870.9339141845703,634.4117832183838,Left,0.9430191516876221
1071,35070.41111111111,78.92559341950647,1,1545.827407836914,568.5664916038513,1862.3994827270508,640.9838175773621,Left,0.872378408908844
1072,35103.15555555556,85.13278495887191,1,1533.6787033081055,565.5044603347778,1869.188003540039,637.1216297149658,Left,0.9237585067749023
1073,35135.9,80.53645123384254,1,1534.7923278808594,564.5189738273621,1860.1652526855469,635.6462645530701,Left,0.9309604167938232
1074,35168.65555555556,68.37273795534665,1,1536.0692596435547,571.2011504173279,1863.3251953125,631.9043898582458,Left,0.7569732069969177
1075,35201.4,54.974242068155114,1,1523.1032180786133,562.5458121299744,1863.0162048339844,633.8108611106873,Left,0.9379398822784424
1076,35234.14444444445,47.6137250293772,1,1523.1366348266602,564.6593713760376,1866.240234375,636.9352698326111,Left,0.9140522480010986
1077,35266.88888888889,40.52930669800235,1,1526.8679809570312,564.0401673316956,1860.6199264526367,633.683660030365,Left,0.9540149569511414
1078,35299.63333333333,37.847614571092834,1,1528.5931777954102,569.538266658783,1863.9022064208984,640.0254321098328,Left,0.8172438144683838
1079,35332.37777777778,37.40634547591069,1,1526.4482116699219,565.0884175300598,1862.1906280517578,630.434947013855,Left,0.9414546489715576
1080,35365.12222222223,36.87981198589894,1,1530.6620407104492,566.6983866691589,1859.6424865722656,632.1743702888489,Left,0.8331905603408813
1081,35397.86666666667,38.00944770857814,1,1524.8197174072266,561.5539526939392,1858.3361434936523,633.4748339653015,Left,0.9655223488807678
1082,35430.61111111111,38.390223266745004,1,1522.0671844482422,563.3361196517944,1853.250961303711,631.7600655555725,Left,0.9478296041488647
1083,35463.35555555556,39.54524089306698,1,1523.8801574707031,568.4953594207764,1857.4758911132812,639.184398651123,Left,0.866162896156311
1084,35496.11111111111,39.58354876615746,1,1547.5825881958008,566.7447352409363,1860.1879119873047,624.7245454788208,Left,0.9712038636207581
1085,35528.85555555556,40.14021151586369,1,1551.7839431762695,575.8027267456055,1854.3761444091797,637.5650310516357,Left,0.5188980102539062
1086,35561.6,40.218378378378375,1,1532.2638702392578,562.7413773536682,1860.7264709472656,633.2589268684387,Left,0.9350645542144775
1087,35594.34444444445,40.936310223266744,1,1519.0624237060547,563.1829762458801,1857.3027420043945,633.1182718276978,Left,0.9228756427764893
1088,35627.088888888895,41.195158636897766,1,1524.7599792480469,561.1247777938843,1860.3060150146484,635.909743309021,Left,0.918756365776062
1089,35659.83333333333,41.92770857814336,1,1524.656753540039,561.5763545036316,1860.5142974853516,635.5680513381958,Left,0.9246008396148682
1090,35692.57777777778,42.59125734430082,1,1547.9938888549805,568.0292987823486,1859.1040420532227,632.2614669799805,Left,0.8486301302909851
1091,35725.322222222225,42.45142185663925,1,1521.0247421264648,567.6865768432617,1859.9989700317383,633.8127279281616,Left,0.8916282653808594
1092,35758.06666666667,42.422467685076384,1,1574.7342681884766,564.2045760154724,1869.6502304077148,632.4549078941345,Left,0.5032258033752441
1093,35790.811111111114,42.270223266745006,1,1536.665382385254,566.2395358085632,1858.9081192016602,633.1182074546814,Left,0.8693159818649292
1094,35823.56666666667,42.50632197414806,1,1523.0403900146484,562.2769260406494,1856.9998168945312,634.8797750473022,Left,0.9383694529533386
1095,35856.311111111114,42.457156286721506,1,1525.8199310302734,569.6641159057617,1859.593391418457,631.7861366271973,Left,0.8246095180511475
1096,35889.055555555555,42.74994124559342,1,1538.6311340332031,565.6258034706116,1861.0168075561523,625.6751418113708,Left,0.8250147104263306
1097,35921.8,43.288601645123386,1,1536.4411926269531,566.5493631362915,1854.9841690063477,632.9198741912842,Left,0.9219889044761658
1098,35954.544444444444,44.72549941245593,1,1536.8867111206055,567.5199794769287,1859.1297912597656,634.4781517982483,Left,0.8708406090736389
1099,35987.28888888889,49.6116098707403,1,1521.2174606323242,565.3674745559692,1856.696548461914,636.0992574691772,Left,0.9314002990722656
1100,36020.03333333334,64.91008225616922,1,1517.0048904418945,567.3397350311279,1856.2470245361328,639.314432144165,Left,0.9116603136062622
1101,36052.777777777774,73.59440658049354,1,1544.1057586669922,567.2022342681885,1860.6092834472656,635.9164381027222,Left,0.8472945094108582
1102,36085.52222222222,79.90260869565218,1,1557.260513305664,565.5016279220581,1864.0665435791016,635.0323390960693,Left,0.5411089658737183
1103,36118.26666666667,80.68794359576968,1,1516.6670608520508,567.3965120315552,1854.2078018188477,636.2518858909607,Left,0.9454658627510071
1104,36151.02222222222,81.24770857814336,1,1523.693962097168,567.7000308036804,1861.2496948242188,641.1157822608948,Left,0.9050355553627014
1105,36183.76666666667,82.21278495887192,1,1552.3818969726562,571.354615688324,1855.9509658813477,635.4246926307678,Left,0.9641290903091431
1106,36216.51111111111,82.00855464159812,1,1542.6222610473633,574.4738745689392,1852.3118591308594,639.7027945518494,Left,0.9336999654769897
1107,36249.25555555556,81.32690951821387,1,1530.1802444458008,571.1679983139038,1852.8014373779297,641.5114831924438,Left,0.751413881778717
1108,36282.0,81.09833137485312,1,1526.3972854614258,569.020836353302,1855.693473815918,636.9198846817017,Left,0.9535605311393738
1109,36314.74444444444,81.50712103407756,1,1548.6177062988281,571.5102696418762,1852.3457336425781,642.6729011535645,Left,0.7828019857406616
1110,36347.48888888889,80.69555816686251,1,1523.6596298217773,571.5615749359131,1855.1280212402344,635.9548044204712,Left,0.9377022981643677
1111,36380.23333333334,79.8027732079906,1,1534.3921279907227,569.5953011512756,1856.513786315918,639.9621534347534,Left,0.9360138773918152
1112,36412.97777777778,78.82857814336076,1,1521.0963821411133,569.1392827033997,1856.095848083496,643.2737588882446,Left,0.9415152072906494
1113,36445.722222222226,78.08643948296123,1,1516.9015502929688,567.7056312561035,1852.8639221191406,639.3719816207886,Left,0.9729465246200562
1114,36478.47777777778,77.7108813160987,1,1521.3629150390625,569.8842072486877,1852.657699584961,646.9772672653198,Left,0.9129021167755127
1115,36511.222222222226,77.63027027027027,1,1518.1409454345703,571.4498233795166,1853.7921524047852,634.5470952987671,Left,0.9404880404472351
1116,36543.96666666667,77.43323149236193,1,1519.7834014892578,566.394031047821,1853.7829971313477,642.0643830299377,Left,0.9497420191764832
1117,36576.711111111115,77.38284371327849,1,1516.3102340698242,573.0924940109253,1855.0536346435547,643.4920477867126,Left,0.9296375513076782
1118,36609.455555555556,77.02834312573442,1,1517.2245025634766,571.9152402877808,1854.6264266967773,633.2472109794617,Left,0.9366493821144104
1119,36642.200000000004,77.16916568742656,1,1525.3669738769531,569.8382449150085,1855.2523040771484,642.231559753418,Left,0.9549654126167297
1120,36674.94444444445,77.04629847238543,1,1554.8819732666016,573.068675994873,1856.9002532958984,639.572503566742,Left,0.7000455856323242
1121,36707.688888888886,76.76714453584019,1,1548.5730743408203,570.7213139533997,1856.9652557373047,634.3816566467285,Left,0.5896918773651123
1122,36740.433333333334,76.40930669800235,1,1522.8427505493164,571.5204405784607,1853.8046264648438,637.866039276123,Left,0.8906212449073792
1123,36773.17777777778,75.75515863689776,1,1559.0568923950195,568.3534169197083,1861.5773391723633,642.0016837120056,Left,0.6067359447479248
1124,36805.933333333334,75.8878025851939,1,1643.8011932373047,525.5633854866028,1859.7748947143555,636.431872844696,Right,0.8509195446968079
1125,36838.67777777778,194.51106933019977,1,1525.2890396118164,567.8919267654419,1859.5611190795898,636.3536596298218,Left,0.9555042386054993
1126,36871.42222222222,211.01640423031728,1,1528.1411361694336,572.941153049469,1856.345558166504,638.0665612220764,Left,0.8937759399414062
1127,36904.16666666667,207.95793184488838,1,1582.957878112793,556.7949199676514,1862.6806640625,639.8018646240234,Right,0.7071578502655029
1128,36936.91111111111,206.47332549941245,1,1539.2406463623047,570.3611469268799,1852.8021240234375,637.2907376289368,Left,0.9625850319862366
1129,36969.65555555555,71.44606345475911,1,1541.5233993530273,570.7174515724182,1855.298194885254,645.8726263046265,Left,0.9258668422698975
1130,37002.4,71.83967097532314,1,1522.6734924316406,572.955379486084,1852.7532577514648,641.1304593086243,Left,0.8556690812110901
1131,37035.14444444445,71.85663924794359,1,1549.3915557861328,572.2939467430115,1852.137565612793,638.5668039321899,Left,0.9593984484672546
1132,37067.88888888889,56.84324324324324,1,1530.8517837524414,574.5953464508057,1850.9412002563477,645.4162859916687,Left,0.9076753854751587
1133,37100.63333333333,39.10566392479436,1,1525.1094818115234,572.4322843551636,1851.1793518066406,641.801290512085,Left,0.9524788856506348
1134,37133.37777777778,37.728178613396004,1,1547.1842193603516,574.0656208992004,1852.2903442382812,644.2146992683411,Left,0.8647711277008057
1135,37166.13333333333,38.72564042303173,1,1553.584327697754,569.8661828041077,1853.7803649902344,640.3192949295044,Left,0.6186411380767822
1136,37198.87777777778,39.100164512338424,1,1515.4997634887695,571.0258626937866,1848.922348022461,640.0109481811523,Left,0.9487979412078857
1137,37231.62222222222,40.085687426556994,1,1530.3572845458984,570.128116607666,1852.7753448486328,641.7990374565125,Left,0.9714342355728149
1138,37264.36666666667,40.13222091656874,1,1521.9740295410156,567.9574584960938,1849.1080856323242,641.886134147644,Left,0.9613773822784424
1139,37297.11111111112,40.359858989424204,1,1531.3933181762695,569.2731785774231,1848.0087661743164,644.2134118080139,Left,0.9556483030319214
1140,37329.85555555555,40.04709753231492,1,1527.224349975586,571.1222290992737,1850.0382614135742,641.806697845459,Left,0.9313536882400513
1141,37362.6,41.20784958871916,1,1549.1064834594727,574.2455434799194,1852.0473861694336,637.6350688934326,Left,0.8291480541229248
1142,37395.34444444445,41.34594594594594,1,1523.2079315185547,567.579460144043,1847.1930313110352,640.002064704895,Left,0.9475674629211426
1143,37428.088888888895,41.90237367802585,1,1522.1534729003906,567.4736309051514,1846.8254470825195,642.6773428916931,Left,0.9717400074005127
1144,37460.84444444445,41.7083901292597,1,1538.9043045043945,571.8114709854126,1852.130012512207,641.187493801117,Left,0.9808164834976196
1145,37493.588888888895,41.96192714453584,1,1532.234001159668,574.6298503875732,1851.0107803344727,644.8556613922119,Left,0.9430968761444092
1146,37526.333333333336,42.164841363102234,1,1535.522689819336,571.9105410575867,1853.1562042236328,639.8267126083374,Left,0.9603780508041382
1147,37559.07777777778,42.54171562867215,1,1524.9365615844727,570.8661532402039,1847.7620315551758,641.7022848129272,Left,0.9462714791297913
1148,37591.822222222225,42.65551116333725,1,1527.476692199707,569.269380569458,1850.4705047607422,638.966817855835,Left,0.9753931760787964
1149,37624.566666666666,42.6723384253819,1,1535.5595397949219,574.9302792549133,1848.394432067871,641.2355160713196,Left,0.876787006855011
1150,37657.311111111114,42.4463454759107,1,1529.7648239135742,568.5415148735046,1853.4281158447266,636.8329811096191,Left,0.9452776908874512
1151,37690.05555555556,42.50364277320799,1,1547.120704650879,573.3243656158447,1851.6241836547852,641.2942886352539,Left,0.8092125654220581
1152,37722.8,42.80333725029377,1,1515.4861450195312,569.9445247650146,1848.2493209838867,635.6465864181519,Left,0.9471593499183655
1153,37755.544444444444,43.036098707403056,1,1520.7880783081055,567.0659565925598,1851.9300842285156,635.6504487991333,Left,0.9355491399765015
1154,37788.28888888889,42.98133960047004,1,1521.8599319458008,567.528669834137,1855.4821014404297,647.3957562446594,Left,0.9589691162109375
1155,37821.044444444444,42.7537955346651,1,1525.9189224243164,567.2816705703735,1849.922218322754,639.0292596817017,Left,0.9415612816810608
1156,37853.78888888889,42.45739130434782,1,1519.2757415771484,568.264582157135,1849.0488052368164,642.1590113639832,Left,0.9730309844017029
1157,37886.53333333333,43.4329964747356,1,1528.546028137207,567.6643681526184,1847.9928588867188,640.5970644950867,Left,0.949922502040863
1158,37919.27777777778,51.16173913043478,1,1514.5806884765625,569.6449971199036,1850.3494262695312,644.3899869918823,Left,0.9609525203704834
1159,37952.02222222223,64.84662749706229,1,1521.8431091308594,570.7259488105774,1852.2455978393555,637.1127462387085,Left,0.9506272077560425
1160,37984.76666666666,75.87196239717979,1,1533.490104675293,571.5190887451172,1852.0028686523438,636.5837931632996,Left,0.7648309469223022
1161,38017.51111111111,79.24784958871915,1,1519.8244857788086,570.624303817749,1852.0524215698242,638.4051632881165,Left,0.9780297875404358
1162,38050.25555555556,79.74848413631022,1,1553.4772109985352,572.4288725852966,1851.6953659057617,638.5328793525696,Left,0.7598801851272583
1163,38083.0,79.44761457109283,1,1545.721321105957,569.5772767066956,1854.4782257080078,633.7627100944519,Left,0.9614367485046387
1164,38115.75555555556,78.8875205640423,1,1541.1808776855469,576.4751672744751,1849.7004318237305,643.4699034690857,Left,0.8399711847305298
1165,38148.5,78.64653349001175,1,1526.0433197021484,568.1828927993774,1854.6173858642578,636.7710542678833,Left,0.9377215504646301
1166,38181.24444444445,78.52676850763807,1,1522.4149703979492,571.1929750442505,1854.3910217285156,641.5238428115845,Left,0.8701419830322266
1167,38213.98888888889,78.68672150411281,1,1522.4739074707031,568.0504775047302,1855.788345336914,637.7510690689087,Left,0.8736090064048767
1168,38246.73333333334,79.05786133960046,1,1519.833641052246,565.4797410964966,1857.9909896850586,638.1165790557861,Left,0.9433245062828064
1169,38279.47777777778,79.41786133960046,1,1534.5656204223633,568.8853311538696,1858.454360961914,636.6876268386841,Left,0.836881697177887
1170,38312.222222222226,79.83501762632197,1,1561.3092041015625,569.5337605476379,1860.3745651245117,638.6526775360107,Left,0.8804352879524231
1171,38344.966666666674,193.53983548766158,1,1520.774803161621,572.5211191177368,1855.788459777832,644.682047367096,Left,0.8532419800758362
1172,38377.71111111111,208.9186839012926,1,1533.3586120605469,565.554928779602,1856.0052108764648,633.6969208717346,Left,0.9419873952865601
1173,38410.455555555556,206.5280376028202,1,1525.807228088379,566.9849109649658,1856.7464447021484,639.6112561225891,Left,0.9436293244361877
1174,38443.200000000004,81.4275910693302,1,1528.205909729004,569.2509055137634,1857.663345336914,642.3125410079956,Left,0.91916424036026
1175,38475.955555555556,79.01757931844888,1,1517.0709228515625,569.014720916748,1853.2392883300781,636.4885210990906,Left,0.9411550164222717
1176,38508.700000000004,76.88498237367803,1,1514.340591430664,564.4708228111267,1852.463150024414,643.0032634735107,Left,0.9157074093818665
1177,38541.444444444445,72.66980023501763,1,1520.577507019043,564.3250179290771,1856.7308807373047,642.7027702331543,Left,0.9377407431602478
1178,38574.18888888889,62.9173678025852,1,1519.8328399658203,565.2622890472412,1858.2085418701172,637.2152280807495,Left,0.9533954858779907
1179,38606.933333333334,50.66674500587544,1,1534.6794891357422,565.8061766624451,1854.0869522094727,634.8047804832458,Left,0.8297317028045654
1180,38639.677777777775,42.330998824911866,1,1526.3621520996094,564.7709941864014,1856.5826797485352,637.1840715408325,Left,0.9586754441261292
1181,38672.42222222222,41.53851938895417,1,1515.431900024414,565.3985023498535,1857.3370742797852,643.0107951164246,Left,0.9530379176139832
1182,38705.16666666667,41.234265569917746,1,1521.8389892578125,565.0196027755737,1852.5581359863281,634.12184715271,Left,0.9543708562850952
1183,38737.91111111111,41.72244418331375,1,1519.2400360107422,569.5431590080261,1855.0245666503906,638.6081314086914,Left,0.8903888463973999
1184,38770.65555555555,42.088930669800234,1,1523.6700439453125,567.069239616394,1859.4671630859375,637.3320651054382,Left,0.9539469480514526
1185,38803.41111111111,42.735229142185666,1,1540.6086730957031,567.1153950691223,1854.2995834350586,633.0833172798157,Left,0.8340758085250854
1186,38836.15555555555,42.89222091656874,1,1517.1668243408203,562.9957795143127,1852.829704284668,635.7402491569519,Left,0.9517550468444824
1187,38868.9,42.93710928319624,1,1521.4112091064453,561.3479590415955,1856.3557434082031,633.9162397384644,Left,0.963058590888977
1188,38901.64444444444,42.887144535840186,1,1515.7090759277344,564.5509028434753,1848.1727600097656,636.6358709335327,Left,0.9637133479118347
1189,38934.38888888889,43.31849588719154,1,1520.7501983642578,563.0982613563538,1852.1355056762695,638.30242395401,Left,0.9532010555267334
1190,38967.13333333334,43.61870740305523,1,1514.5216369628906,562.9520058631897,1854.2423629760742,641.1294293403625,Left,0.9400454759597778
1191,38999.87777777779,43.79153936545241,1,1518.8389205932617,566.7910194396973,1852.8537368774414,637.3034191131592,Left,0.9526200890541077
1192,39032.62222222222,43.68437132784959,1,1532.1358108520508,566.0263323783875,1851.1810684204102,633.8963484764099,Left,0.8864874243736267
1193,39065.36666666667,43.68042303172738,1,1515.300178527832,563.780357837677,1853.008804321289,645.5436158180237,Left,0.9117208123207092
1194,39098.11111111112,43.68690951821387,1,1523.1768035888672,565.7543563842773,1852.7697372436523,632.9299807548523,Left,0.9746479988098145
1195,39130.86666666667,43.86185663924795,1,1516.2627410888672,569.5722556114197,1853.7518692016602,642.3435688018799,Left,0.8980027437210083
1196,39163.61111111112,44.09945945945946,1,1515.472068786621,565.3289794921875,1855.6278991699219,634.9664211273193,Left,0.9707229733467102
1197,39196.35555555556,44.06321974148061,1,1517.786979675293,562.7345538139343,1854.7107696533203,643.7735509872437,Left,0.9504508376121521
1198,39229.100000000006,43.71915393654524,1,1529.0876770019531,565.9882879257202,1850.7479095458984,632.6394009590149,Left,0.9443297982215881
1199,39261.84444444445,43.14707403055229,1,1517.083854675293,568.7417793273926,1851.0084915161133,639.1159701347351,Left,0.9016483426094055
1200,39294.58888888889,42.92014101057579,1,1517.1942901611328,563.2147765159607,1856.15478515625,642.975389957428,Left,0.9441474676132202
1201,39327.333333333336,43.373349001175086,1,1555.6433486938477,570.7909655570984,1856.7929077148438,637.6425361633301,Left,0.8719574809074402
1202,39360.077777777784,43.527990599294945,1,1514.2264938354492,566.7234921455383,1854.5603942871094,640.7823944091797,Left,0.9433309435844421
1203,39392.822222222225,44.86425381903643,1,1514.380760192871,561.3855528831482,1860.7743072509766,646.3344383239746,Left,0.9694534540176392
1204,39425.566666666666,51.90721504112808,1,1597.3382949829102,544.4692254066467,1860.8365631103516,635.9907245635986,Right,0.9000570774078369
1205,39458.322222222225,60.956615746180965,1,1549.2214965820312,574.8707985877991,1858.2421875,635.3908967971802,Left,0.9632158279418945
1206,39491.066666666666,67.62392479435958,1,1521.6384887695312,572.8380274772644,1853.6299896240234,647.5391793251038,Left,0.89541095495224
1207,39523.811111111114,78.04502937720329,1,1522.935905456543,570.6559753417969,1854.1027450561523,639.3300747871399,Left,0.9166880249977112
1208,39556.555555555555,84.96723854289071,1,1581.5059661865234,554.8660469055176,1856.4985656738281,638.5967373847961,Right,0.6433324813842773
1209,39589.3,86.84639247943596,1,1541.231575012207,570.1570200920105,1855.063133239746,642.9715275764465,Left,0.9559086561203003
1210,39622.04444444445,86.47074030552291,1,1530.5434799194336,569.0109872817993,1850.0993728637695,634.7162675857544,Left,0.9803761839866638
1211,39654.788888888885,85.45757931844888,1,1514.351692199707,577.0551037788391,1849.7300720214844,646.6478705406189,Left,0.7926769256591797
1212,39687.53333333333,85.31910693301998,1,1525.8168411254883,573.8260245323181,1853.8783264160156,639.4736909866333,Left,0.8975986242294312
1213,39720.27777777778,84.50961222091657,1,1522.4258422851562,570.8794140815735,1856.0252380371094,638.8391017913818,Left,0.8672714233398438
1214,39753.02222222222,84.49687426556991,1,1526.210060119629,574.1184067726135,1856.19140625,637.8625631332397,Left,0.7744988203048706
1215,39785.77777777778,84.36282021151587,1,1524.7384643554688,574.2339563369751,1851.6927337646484,639.2134952545166,Left,0.909337043762207
1216,39818.52222222222,84.7797884841363,1,1514.179344177246,572.0465612411499,1854.3660736083984,639.384663105011,Left,0.9069322943687439
1217,39851.26666666667,85.26951821386604,1,1519.8141860961914,566.6921424865723,1857.5983428955078,641.7044734954834,Left,0.9562965631484985
1218,39884.01111111111,193.56451233842537,1,1540.3685760498047,572.5605154037476,1857.4934005737305,637.1341180801392,Left,0.7545301914215088
1219,39916.75555555556,205.32836662749708,1,1523.9054489135742,571.9590783119202,1853.313102722168,641.3207459449768,Left,0.8964117169380188
1220,39949.5,206.77635722679202,1,1547.8423690795898,573.1311178207397,1856.6364669799805,636.1757969856262,Left,0.916485071182251
1221,39982.24444444445,83.46509988249119,1,1531.2580490112305,571.1167573928833,1844.8871612548828,636.625828742981,Left,0.8595334887504578
1222,40014.988888888896,80.45273795534665,1,1516.849479675293,569.56871509552,1848.5000610351562,641.789960861206,Left,0.9293592572212219
1223,40047.73333333333,81.1673795534665,1,1539.3376922607422,569.4986772537231,1852.9228591918945,631.6761231422424,Left,0.9394086599349976
1224,40080.47777777778,72.05076380728555,1,1556.9517517089844,565.4275345802307,1853.6761093139648,636.9137048721313,Right,0.5438306927680969
1225,40113.23333333333,53.208695652173915,1,1531.2033462524414,566.849856376648,1853.9198684692383,635.2040219306946,Left,0.9799162745475769
1226,40145.97777777778,39.51896592244418,1,1538.298568725586,575.1201796531677,1848.171501159668,639.5199108123779,Left,0.8850111365318298
1227,40178.722222222226,39.06105757931845,1,1520.134506225586,564.7836112976074,1848.7581253051758,639.2818593978882,Left,0.9669444561004639
1228,40211.46666666667,39.001786133960046,1,1525.4977798461914,567.7978134155273,1849.0453720092773,641.9754195213318,Left,0.9432787299156189
1229,40244.211111111115,40.126815511163336,1,1519.2795181274414,569.699456691742,1852.8532791137695,645.3513979911804,Left,0.9240317344665527
1230,40276.955555555556,39.772126909518214,1,1523.3636856079102,567.5183701515198,1854.5307540893555,631.5433859825134,Left,0.985849142074585
1231,40309.7,40.9103642773208,1,1521.3362503051758,571.3759231567383,1849.529685974121,645.0916528701782,Left,0.899079442024231
1232,40342.444444444445,40.996521739130436,1,1561.8326568603516,561.9375514984131,1855.6663513183594,633.203501701355,Left,0.5111581683158875
1233,40375.18888888889,42.13541715628672,1,1522.444725036621,564.3046760559082,1856.5349578857422,639.4840550422668,Left,0.9716605544090271
1234,40407.944444444445,42.23605170387779,1,1517.1355819702148,564.4845986366272,1857.1026992797852,642.2134709358215,Left,0.9591692686080933
1235,40440.68888888889,42.69193889541716,1,1531.4053344726562,567.4804544448853,1853.712158203125,637.5305914878845,Left,0.9154746532440186
1236,40473.433333333334,42.48183313748531,1,1526.2128067016602,569.7971749305725,1850.7463073730469,640.8552646636963,Left,0.8408782482147217
1237,40506.17777777778,42.91257344300823,1,1549.939842224121,569.8389530181885,1853.880958557129,631.7448735237122,Left,0.8495580554008484
1238,40538.92222222222,43.233560517038775,1,1571.590805053711,561.0659408569336,1853.5540008544922,636.8168878555298,Right,0.5809028148651123
1239,40571.666666666664,43.55501762632198,1,1593.7950897216797,579.5409321784973,1859.3463134765625,638.7783980369568,Left,0.9555261135101318
1240,40604.41111111111,43.6448883666275,1,1541.4424896240234,574.4503784179688,1851.291618347168,640.8093023300171,Left,0.7798024415969849
1241,40637.15555555556,43.57499412455934,1,1529.2206573486328,561.956799030304,1857.765998840332,641.8402361869812,Left,0.9661453366279602
1242,40669.90000000001,43.4793419506463,1,1523.565788269043,568.2700538635254,1854.5883178710938,641.9542407989502,Left,0.9012389779090881
1243,40702.64444444444,43.7675205640423,1,1521.0586166381836,564.0197610855103,1860.2154922485352,634.5806980133057,Left,0.9530961513519287
1244,40735.38888888889,43.959435957696826,1,1580.5090713500977,551.0259389877319,1861.5514755249023,637.2497320175171,Right,0.7095619440078735
1245,40768.14444444444,44.51680376028202,1,1534.7447204589844,565.2837896347046,1852.2481155395508,636.5559196472168,Left,0.9818865656852722
1246,40800.88888888889,46.39473560517039,1,1526.5785598754883,567.4731159210205,1851.569595336914,639.6097755432129,Left,0.9651373624801636
1247,40833.63333333334,50.03877790834313,1,1535.1655197143555,567.8428745269775,1853.5009002685547,635.8197498321533,Left,0.8763335347175598
1248,40866.37777777778,55.057814336075204,1,1515.8032608032227,560.325779914856,1850.918083190918,640.2481627464294,Left,0.9738875031471252
1249,40899.12222222223,58.586650998824915,1,1526.6084289550781,564.6216487884521,1852.0103073120117,642.4181127548218,Left,0.9478400945663452
1250,40931.86666666667,63.278965922444186,1,1520.0761413574219,563.9338874816895,1849.9674224853516,628.8543963432312,Left,0.9559458494186401
1251,40964.61111111111,69.5635722679201,1,1543.08837890625,563.1260061264038,1846.00341796875,628.8231110572815,Left,0.9646125435829163
1252,40997.35555555556,72.56192714453584,1,1521.1639022827148,564.8152184486389,1845.0281524658203,629.8781204223633,Left,0.95174640417099
1253,41030.100000000006,76.24893066980023,1,1523.7066650390625,561.5448760986328,1849.7314453125,635.861656665802,Left,0.9561511278152466
1254,41062.85555555556,80.8178143360752,1,1533.4236145019531,564.1312551498413,1849.4064331054688,636.1717414855957,Left,0.9645208716392517
1255,41095.600000000006,82.72427732079906,1,1518.526382446289,562.2029614448547,1846.9194030761719,636.5588164329529,Left,0.965584933757782
1256,41128.34444444445,85.18157461809636,1,1523.4452819824219,564.5515465736389,1852.4057006835938,639.9522399902344,Left,0.9713778495788574
1257,41161.08888888889,87.25283196239718,1,1539.5076370239258,565.0235939025879,1853.5865020751953,640.6340789794922,Left,0.8928845524787903
1258,41193.833333333336,89.11595769682727,1,1519.0770721435547,562.7028822898865,1849.5581817626953,639.2760014533997,Left,0.9329423904418945
1259,41226.57777777778,90.09913043478261,1,1524.9085235595703,564.768226146698,1849.7740173339844,632.0727252960205,Left,0.9571883678436279
1260,41259.322222222225,91.25522914218567,1,1522.1327590942383,562.2987484931946,1853.0044555664062,640.3200674057007,Left,0.9399129748344421
1261,41292.06666666667,92.11952996474736,1,1534.2430114746094,567.1844029426575,1858.4100723266602,640.4417324066162,Left,0.924917459487915
1262,41324.81111111111,92.6381668625147,1,1527.4626159667969,563.9599585533142,1855.4393005371094,637.6248979568481,Left,0.936194121837616
1263,41357.555555555555,92.61320799059929,1,1536.3983917236328,564.9723529815674,1856.5880584716797,636.9580578804016,Left,0.924329400062561
1264,41390.3,92.82622796709754,1,1554.334373474121,566.8020915985107,1858.8067245483398,636.1411643028259,Left,0.8076460361480713
1265,41423.055555555555,93.06011750881316,1,1530.1159286499023,563.2448387145996,1857.5529098510742,638.2713961601257,Left,0.9198586940765381
1266,41455.8,107.01283196239719,1,1520.405158996582,566.742160320282,1856.7454147338867,634.3011260032654,Left,0.9125238060951233
1267,41488.544444444444,204.60916568742655,1,1518.2807922363281,562.5371217727661,1857.7084350585938,632.0431137084961,Left,0.9430413246154785
1268,41521.28888888889,206.92850763807286,1,1515.9313201904297,560.8428883552551,1855.2371978759766,636.4191913604736,Left,0.9324634075164795
1269,41554.03333333334,203.8650528789659,1,1531.1186599731445,563.390257358551,1856.1285781860352,622.1886992454529,Left,0.9236510992050171
1270,41586.77777777778,92.16507638072855,1,1522.0876693725586,563.5463619232178,1847.6378631591797,630.6003856658936,Left,0.9175531268119812
1271,41619.52222222222,85.85663924794359,1,1520.9817123413086,559.753246307373,1855.2255249023438,638.876051902771,Left,0.9292880892753601
1272,41652.26666666667,73.13292596944771,1,1552.2135543823242,565.1621890068054,1859.3864822387695,631.5427422523499,Left,0.9531546235084534
1273,41685.01111111112,47.954594594594596,1,1550.7527160644531,566.1064767837524,1851.0493469238281,632.5103974342346,Left,0.9043050408363342
1274,41717.75555555556,38.283901292596944,1,1517.5859069824219,564.1233372688293,1856.1909484863281,641.3757848739624,Left,0.7745255827903748
1275,41750.51111111112,38.41443008225617,1,1561.0176086425781,560.3514647483826,1857.7670288085938,621.8358707427979,Left,0.9027992486953735
1276,41783.25555555556,38.55619271445359,1,1527.4099731445312,569.4120955467224,1855.9955978393555,634.4246578216553,Left,0.7378336191177368
1277,41816.0,39.7751821386604,1,1523.1709671020508,560.277886390686,1860.761604309082,630.0619053840637,Left,0.948692798614502
1278,41848.74444444445,39.7730669800235,1,1531.178970336914,559.9503564834595,1857.4976348876953,632.8860783576965,Left,0.9413179755210876
1279,41881.48888888889,39.903125734430084,1,1534.0784454345703,558.978066444397,1856.444320678711,632.3369121551514,Left,0.919358491897583
1280,41914.23333333334,39.927520564042304,1,1578.4819793701172,547.2951364517212,1861.0528564453125,628.1012964248657,Right,0.7239745855331421
1281,41946.977777777785,40.53607520564042,1,1561.1819458007812,562.452278137207,1858.5736083984375,627.0290994644165,Left,0.8224990367889404
1282,41979.72222222222,40.743689776733255,1,1554.7638702392578,561.7504835128784,1859.329833984375,626.8657207489014,Left,0.616905927658081
1283,42012.46666666667,40.76023501762632,1,1522.536964416504,559.4326043128967,1857.476463317871,624.5053553581238,Left,0.8971279859542847
1284,42045.211111111115,40.56183313748531,1,1522.6277160644531,559.5362448692322,1860.9404754638672,628.8480877876282,Left,0.906153678894043
1285,42077.96666666667,40.108907168037604,1,1542.6094436645508,558.0919718742371,1861.7389297485352,631.1035895347595,Left,0.8991553783416748
1286,42110.711111111115,40.29052878965923,1,1537.427101135254,557.6761221885681,1861.2314987182617,631.3078451156616,Left,0.8769320845603943
1287,42143.455555555556,40.07708578143361,1,1528.220443725586,560.2542614936829,1857.3581314086914,627.4667716026306,Left,0.9061055183410645
1288,42176.200000000004,40.080470035252645,1,1522.2339248657227,555.7319927215576,1857.6801681518555,634.3360161781311,Left,0.9653043150901794
1289,42208.944444444445,39.67191539365452,1,1581.9354629516602,552.3450064659119,1861.3967514038086,625.9232997894287,Left,0.5761229991912842
1290,42241.688888888886,39.342655699177435,1,1518.8751983642578,558.2204604148865,1854.4541931152344,624.6832180023193,Left,0.9724465012550354
1291,42274.433333333334,39.321786133960046,1,1523.9235305786133,559.7299432754517,1857.3655700683594,630.0409841537476,Left,0.8765262365341187
1292,42307.17777777778,39.54340775558167,1,1519.943962097168,556.699583530426,1853.748664855957,623.6826682090759,Left,0.9637728929519653
1293,42339.92222222223,39.86016451233843,1,1522.6330947875977,559.5784735679626,1854.4583129882812,631.2851214408875,Left,0.8677761554718018
1294,42372.666666666664,39.89132784958872,1,1540.6430053710938,557.1273422241211,1860.714340209961,624.3386936187744,Left,0.9340253472328186
1295,42405.42222222222,40.01128084606346,1,1521.7151641845703,558.8814425468445,1857.6702117919922,629.3292117118835,Left,0.8944384455680847
1296,42438.166666666664,40.086439482961225,1,1518.222312927246,556.5386509895325,1858.1633377075195,627.2766780853271,Left,0.9527370929718018
1297,42470.91111111111,42.05668625146886,1,1539.675636291504,558.5228204727173,1854.9011993408203,624.9710297584534,Left,0.9260265827178955
1298,42503.65555555556,45.72141010575793,1,1526.1405944824219,558.6442279815674,1853.1287384033203,625.8531332015991,Left,0.9126704931259155
1299,42536.4,51.06237367802585,1,1524.2857360839844,557.6340222358704,1855.02685546875,632.3407745361328,Left,0.9332765340805054
1300,42569.14444444445,58.167943595769685,1,1521.1576080322266,559.1153740882874,1853.9453887939453,621.1168241500854,Left,0.9797870516777039
1301,42601.88888888889,64.41964747356052,1,1521.9631576538086,557.3500728607178,1852.4724197387695,634.8053598403931,Left,0.9514496326446533
1302,42634.63333333333,70.07280846063455,1,1520.5351638793945,560.2428674697876,1848.0848693847656,626.0179281234741,Left,0.8606523275375366
1303,42667.37777777778,77.21193889541716,1,1516.9953918457031,557.4511384963989,1846.643943786621,630.352098941803,Left,0.9824246168136597
1304,42700.13333333333,83.00319623971798,1,1516.9577407836914,557.8162622451782,1835.9422302246094,621.4339900016785,Left,0.9281982183456421
1305,42732.87777777778,86.31412455934195,1,1513.4403991699219,558.1536412239075,1842.2760772705078,630.2223229408264,Left,0.9751443862915039
1306,42765.62222222223,86.35454759106933,1,1511.3145446777344,558.1407022476196,1845.8601379394531,633.3214330673218,Left,0.9689266085624695
1307,42798.36666666667,84.4889776733255,1,1515.2574920654297,557.8151035308838,1839.6148681640625,630.6101703643799,Left,0.9405688047409058
1308,42831.11111111111,82.8496357226792,1,1530.8466339111328,566.4229345321655,1844.3036270141602,632.7373123168945,Left,0.9565328359603882
1309,42863.85555555556,80.63069330199765,1,1507.833595275879,556.9704008102417,1836.6755676269531,633.7142372131348,Left,0.9618509411811829
1310,42896.6,79.15868390129259,1,1511.1553573608398,560.7915186882019,1841.9563293457031,634.6381187438965,Left,0.9782810211181641
1311,42929.34444444445,75.73616921269095,1,1516.0686492919922,559.8095726966858,1840.7065200805664,633.2372331619263,Left,0.945024311542511
1312,42962.088888888895,74.13273795534666,1,1511.1957550048828,558.1208753585815,1834.1038513183594,631.7753863334656,Left,0.9421173334121704
1313,42994.833333333336,71.94975323149237,1,1512.367172241211,559.5655345916748,1837.8876113891602,634.01775598526,Left,0.9768266677856445
1314,43027.57777777778,70.38453584018801,1,1509.0534210205078,564.1702651977539,1834.3663787841797,635.828697681427,Left,0.8130080699920654
1315,43060.333333333336,68.43985898942421,1,1523.1431579589844,564.5697641372681,1839.5272064208984,614.7838711738586,Left,0.9013193249702454
1316,43093.07777777778,67.28122209165687,1,1509.0923309326172,562.3206996917725,1829.9089050292969,631.9776463508606,Left,0.910196840763092
1317,43125.822222222225,65.17231492361927,1,1509.136734008789,559.9574375152588,1835.6189346313477,638.2279443740845,Left,0.971332311630249
1318,43158.566666666666,64.01494712103408,1,1512.5054168701172,560.5432319641113,1830.3136825561523,631.3805866241455,Left,0.8974687457084656
1319,43191.311111111114,62.69983548766157,1,1511.1981582641602,563.2706522941589,1831.680793762207,632.8896188735962,Left,0.9607393145561218
1320,43224.05555555556,61.785616921269096,1,1503.9594268798828,560.4834294319153,1828.9319229125977,632.317214012146,Left,0.9628923535346985
1321,43256.8,60.3799294947121,1,1508.5483932495117,562.1628570556641,1829.5520782470703,626.4563727378845,Left,0.9670215249061584
1322,43289.544444444444,59.21701527614571,1,1501.980972290039,562.8844141960144,1823.331642150879,628.6638522148132,Left,0.9770634174346924
1323,43322.28888888889,57.92662749706228,1,1502.7312469482422,561.9363284111023,1824.3043899536133,621.2839365005493,Left,0.9564583897590637
1324,43355.044444444444,57.19177438307873,1,1495.6330490112305,560.8632302284241,1826.5184783935547,629.1503190994263,Left,0.9416167736053467
1325,43387.78888888889,56.39356051703878,1,1497.806739807129,562.3971748352051,1826.0723876953125,632.8363180160522,Left,0.9605223536491394
1326,43420.53333333334,55.966674500587544,1,1494.854507446289,562.6927757263184,1827.5728225708008,637.7983832359314,Left,0.9684000611305237
1327,43453.27777777778,55.94951821386604,1,1495.579490661621,563.0362057685852,1829.7532653808594,635.4687881469727,Left,0.9210415482521057
1328,43486.02222222222,196.99285546415982,1,1491.6810607910156,562.7908802032471,1829.1524505615234,634.6596193313599,Left,0.9477129578590393
1329,43518.76666666667,212.07614571092833,1,1490.7342910766602,562.4202847480774,1830.8299255371094,641.2319111824036,Left,0.9384351372718811
1330,43551.51111111111,214.9361222091657,1,1495.455093383789,564.0408754348755,1825.3828811645508,633.8928079605103,Left,0.956853449344635
1331,43584.25555555556,209.67835487661574,1,1491.833724975586,565.4637122154236,1830.5767822265625,640.1746487617493,Left,0.8882240056991577
1332,43617.00000000001,62.22129259694477,1,1505.1683807373047,560.768666267395,1834.9557495117188,627.8735446929932,Left,0.9062286615371704
1333,43649.74444444444,58.05367802585194,1,1500.6863021850586,560.8858251571655,1832.204475402832,632.9548287391663,Left,0.9006767272949219
1334,43682.48888888889,59.71191539365452,1,1493.2878112792969,562.8911733627319,1831.1489868164062,634.1038870811462,Left,0.9421948790550232
1335,43715.24444444444,64.2599294947121,1,1502.629623413086,563.0472779273987,1834.1441345214844,635.3544616699219,Left,0.9165141582489014
1336,43747.98888888889,69.40653349001175,1,1527.8149795532227,559.759361743927,1835.298957824707,632.3676180839539,Right,0.5080273747444153
1337,43780.73333333334,80.41015276145711,1,1493.558006286621,561.6142702102661,1832.8614807128906,635.8403491973877,Left,0.9445579648017883
1338,43813.47777777778,77.43224441833138,1,1494.3479919433594,562.3586797714233,1831.5946197509766,633.8701486587524,Left,0.9512096047401428
1339,43846.222222222226,50.44042303172738,1,1505.8246994018555,561.2433528900146,1836.6825485229492,634.7397637367249,Left,0.9551572203636169
1340,43878.96666666667,38.65978848413631,1,1529.9560546875,561.2710332870483,1832.0886611938477,632.6657938957214,Left,0.5875778198242188
1341,43911.71111111111,38.02448883666275,1,1495.2177429199219,561.3963031768799,1832.8986740112305,635.6774210929871,Left,0.9238476157188416
1342,43944.455555555556,37.684559341950646,1,1510.275764465332,560.0628161430359,1834.2100524902344,634.6560788154602,Left,0.9604243040084839
1343,43977.200000000004,38.35849588719154,1,1539.8810577392578,565.7356882095337,1835.2821350097656,634.9382257461548,Left,0.9111509323120117
1344,44009.955555555556,37.909142185663924,1,1503.1389999389648,569.873456954956,1829.1854095458984,636.7504549026489,Left,0.8242090940475464
1345,44042.700000000004,38.71750881316099,1,1500.5376434326172,563.4237313270569,1831.8172073364258,626.6380333900452,Left,0.934889554977417
1346,44075.444444444445,38.78538190364277,1,1501.3561248779297,559.5028352737427,1835.694923400879,637.4157500267029,Left,0.937751293182373
1347,44108.18888888889,39.44629847238543,1,1498.9108657836914,557.6105904579163,1830.919532775879,630.7445168495178,Left,0.9585707783699036
1348,44140.933333333334,39.52413631022327,1,1497.154655456543,564.4877529144287,1831.6541290283203,638.0954647064209,Left,0.9003663063049316
1349,44173.67777777778,39.877602820211514,1,1508.888168334961,558.3264183998108,1831.1814880371094,623.9986753463745,Left,0.9625006914138794
1350,44206.42222222222,39.51153936545241,1,1497.069969177246,558.5644698143005,1826.8426895141602,630.9777402877808,Left,0.9430707693099976
1351,44239.16666666667,40.552808460634544,1,1517.9138946533203,565.4839897155762,1828.6405563354492,624.691264629364,Left,0.9589022397994995
1352,44271.91111111112,40.95567567567568,1,1494.9040603637695,565.4825735092163,1821.4949798583984,634.6130132675171,Left,0.9600259065628052
1353,44304.65555555555,41.83915393654524,1,1494.6451950073242,560.740213394165,1820.163803100586,626.4191651344299,Left,0.9483162760734558
1354,44337.41111111112,41.773725029377204,1,1496.4685821533203,561.1049509048462,1819.903221130371,639.5542860031128,Left,0.9504529237747192
1355,44370.15555555555,42.04747356051704,1,1510.1687622070312,561.3484740257263,1818.6062622070312,625.7393217086792,Left,0.9044178128242493
1356,44402.9,42.146462984723854,1,1519.7392272949219,564.4985032081604,1819.9641036987305,630.9145903587341,Left,0.9118667840957642
1357,44435.64444444445,43.1758401880141,1,1493.0294036865234,560.5816626548767,1817.6375198364258,634.9176263809204,Left,0.9304779767990112
1358,44468.38888888889,43.366956521739134,1,1489.1725158691406,559.2128992080688,1818.0568313598633,628.6869621276855,Left,0.9535309672355652
1359,44501.13333333334,44.117696827262044,1,1488.9418029785156,559.7062540054321,1820.2576446533203,632.1849274635315,Left,0.9504331350326538
1360,44533.87777777778,43.96267920094007,1,1489.2732238769531,559.6918344497681,1819.756851196289,626.099488735199,Left,0.9480571746826172
1361,44566.62222222222,44.35083431257344,1,1488.5939025878906,554.1494464874268,1820.7831573486328,630.2405405044556,Left,0.9484843015670776
1362,44599.36666666667,44.60521739130435,1,1495.7109832763672,553.9701676368713,1825.4763793945312,626.7582821846008,Left,0.9604994654655457
1363,44632.11111111112,45.08869565217391,1,1496.6162109375,554.0693664550781,1828.590202331543,620.5539464950562,Left,0.9243288636207581
1364,44664.86666666667,45.343830787309045,1,1518.6064910888672,554.484121799469,1825.370750427246,624.5081233978271,Left,0.7344331741333008
1365,44697.61111111112,45.10063454759107,1,1503.6602783203125,552.409508228302,1832.2426986694336,621.7515420913696,Left,0.9229804277420044
1366,44730.35555555556,45.05226792009401,1,1528.4607696533203,554.0954375267029,1832.2473907470703,620.4194068908691,Left,0.7265158891677856
1367,44763.1,45.27877790834312,1,1495.8308029174805,555.9608387947083,1829.4819259643555,625.3621602058411,Left,0.9246341586112976
1368,44795.84444444445,51.024958871915395,1,1497.5885009765625,548.5008430480957,1833.9746475219727,623.8091611862183,Left,0.9637404680252075
1369,44828.58888888889,54.58923619271445,1,1510.9218978881836,551.3463878631592,1828.8427734375,623.2102346420288,Left,0.9441978335380554
1370,44861.333333333336,56.09790834312574,1,1505.822525024414,551.5043592453003,1831.080436706543,615.2085399627686,Left,0.9388125538825989
1371,44894.077777777784,62.29786133960047,1,1523.0247116088867,551.7116403579712,1829.3795013427734,623.5967946052551,Left,0.9482328295707703
1372,44926.822222222225,72.90505287896592,1,1498.9297485351562,553.8241696357727,1822.789535522461,622.7960586547852,Left,0.9566217064857483
1373,44959.566666666666,80.08249118683901,1,1498.846321105957,549.6968293190002,1822.8522491455078,626.7065262794495,Left,0.978661298751831
1374,44992.322222222225,83.75548766157462,1,1502.5435638427734,553.1358933448792,1821.9522857666016,622.7629065513611,Left,0.9454352259635925
1375,45025.066666666666,84.67252643948297,1,1490.951271057129,552.82555103302,1827.476692199707,624.3924450874329,Left,0.947838544845581
1376,45057.811111111114,83.93739130434783,1,1502.5724029541016,555.5402255058289,1831.1478424072266,626.7360734939575,Left,0.939373254776001
1377,45090.55555555556,82.3970857814336,1,1498.6792373657227,554.0597748756409,1826.0620880126953,624.0939474105835,Left,0.9067298173904419
1378,45123.3,82.12282021151586,1,1523.873291015625,551.9412589073181,1829.4569778442383,618.3485269546509,Left,0.9754689335823059
1379,45156.044444444444,81.46942420681552,1,1498.8050079345703,553.952271938324,1823.6050415039062,622.8075170516968,Left,0.9171867966651917
1380,45188.78888888889,81.24023501762632,1,1497.1881866455078,550.5053544044495,1829.6240615844727,624.8111271858215,Left,0.9347385168075562
1381,45221.53333333333,80.67017626321974,1,1520.218734741211,552.2975635528564,1831.640625,618.6475396156311,Left,0.9594144821166992
1382,45254.27777777778,80.46387779083432,1,1500.3091049194336,551.593644618988,1825.1893615722656,618.6027359962463,Left,0.921267032623291
1383,45287.02222222223,79.88723854289071,1,1495.7426834106445,546.9783568382263,1830.956153869629,625.3803777694702,Left,0.9501931071281433
1384,45319.77777777778,79.92775558166862,1,1505.646743774414,551.0022497177124,1834.1168975830078,617.0458102226257,Left,0.9637901782989502
1385,45352.52222222223,79.69353701527615,1,1494.9691772460938,552.2897100448608,1824.6240234375,622.8460121154785,Left,0.9171261787414551
1386,45385.26666666666,79.59529964747357,1,1502.7146530151367,548.5746145248413,1831.6391372680664,621.7009449005127,Left,0.9303836226463318
1387,45418.01111111111,79.0357696827262,1,1498.4484100341797,550.5242156982422,1830.4552459716797,618.8377618789673,Left,0.9512092471122742
1388,45450.75555555556,78.86129259694476,1,1550.7672500610352,554.3607831001282,1834.0229415893555,620.0481033325195,Left,0.8394728899002075
1389,45483.5,78.77052878965922,1,1500.658836364746,552.0508217811584,1826.3715362548828,620.1494908332825,Left,0.9339978694915771
1390,45516.24444444445,78.60202115158637,1,1496.8661499023438,551.0716438293457,1827.0975494384766,617.8086948394775,Left,0.9307067394256592
1391,45548.988888888896,78.62848413631022,1,1497.0466232299805,550.6759428977966,1827.8001022338867,623.6085748672485,Left,0.9112409353256226
1392,45581.73333333333,79.17475910693302,1,1506.6850662231445,551.8125128746033,1833.8733673095703,621.4144206047058,Left,0.9611157178878784
1393,45614.47777777778,189.29739130434783,1,1493.690299987793,549.5165848731995,1828.33740234375,620.7917404174805,Left,0.9558961391448975
1394,45647.23333333333,205.5787544065805,1,1499.8214721679688,547.7745223045349,1833.7659072875977,626.035566329956,Left,0.9613142609596252
1395,45679.97777777778,204.429330199765,1,1529.3925476074219,551.4377331733704,1833.4016418457031,617.926561832428,Left,0.8455445766448975
1396,45712.722222222226,80.31501762632197,1,1496.6265106201172,552.8958463668823,1829.1778564453125,619.3806195259094,Left,0.9224360585212708
1397,45745.46666666667,78.50317273795535,1,1501.7896270751953,549.6187448501587,1838.045768737793,627.0512437820435,Left,0.9504179954528809
1398,45778.211111111115,78.66392479435957,1,1523.7177658081055,553.0664348602295,1829.9503326416016,620.0649046897888,Left,0.7712284326553345
1399,45810.955555555556,77.11638072855465,1,1507.5460052490234,552.40229845047,1833.4030151367188,620.9292411804199,Left,0.8215463161468506
1400,45843.700000000004,65.96136310223267,1,1499.2425155639648,548.6055135726929,1836.0848236083984,619.3995451927185,Left,0.9412920475006104
1401,45876.444444444445,50.364559341950645,1,1535.482406616211,552.3581385612488,1839.2289733886719,623.2905077934265,Left,0.6426828503608704
1402,45909.18888888889,39.938284371327846,1,1502.8239440917969,549.010419845581,1833.7823867797852,627.9556846618652,Left,0.951811671257019
1403,45941.944444444445,37.91257344300823,1,1503.5626602172852,554.4047498703003,1833.8369750976562,618.4441208839417,Left,0.9339535236358643
1404,45974.68888888889,37.89443008225617,1,1506.7771911621094,554.6469211578369,1832.2202682495117,627.0952749252319,Left,0.9027107357978821
1405,46007.43333333334,38.23059929494712,1,1496.6283416748047,553.0254292488098,1833.3603286743164,624.5878171920776,Left,0.9607211947441101
1406,46040.177777777775,38.52329024676851,1,1497.1952819824219,555.1756811141968,1831.0978317260742,620.463502407074,Left,0.9469746947288513
1407,46072.92222222222,39.06448883666275,1,1496.9866561889648,553.2435894012451,1834.962501525879,634.376699924469,Left,0.8802129030227661
1408,46105.66666666667,39.17908343125735,1,1512.5192642211914,552.75062084198,1832.3981094360352,623.8774609565735,Left,0.9749246835708618
1409,46138.41111111111,39.376545240893066,1,1499.5412063598633,556.787838935852,1830.6093978881836,626.9089794158936,Left,0.8758621215820312
1410,46171.15555555556,39.274312573443005,1,1494.8423767089844,553.9325094223022,1829.6239471435547,628.6844515800476,Left,0.9606215953826904
1411,46203.9,39.914312573443006,1,1508.6989974975586,555.4169511795044,1831.8909072875977,614.9122953414917,Left,0.9654940366744995
1412,46236.64444444444,40.21659224441833,1,1500.1531219482422,554.4515490531921,1825.660400390625,624.1863870620728,Left,0.9208208918571472
1413,46269.38888888889,40.78585193889542,1,1501.5430068969727,553.7974548339844,1829.9689865112305,625.5516743659973,Left,0.9210985898971558
1414,46302.14444444444,40.64037602820211,1,1504.9079132080078,557.4607300758362,1832.9268264770508,624.2517256736755,Left,0.9040603041648865
1415,46334.88888888889,40.671351351351355,1,1501.7021942138672,554.52068567276,1834.848289489746,615.1035475730896,Left,0.9418361783027649
1416,46367.63333333334,40.87135135135135,1,1497.4748611450195,551.4253735542297,1834.0161895751953,625.4809927940369,Left,0.9472471475601196
1417,46400.37777777778,41.2303642773208,1,1507.2743225097656,554.9992990493774,1834.346923828125,624.5215773582458,Left,0.9496231079101562
1418,46433.12222222222,41.36921269095182,1,1497.850456237793,555.9943771362305,1828.5397338867188,627.5834155082703,Left,0.9228646755218506
1419,46465.86666666667,41.518307873090485,1,1503.1707000732422,555.5450534820557,1835.4064178466797,627.1344780921936,Left,0.921332061290741
1420,46498.61111111111,41.291515863689774,1,1504.8685455322266,556.7992329597473,1833.9728164672852,627.1228265762329,Left,0.9450971484184265
1421,46531.35555555556,41.39675675675676,1,1498.912696838379,554.4915246963501,1829.3158721923828,626.3406300544739,Left,0.9436588287353516
1422,46564.100000000006,41.678260869565214,1,1492.892189025879,554.9622845649719,1829.0462493896484,629.3344902992249,Left,0.9032882452011108
1423,46596.85555555556,41.956615746180965,1,1509.0503311157227,554.507167339325,1837.4696731567383,622.4463844299316,Left,0.9543448090553284
1424,46629.600000000006,41.94195064629847,1,1499.8950576782227,554.8325085639954,1825.8526611328125,625.75927734375,Left,0.9327100515365601
1425,46662.34444444445,41.96089306698002,1,1496.4897537231445,549.9719595909119,1829.7331237792969,631.2125086784363,Left,0.9260086417198181
1426,46695.08888888889,41.8110928319624,1,1513.1584167480469,556.5209484100342,1837.2259140014648,623.6274361610413,Left,0.9043697118759155
1427,46727.833333333336,42.05038777908343,1,1533.1595993041992,555.6846141815186,1839.6433639526367,622.4230170249939,Left,0.5305088758468628
1428,46760.577777777784,42.22665099882491,1,1503.7664794921875,557.5263261795044,1834.5766067504883,619.5391058921814,Left,0.9023426175117493
1429,46793.322222222225,42.454477085781434,1,1507.7043914794922,553.0554914474487,1836.4356994628906,626.3072204589844,Left,0.9031514525413513
1430,46826.06666666667,42.63393654524089,1,1503.3005905151367,555.5359768867493,1835.4001235961914,624.3775749206543,Left,0.9305025339126587
1431,46858.811111111114,49.13433607520564,1,1496.696434020996,553.6652326583862,1835.709228515625,625.5445289611816,Left,0.9331541657447815
1432,46891.555555555555,57.403666274970625,1,1495.4246520996094,550.8598566055298,1834.4114685058594,626.7493343353271,Left,0.9432129263877869
1433,46924.311111111114,67.44925969447709,1,1507.518310546875,557.3390650749207,1839.3585205078125,624.8848342895508,Left,0.875571608543396
1434,46957.055555555555,79.72968272620446,1,1501.6363906860352,553.5953879356384,1833.9189147949219,625.7661652565002,Left,0.9590956568717957
1435,46989.8,86.19454759106932,1,1504.7119903564453,552.6623010635376,1832.8971862792969,623.1869959831238,Left,0.9479897022247314
1436,47022.54444444445,85.15482961222092,1,1496.5450286865234,551.5823793411255,1829.875144958496,623.6346459388733,Left,0.9573425650596619
1437,47055.28888888889,83.05772032902468,1,1503.6345291137695,555.4690289497375,1831.0743713378906,630.9181308746338,Left,0.8842090368270874
1438,47088.03333333333,81.2232197414806,1,1494.7588348388672,555.0094056129456,1823.9344024658203,620.0291132926941,Left,0.9605358839035034
1439,47120.77777777778,78.05847238542891,1,1510.9130859375,551.4791250228882,1833.7233352661133,630.2879190444946,Left,0.9503623843193054
1440,47153.52222222222,76.35492361927145,1,1491.786231994629,551.3256597518921,1827.5415802001953,622.4844288825989,Left,0.975853443145752
1441,47186.26666666667,73.50373678025852,1,1496.8529891967773,551.3703346252441,1826.9290924072266,625.4775810241699,Left,0.9308865070343018
1442,47219.01111111112,72.12239717978848,1,1510.3292083740234,550.4610013961792,1832.3641204833984,621.5830135345459,Left,0.9762645959854126
1443,47251.76666666667,69.9580258519389,1,1496.5489196777344,554.0161943435669,1826.847267150879,629.6967172622681,Left,0.8871884346008301
1444,47284.51111111112,68.84305522914218,1,1495.9596633911133,550.2279710769653,1830.7951354980469,620.0108313560486,Left,0.9453819394111633
1445,47317.25555555555,67.10434782608695,1,1509.1357040405273,551.9130635261536,1831.8079376220703,620.2920770645142,Left,0.8965806365013123
1446,47350.0,66.6708813160987,1,1496.4833450317383,553.8246202468872,1831.7335510253906,625.0749921798706,Left,0.904838502407074
1447,47382.74444444445,65.47177438307872,1,1515.6106567382812,552.6155018806458,1836.7333602905273,623.6527347564697,Left,0.9462715983390808
1448,47415.48888888889,64.84470035252644,1,1517.992286682129,554.1704964637756,1830.614891052246,618.9114046096802,Left,0.698764443397522
1449,47448.23333333334,64.16535840188014,1,1503.5398864746094,552.7430248260498,1835.0447845458984,616.0874891281128,Left,0.9036951065063477
1450,47480.97777777778,63.90561692126909,1,1509.3177795410156,554.4969320297241,1834.2402648925781,623.4606456756592,Left,0.8090993165969849
1451,47513.722222222226,62.97762632197415,1,1493.7581634521484,550.0647854804993,1833.2549285888672,620.8185839653015,Left,0.9147499799728394
1452,47546.46666666667,62.63205640423032,1,1504.4744110107422,551.9421601295471,1837.8062438964844,622.2943997383118,Left,0.8377416133880615
1453,47579.222222222226,61.84117508813161,1,1509.2971801757812,551.731595993042,1842.5852966308594,623.5098266601562,Left,0.8063640594482422
1454,47611.96666666667,61.76737955346651,1,1516.947898864746,551.1254596710205,1840.7582473754883,623.4857511520386,Left,0.8783254027366638
1455,47644.711111111115,61.17701527614571,1,1541.3789749145508,545.8040642738342,1838.4765243530273,618.8086009025574,Left,0.6641024351119995
1456,47677.45555555556,61.37541715628672,1,1496.6632461547852,548.758978843689,1832.885627746582,618.6011266708374,Left,0.9528335928916931
1457,47710.2,195.0807990599295,1,1502.6089096069336,552.0054388046265,1836.269760131836,622.8335881233215,Left,0.793286919593811
1458,47742.944444444445,212.9142185663925,1,1493.0581283569336,547.2991275787354,1833.1587982177734,617.1475195884705,Left,0.93474280834198
1459,47775.68888888889,212.37447708578142,1,1499.685401916504,551.9007039070129,1837.5468063354492,625.1962065696716,Left,0.8766821622848511
1460,47808.433333333334,212.8706462984724,1,1498.3575439453125,547.19477891922,1836.9608688354492,621.1031770706177,Left,0.9228251576423645
1461,47841.17777777778,66.31971797884842,1,1495.689697265625,548.3289670944214,1834.4794464111328,621.9586300849915,Left,0.8916972875595093
1462,47873.933333333334,61.67506462984724,1,1498.0055236816406,548.4781193733215,1837.7658462524414,619.8732018470764,Left,0.9222606420516968
1463,47906.67777777778,63.03793184488837,1,1516.2947845458984,552.4490976333618,1832.0684051513672,618.4269332885742,Left,0.8480411171913147
1464,47939.42222222222,65.32418331374853,1,1510.6554794311523,550.8245801925659,1837.532958984375,623.2802724838257,Left,0.8205560445785522
1465,47972.166666666664,68.75995299647474,1,1492.3200988769531,545.3403854370117,1835.6664276123047,620.2231335639954,Left,0.9552748203277588
1466,48004.91111111111,72.34359576968272,1,1501.3561248779297,552.4368023872375,1831.6539001464844,624.0931749343872,Left,0.8807507157325745
1467,48037.65555555556,79.63407755581669,1,1496.4521026611328,548.3704876899719,1837.4145126342773,620.8521223068237,Left,0.935404896736145
1468,48070.4,80.62980023501763,1,1497.2222900390625,551.131317615509,1829.626693725586,623.8145685195923,Left,0.9244665503501892
1469,48103.14444444445,77.03374853113984,1,1530.0663757324219,550.6072568893433,1836.3125610351562,618.9587831497192,Left,0.6755112409591675
1470,48135.88888888889,62.56235017626322,1,1514.5883560180664,550.0572538375854,1835.0213241577148,618.4274482727051,Left,0.8927673101425171
1471,48168.63333333333,50.38834312573443,1,1528.3099365234375,551.549870967865,1835.9168243408203,616.4389657974243,Left,0.626539945602417
1472,48201.37777777778,43.219553466509986,1,1502.8317260742188,548.5859441757202,1831.6300964355469,619.6908330917358,Left,0.9358657598495483
1473,48234.13333333333,40.52846063454759,1,1495.6938171386719,548.4337663650513,1830.6976318359375,618.5778880119324,Left,0.9281845092773438
1474,48266.87777777778,38.60376028202115,1,1501.1430358886719,549.5237302780151,1835.4430389404297,621.8925833702087,Left,0.9438467621803284
1475,48299.62222222223,38.47957696827262,1,1559.414405822754,545.6605768203735,1832.5037384033203,619.2109322547913,Left,0.6360094547271729
1476,48332.366666666676,38.58246768507638,1,1508.283348083496,554.8736429214478,1831.6271209716797,617.2904276847839,Left,0.8451005220413208
1477,48365.11111111111,39.24075205640423,1,1513.6793518066406,552.6707983016968,1834.0873718261719,620.943660736084,Left,0.8094140887260437
1478,48397.85555555556,39.15807285546416,1,1500.5107498168945,552.8404211997986,1833.5911560058594,624.2506313323975,Left,0.9198871850967407
1479,48430.600000000006,39.20653349001175,1,1499.2576217651367,551.5424680709839,1834.5419311523438,624.8035955429077,Left,0.9220026731491089
1480,48463.34444444445,38.97494712103408,1,1497.9622650146484,554.3354845046997,1833.4358596801758,623.444938659668,Left,0.9428582787513733
1481,48496.088888888895,39.446909518213864,1,1503.2238006591797,557.6808857917786,1834.7100448608398,622.1324372291565,Left,0.9087094068527222
1482,48528.84444444445,39.49019976498237,1,1506.416244506836,553.2376670837402,1835.8612060546875,622.6604247093201,Left,0.9057043194770813
1483,48561.588888888895,40.00878965922444,1,1497.784652709961,548.523952960968,1835.2803039550781,626.5829944610596,Left,0.9279487729072571
1484,48594.333333333336,39.96643948296122,1,1499.520034790039,548.4766387939453,1832.4930953979492,622.5585222244263,Left,0.954372763633728
1485,48627.07777777778,40.33189189189189,1,1494.957618713379,552.8676509857178,1831.3790130615234,626.2668585777283,Left,0.9321350455284119
1486,48659.822222222225,40.371421856639245,1,1507.961082458496,552.059576511383,1833.6310958862305,625.8248090744019,Left,0.9397193193435669
1487,48692.56666666667,40.916709753231494,1,1502.252082824707,553.8305425643921,1828.0078125,622.9850578308105,Left,0.9215189814567566
1488,48725.311111111114,41.04925969447709,1,1496.2334060668945,549.6620678901672,1828.3551406860352,625.9686183929443,Left,0.9491447806358337
1489,48758.055555555555,41.582044653349,1,1500.106086730957,554.7412919998169,1829.6065521240234,620.8418226242065,Left,0.9189536571502686
1490,48790.8,41.440047003525265,1,1496.5990447998047,548.2126450538635,1831.8078231811523,628.3080625534058,Left,0.9726344347000122
1491,48823.544444444444,42.31290246768508,1,1497.6847457885742,551.9019269943237,1828.3305358886719,617.907121181488,Left,0.967805802822113
1492,48856.3,42.64136310223267,1,1494.627685546875,550.748941898346,1830.3508758544922,623.7483930587769,Left,0.8965892195701599
1493,48889.044444444444,42.388155111633374,1,1508.0644226074219,553.2453274726868,1834.6976852416992,626.293830871582,Left,0.9744356274604797
1494,48921.78888888889,42.21532314923619,1,1493.6378860473633,552.6885008811951,1828.1167602539062,624.6402812004089,Left,0.920928955078125
1495,48954.53333333334,41.83097532314924,1,1492.5175094604492,548.8665461540222,1830.0188827514648,627.9337334632874,Left,0.9264854788780212
1496,48987.277777777774,41.62119858989424,1,1499.439811706543,550.2990388870239,1836.1565780639648,624.5522832870483,Left,0.9326850771903992
1497,49020.02222222222,41.522397179788484,1,1510.0545501708984,553.4661269187927,1834.9383544921875,624.5184230804443,Left,0.9286909699440002
1498,49052.76666666667,41.58209165687427,1,1506.4575576782227,552.7609205245972,1833.0896759033203,622.7501606941223,Left,0.9048821330070496
1499,49085.51111111111,41.55370152761457,1,1495.8393859863281,552.8796887397766,1832.6829528808594,622.5885200500488,Left,0.8907777070999146
1500,49118.25555555556,41.23689776733255,1,1506.2539672851562,552.6210379600525,1839.5647430419922,622.8798723220825,Left,0.9334878325462341
1501,49151.0,41.28202115158637,1,1504.8921203613281,554.0944719314575,1833.4611511230469,622.6978898048401,Left,0.8027806878089905
1502,49183.75555555556,41.21607520564042,1,1491.5254211425781,550.523636341095,1831.2096405029297,620.4476022720337,Left,0.9258639216423035
1503,49216.5,41.50430082256169,1,1522.163200378418,553.2341909408569,1835.167350769043,623.6191320419312,Left,0.877858579158783
1504,49249.24444444445,41.73668625146886,1,1519.6996307373047,554.0258502960205,1837.5456619262695,620.624692440033,Left,0.908043622970581
1505,49281.98888888889,41.72507638072855,1,1495.422248840332,552.4319744110107,1828.2157516479492,624.1218852996826,Left,0.8955917954444885
1506,49314.73333333334,43.69842538190364,1,1493.8720321655273,549.266881942749,1834.0254592895508,624.9636268615723,Left,0.9495468139648438
1507,49347.477777777785,50.01955346650999,1,1502.5545501708984,550.8393216133118,1837.5140762329102,619.7470951080322,Left,0.9457444548606873
1508,49380.222222222226,54.0723384253819,1,1503.5009765625,554.4373226165771,1836.2979125976562,625.2579402923584,Left,0.9198218584060669
1509,49412.96666666667,57.79816686251469,1,1525.4245376586914,552.0768928527832,1838.5848999023438,622.1240043640137,Left,0.6566070914268494
1510,49445.711111111115,62.005734430082256,1,1499.0629577636719,550.3213763237,1834.5241928100586,617.5765657424927,Left,0.9467930197715759
1511,49478.455555555556,68.08615746180963,1,1511.6867065429688,554.0985918045044,1836.4076614379883,625.4370260238647,Left,0.7551859021186829
1512,49511.211111111115,74.87323149236192,1,1494.1061782836914,550.4700779914856,1831.2311553955078,621.2809109687805,Left,0.9720073342323303
1513,49543.955555555556,78.03840188014101,1,1513.769302368164,557.4305391311646,1833.9495849609375,621.2925624847412,Left,0.8655393719673157
1514,49576.700000000004,80.46265569917743,1,1501.0791778564453,553.7679076194763,1832.0988464355469,626.1777663230896,Left,0.8952717781066895
1515,49609.44444444445,81.11177438307872,1,1501.373062133789,551.51691198349,1831.5449523925781,618.483452796936,Left,0.9582551717758179
1516,49642.188888888886,80.65842538190364,1,1497.9445266723633,551.4035511016846,1829.7996139526367,629.0455842018127,Left,0.9146600961685181
1517,49674.933333333334,79.46143360752056,1,1541.4850616455078,553.3493542671204,1837.9866027832031,620.5250430107117,Left,0.9282222390174866
1518,49707.67777777778,79.15703877790834,1,1496.8115615844727,551.4562726020813,1831.4753723144531,625.2676606178284,Left,0.9028592109680176
1519,49740.42222222222,78.90340775558167,1,1497.6286697387695,549.1128373146057,1836.1811828613281,624.7726964950562,Left,0.8963282108306885
1520,49773.16666666667,78.79041128084606,1,1504.274024963379,548.9944553375244,1839.0137100219727,621.5987205505371,Left,0.9487655162811279
1521,49805.92222222222,78.43567567567568,1,1579.4368743896484,525.5723333358765,1838.111686706543,614.4555044174194,Right,0.7909023761749268
1522,49838.66666666667,78.22754406580493,1,1536.6619491577148,556.2088680267334,1838.7352752685547,615.622136592865,Left,0.9401416778564453
1523,49871.41111111111,78.03764982373679,1,1506.5762329101562,554.8568415641785,1827.9174041748047,622.1815538406372,Left,0.8566811084747314
1524,49904.15555555555,78.29884841363102,1,1505.1355361938477,549.5953130722046,1840.1275634765625,619.8568511009216,Left,0.8849137425422668
1525,49936.9,78.34754406580494,1,1500.8957290649414,549.166910648346,1835.2384185791016,615.1257562637329,Left,0.9525672793388367
1526,49969.64444444445,78.49701527614572,1,1510.308837890625,551.5770363807678,1837.9738998413086,621.5399479866028,Left,0.8178668022155762
1527,50002.3888888889,78.53381903642773,1,1510.1200103759766,548.5466766357422,1843.055763244629,614.5626854896545,Left,0.8575387001037598
1528,50035.13333333333,78.52672150411281,1,1519.1334915161133,546.5723562240601,1839.844093322754,619.650342464447,Left,0.8519263863563538
1529,50067.87777777778,78.44465334900117,1,1496.9246292114258,545.7543683052063,1839.7287368774414,621.0442757606506,Left,0.9289178252220154
1530,50100.62222222223,78.31605170387779,1,1506.5195846557617,546.1220026016235,1845.6565475463867,619.4754409790039,Left,0.9385923743247986
1531,50133.37777777778,79.01499412455934,1,1554.2348098754883,538.781965970993,1844.0497970581055,615.497317314148,Left,0.5360760688781738
1532,50166.12222222223,189.154312573443,1,1506.240577697754,544.5395851135254,1839.3354034423828,614.009850025177,Left,0.9712528586387634
1533,50198.86666666667,204.70227967097532,1,1503.6869430541992,547.5618982315063,1840.9584045410156,619.4766640663147,Left,0.8737609386444092
1534,50231.61111111112,205.64004700352527,1,1499.3760681152344,540.8519124984741,1839.9469757080078,619.8869776725769,Left,0.93793785572052
1535,50264.35555555556,81.23332549941246,1,1525.1124572753906,546.276433467865,1841.9736099243164,616.5215563774109,Left,0.9223002791404724
1536,50297.1,77.63309048178614,1,1534.9674224853516,548.9564752578735,1841.067008972168,618.5550355911255,Left,0.7812652587890625
1537,50329.84444444445,79.25344300822562,1,1540.4581832885742,540.6351041793823,1841.791763305664,613.5783576965332,Left,0.7239610552787781
1538,50362.588888888895,70.38265569917743,1,1517.640037536621,543.4068131446838,1839.0214920043945,613.552029132843,Left,0.9322290420532227
1539,50395.333333333336,47.05551116333725,1,1547.0099258422852,537.4517941474915,1843.1608200073242,608.005199432373,Right,0.6144590377807617
1540,50428.07777777778,38.64169212690952,1,1523.408546447754,548.8874673843384,1836.7332458496094,609.1361689567566,Left,0.9676839709281921
1541,50460.833333333336,38.315487661574615,1,1511.403694152832,553.3370590209961,1834.969596862793,618.4961986541748,Left,0.7816803455352783
1542,50493.57777777778,38.31027027027027,1,1504.5275115966797,542.9392719268799,1836.1727142333984,614.3736863136292,Left,0.9667688608169556
1543,50526.322222222225,38.439717978848414,1,1503.6506652832031,546.269416809082,1835.141487121582,615.471568107605,Left,0.8876184225082397
1544,50559.066666666666,38.44117508813161,1,1532.925910949707,547.2695803642273,1839.264907836914,616.3784551620483,Left,0.9627149701118469
1545,50591.811111111114,38.87304347826087,1,1518.3195877075195,547.8562760353088,1831.8151473999023,616.3590788841248,Left,0.7418740391731262
1546,50624.55555555556,39.23421856639248,1,1505.8032989501953,543.6483407020569,1841.1713790893555,611.4749693870544,Left,0.8922273516654968
1547,50657.3,39.5372972972973,1,1499.7625350952148,542.1919655799866,1842.4742889404297,613.7581515312195,Left,0.9193722605705261
1548,50690.044444444444,39.682162162162165,1,1500.5419921875,542.2752642631531,1840.1022720336914,616.4236450195312,Left,0.9250036478042603
1549,50722.78888888889,39.62994124559342,1,1502.2217559814453,545.9765839576721,1835.259017944336,618.9282703399658,Left,0.9335408210754395
1550,50755.544444444444,39.63276145710928,1,1521.9891357421875,549.5852708816528,1842.6914978027344,622.6302981376648,Left,0.7961609959602356
1551,50788.28888888889,39.96136310223267,1,1506.529197692871,542.8341507911682,1840.993309020996,620.8068680763245,Left,0.957817792892456
1552,50821.03333333333,40.17184488836663,1,1551.9052505493164,541.748628616333,1839.7151184082031,614.0287113189697,Right,0.5011565685272217
1553,50853.77777777778,40.3952526439483,1,1500.2180099487305,542.7803993225098,1842.4935150146484,623.9006996154785,Left,0.9488686919212341
1554,50886.52222222223,40.29212690951822,1,1509.5331573486328,545.0781941413879,1833.3338928222656,612.6085138320923,Left,0.9433245062828064
1555,50919.26666666667,40.07388954171563,1,1513.8127899169922,541.8367552757263,1833.728256225586,617.7239799499512,Left,0.965874195098877
1556,50952.01111111111,40.1848178613396,1,1504.9600982666016,544.8653769493103,1832.5572967529297,622.36900806427,Left,0.916656494140625
1557,50984.75555555556,40.457626321974146,1,1504.3730163574219,542.5518751144409,1828.0856323242188,611.0883450508118,Left,0.9388263821601868
1558,51017.50000000001,40.61113983548766,1,1499.3856811523438,541.6751146316528,1828.1605911254883,615.6558036804199,Left,0.9715849757194519
1559,51050.24444444445,40.602256169212694,1,1499.725112915039,544.5764064788818,1834.6677017211914,622.6225733757019,Left,0.9173558354377747
1560,51082.98888888889,40.19487661574618,1,1513.3075332641602,547.9689288139343,1833.9065551757812,610.6602644920349,Left,0.9614565372467041
1561,51115.74444444445,40.27210340775558,1,1499.6971893310547,543.3087086677551,1833.9007186889648,626.8457651138306,Left,0.85052889585495
1562,51148.48888888889,40.469659224441834,1,1503.6567306518555,546.2217807769775,1833.6122131347656,606.6179609298706,Left,0.947456419467926
1563,51181.23333333334,40.57419506462985,1,1529.0015029907227,544.5539402961731,1839.9159622192383,613.9586091041565,Left,0.7139179706573486
1564,51213.97777777778,40.568695652173915,1,1503.0585479736328,541.8742203712463,1841.238784790039,611.809709072113,Left,0.9494917392730713
1565,51246.722222222226,40.38566392479436,1,1509.283218383789,547.4309635162354,1838.2605743408203,621.0294699668884,Left,0.8494209051132202
1566,51279.466666666674,40.219929494712105,1,1501.1729049682617,541.8715810775757,1837.2027969360352,616.534366607666,Left,0.9652367830276489
1567,51312.21111111111,40.262702702702704,1,1502.1990966796875,543.1348371505737,1835.775146484375,625.287938117981,Left,0.9071094989776611
1568,51344.955555555556,40.42519388954172,1,1521.3533020019531,545.3725075721741,1840.4290008544922,610.173990726471,Left,0.9737532734870911
1569,51377.700000000004,40.53015276145711,1,1514.7494888305664,552.169075012207,1833.0509948730469,616.8754148483276,Left,0.7784751653671265
1570,51410.455555555556,40.52860164512339,1,1496.0110473632812,539.4836962223053,1834.6920776367188,624.0117430686951,Left,0.9295265674591064
1571,51443.200000000004,40.10359576968273,1,1506.2651824951172,545.0575947761536,1845.9752655029297,620.2285408973694,Left,0.8817663192749023
1572,51475.944444444445,40.01678025851939,1,1508.8738632202148,545.7113027572632,1839.7130584716797,613.2252717018127,Left,0.9340177774429321
1573,51508.68888888889,40.12385428907168,1,1553.2531356811523,548.3556175231934,1840.499382019043,614.8475360870361,Left,0.8230795860290527
1574,51541.433333333334,40.29612220916569,1,1500.882797241211,547.4925684928894,1840.4034805297852,623.5801863670349,Left,0.8869772553443909
1575,51574.177777777775,40.17870740305523,1,1499.124984741211,540.7151198387146,1838.155860900879,611.3401079177856,Left,0.9650569558143616
1576,51606.92222222222,39.875111633372505,1,1505.8168029785156,547.4771189689636,1841.8255233764648,618.1267619132996,Left,0.8881319761276245
1577,51639.66666666667,39.87172737955347,1,1553.766975402832,547.8961873054504,1843.5657119750977,622.3720979690552,Left,0.8508038520812988
1578,51672.41111111112,40.095699177438306,1,1505.0085067749023,549.5250177383423,1835.401496887207,618.8396286964417,Left,0.8935559988021851
1579,51705.15555555555,40.33396004700352,1,1504.416847229004,543.0616450309753,1843.6933135986328,614.8817181587219,Left,0.9458974599838257
1580,51737.91111111111,40.46895417156287,1,1546.5545654296875,549.8912358283997,1842.0307159423828,614.6457266807556,Left,0.830213189125061
1581,51770.65555555555,40.38260869565217,1,1499.2597961425781,544.301598072052,1839.0216064453125,625.3593921661377,Left,0.8954455852508545
1582,51803.4,40.25480611045828,1,1510.8467102050781,545.7167744636536,1842.9481887817383,620.5191206932068,Left,0.9262385368347168
1583,51836.14444444445,40.21701527614571,1,1544.4771194458008,544.4316959381104,1842.5406646728516,616.5863800048828,Left,0.6254432797431946
1584,51868.88888888889,40.569541715628674,1,1507.2778701782227,544.0470027923584,1842.9483032226562,617.6731252670288,Left,0.9503363966941833
1585,51901.63333333334,41.175605170387776,1,1506.4435958862305,540.6947779655457,1835.9342193603516,614.4163012504578,Left,0.9658152461051941
1586,51934.37777777778,48.13381903642773,1,1502.6068496704102,542.7034735679626,1832.5847625732422,616.4121866226196,Left,0.9399163722991943
1587,51967.12222222222,59.685405405405405,1,1510.9031295776367,543.6949467658997,1838.2366561889648,622.3197627067566,Left,0.9569777250289917
1588,51999.86666666667,71.60220916568743,1,1510.5679321289062,545.6396555900574,1832.4151611328125,614.645082950592,Left,0.9409358501434326
1589,52032.61111111112,79.22157461809635,1,1503.4041595458984,544.031810760498,1836.3696670532227,616.9365692138672,Left,0.9291694760322571
1590,52065.36666666667,85.36935370152761,1,1513.0944442749023,542.3839902877808,1845.4060363769531,617.4970006942749,Left,0.9759567975997925
1591,52098.11111111112,86.60517038777908,1,1504.4247436523438,547.9624915122986,1836.276626586914,620.0912976264954,Left,0.9133874177932739
1592,52130.85555555556,86.97819036427732,1,1509.4952774047852,543.162260055542,1843.8114166259766,616.5904355049133,Left,0.9629773497581482
1593,52163.600000000006,87.51280846063455,1,1505.1498413085938,542.8369188308716,1837.8934478759766,620.0356149673462,Left,0.9447858333587646
1594,52196.34444444445,87.60549941245593,1,1502.8699493408203,542.9548501968384,1837.5580215454102,617.9772233963013,Left,0.9519079923629761
1595,52229.08888888889,88.50406580493537,1,1517.3158264160156,543.502471446991,1844.912338256836,618.0537629127502,Left,0.9714109301567078
1596,52261.833333333336,89.00648648648648,1,1502.1286010742188,544.9232482910156,1842.2915267944336,621.3332462310791,Left,0.9207140207290649
1597,52294.577777777784,89.69142185663925,1,1508.957176208496,544.1596555709839,1842.4901962280273,619.0110540390015,Left,0.9470528960227966
1598,52327.322222222225,90.51191539365452,1,1503.6497497558594,544.8503136634827,1842.4938583374023,619.1540908813477,Left,0.9128537774085999
1599,52360.077777777784,91.54171562867215,1,1507.1345901489258,542.6685190200806,1846.3080596923828,619.0761995315552,Left,0.9481499195098877
1600,52392.822222222225,92.7482491186839,1,1507.2486877441406,542.431046962738,1846.2760162353516,614.9970102310181,Left,0.9740826487541199
1601,52425.566666666666,93.13024676850763,1,1504.6515655517578,545.448853969574,1843.432731628418,618.9170694351196,Left,0.9258284568786621
1602,52458.311111111114,93.270223266745,1,1504.6208953857422,542.5738906860352,1845.1265716552734,616.8161916732788,Left,0.9392908811569214
1603,52491.055555555555,93.25945945945946,1,1525.3038024902344,545.3458571434021,1845.343894958496,611.5251803398132,Left,0.9401438236236572
1604,52523.8,206.67285546415982,1,1511.0878372192383,549.2769241333008,1840.5669021606445,619.987142086029,Left,0.8211790919303894
1605,52556.54444444445,204.2948061104583,1,1515.9682846069336,541.5523552894592,1849.486198425293,610.8264756202698,Left,0.9288956522941589
1606,52589.28888888889,203.26951821386604,1,1507.0525360107422,549.434187412262,1841.1504364013672,619.4875431060791,Left,0.8904197216033936
1607,52622.03333333333,92.37974148061105,1,1515.6830978393555,541.7904710769653,1850.2171325683594,611.977915763855,Left,0.8796814680099487
1608,52654.77777777778,89.13113983548766,1,1530.966453552246,542.5899195671082,1849.3353652954102,614.4674134254456,Left,0.790263831615448
1609,52687.53333333333,90.8632197414806,1,1503.7781524658203,539.6016275882721,1844.1022109985352,607.7411413192749,Left,0.95455402135849
1610,52720.27777777778,83.58853113983548,1,1518.6851119995117,546.8985986709595,1845.9917449951172,612.4016189575195,Left,0.7896764874458313
1611,52753.02222222223,64.29443008225617,1,1509.5882034301758,541.7186307907104,1847.2685623168945,607.3197555541992,Left,0.931639552116394
1612,52785.76666666667,43.802068155111634,1,1526.7998886108398,543.9734244346619,1846.453514099121,611.2255239486694,Left,0.8466393947601318
1613,52818.51111111111,40.555111633372505,1,1519.8042297363281,544.629385471344,1848.7780380249023,613.9665269851685,Left,0.8665715456008911
1614,52851.25555555556,40.05917743830787,1,1522.2096633911133,540.7272219657898,1846.5167999267578,615.0281667709351,Left,0.9649752378463745
1615,52884.0,40.30561692126909,1,1504.2232131958008,546.6207647323608,1839.1873168945312,616.8460607528687,Left,0.8750944137573242
1616,52916.74444444445,40.72427732079906,1,1506.1610412597656,541.391487121582,1846.8834686279297,611.0697412490845,Left,0.898051917552948
1617,52949.488888888896,41.40996474735605,1,1529.4678497314453,543.4055256843567,1849.6642684936523,608.2303762435913,Left,0.8748764991760254
1618,52982.24444444445,41.4765687426557,1,1515.9423065185547,543.359112739563,1841.4925003051758,612.4799609184265,Left,0.9042841792106628
1619,53014.988888888896,41.618237367802585,1,1503.6055755615234,543.7356948852539,1842.6871490478516,614.7803950309753,Left,0.922546923160553
1620,53047.73333333333,41.43153936545241,1,1509.8381423950195,540.4093480110168,1839.1762161254883,605.5115818977356,Left,0.9691776633262634
1621,53080.47777777778,42.058895417156286,1,1504.874496459961,540.4653525352478,1838.5345458984375,612.9438328742981,Left,0.9339472055435181
1622,53113.222222222226,42.31356051703878,1,1540.60546875,544.7069549560547,1843.9060592651367,605.549304485321,Left,0.9507825374603271
1623,53145.96666666667,42.51384253819037,1,1512.0761489868164,550.3884530067444,1836.8440246582031,617.3169493675232,Left,0.8188615441322327
1624,53178.711111111115,42.61419506462985,1,1505.91796875,541.4513540267944,1843.5282897949219,601.8720602989197,Left,0.8605825901031494
1625,53211.455555555556,42.52427732079906,1,1509.4503021240234,542.1056413650513,1847.6103973388672,603.6992239952087,Left,0.8746783137321472
1626,53244.2,42.61334900117509,1,1505.5035781860352,537.211811542511,1844.3455123901367,609.4687843322754,Left,0.9551117420196533
1627,53276.944444444445,42.767285546415984,1,1523.8237380981445,540.3920316696167,1842.6226043701172,606.6637301445007,Left,0.7980741262435913
1628,53309.68888888889,42.91163337250294,1,1506.6230392456055,536.3658535480499,1842.7486038208008,609.8668670654297,Left,0.9487935304641724
1629,53342.444444444445,43.04300822561692,1,1507.1492385864258,538.6275029182434,1836.9461059570312,606.1703753471375,Left,0.9546618461608887
1630,53375.18888888889,42.764136310223265,1,1503.4561157226562,539.856094121933,1837.3331451416016,610.9603714942932,Left,0.9183295369148254
1631,53407.933333333334,42.57019976498238,1,1519.236946105957,539.3162941932678,1842.535171508789,603.4144377708435,Left,0.9656126499176025
1632,53440.67777777778,42.73400705052879,1,1510.0257110595703,539.6871471405029,1835.6364440917969,611.1505937576294,Left,0.8928472995758057
1633,53473.42222222222,43.00117508813161,1,1504.3379974365234,534.9173641204834,1841.0135650634766,608.0577921867371,Left,0.9613093733787537
1634,53506.16666666667,43.026603995299645,1,1506.2211227416992,542.0869088172913,1841.8149948120117,611.9089722633362,Left,0.9137473702430725
1635,53538.91111111111,42.81621621621622,1,1500.1160430908203,539.258519411087,1838.510627746582,605.2152729034424,Left,0.9019342660903931
1636,53571.65555555556,42.6641598119859,1,1517.109603881836,537.8538036346436,1843.7443542480469,610.7041668891907,Left,0.9181150197982788
1637,53604.40000000001,42.69189189189189,1,1528.849754333496,539.730019569397,1846.4107131958008,607.858235836029,Left,0.6353827714920044
1638,53637.15555555556,43.01612220916569,1,1509.1640853881836,538.2805323600769,1843.7682723999023,610.069899559021,Left,0.867436945438385
1639,53669.90000000001,42.92244418331375,1,1517.0447158813477,537.2057282924652,1842.4592971801758,610.3079509735107,Left,0.9139646887779236
1640,53702.64444444444,43.082914218566394,1,1504.6190643310547,535.0661945343018,1843.0268096923828,608.7134957313538,Left,0.948580265045166
1641,53735.38888888889,42.91802585193889,1,1514.2837142944336,539.9584472179413,1844.560203552246,610.3564882278442,Left,0.8582000732421875
1642,53768.13333333334,42.796803760282025,1,1507.0648956298828,539.0791440010071,1841.513671875,598.8017249107361,Left,0.9140866994857788
1643,53800.87777777778,43.08639247943596,1,1501.6866302490234,538.5159766674042,1838.5924530029297,604.9337697029114,Left,0.8808724880218506
1644,53833.62222222223,43.791257344300824,1,1512.0490264892578,536.5576529502869,1844.710464477539,606.3299560546875,Left,0.9606378078460693
1645,53866.36666666667,45.07623971797885,1,1500.8286666870117,535.5819511413574,1841.6760635375977,606.5977478027344,Left,0.9691168069839478
1646,53899.11111111111,47.2999294947121,1,1506.339111328125,535.1713156700134,1840.254020690918,604.6830368041992,Left,0.9577076435089111
1647,53931.85555555556,53.79257344300822,1,1503.8369750976562,538.6696994304657,1838.8481140136719,606.69997215271,Left,0.9360237717628479
1648,53964.61111111111,67.17405405405405,1,1519.643783569336,540.861246585846,1846.6091537475586,609.3068861961365,Left,0.9004251956939697
1649,53997.35555555556,81.01076380728554,1,1502.2662734985352,537.0156991481781,1840.5988311767578,609.6822452545166,Left,0.9424110651016235
1650,54030.100000000006,89.0470035252644,1,1502.2920227050781,536.2434160709381,1841.0107040405273,610.9779453277588,Left,0.9407727718353271
1651,54062.84444444445,92.04136310223267,1,1509.3451309204102,540.654673576355,1846.017837524414,605.0921273231506,Left,0.8987945914268494
1652,54095.58888888889,92.98368977673326,1,1503.9594268798828,539.1314148902893,1848.7517166137695,603.0100464820862,Left,0.8979421854019165
1653,54128.333333333336,92.9095652173913,1,1530.1437377929688,540.2286529541016,1850.533790588379,611.4929938316345,Left,0.8524929881095886
1654,54161.07777777778,92.42571092831962,1,1521.2101364135742,539.8483371734619,1845.7704162597656,606.8153929710388,Left,0.8187960386276245
1655,54193.822222222225,92.56517038777908,1,1541.4269256591797,533.121839761734,1850.515480041504,606.1221599578857,Right,0.5424411296844482
1656,54226.56666666667,92.51656874265569,1,1503.819580078125,534.5492792129517,1842.3514938354492,609.7465538978577,Left,0.9667468667030334
1657,54259.322222222225,91.86462984723855,1,1521.5784072875977,539.1073715686798,1841.5692901611328,607.8343534469604,Left,0.9164695739746094
1658,54292.06666666667,91.56573443008226,1,1513.4111022949219,541.1710095405579,1845.7636642456055,610.4268479347229,Left,0.8302107453346252
1659,54324.811111111114,90.91967097532314,1,1499.666976928711,536.8809020519257,1842.0089721679688,608.8022661209106,Left,0.9108105301856995
1660,54357.555555555555,90.95826086956522,1,1547.7547073364258,534.672714471817,1848.7744903564453,610.0852847099304,Right,0.5307823419570923
1661,54390.3,90.47111633372504,1,1520.013198852539,539.596381187439,1843.2632446289062,605.4968404769897,Left,0.9801318645477295
1662,54423.04444444445,90.36329024676851,1,1516.211814880371,541.3958644866943,1836.057357788086,612.0121622085571,Left,0.8939101099967957
1663,54455.78888888889,89.5750411280846,1,1508.770751953125,535.9432446956635,1840.8338928222656,614.9390745162964,Left,0.9481434226036072
1664,54488.53333333333,90.06425381903642,1,1505.2136993408203,539.6777808666229,1844.0451049804688,606.4798808097839,Left,0.9291337728500366
1665,54521.27777777778,191.309330199765,1,1505.0541687011719,537.9211699962616,1846.0969161987305,610.60715675354,Left,0.9328306913375854
1666,54554.02222222222,206.40836662749706,1,1513.4375381469727,538.5526692867279,1844.5880126953125,604.3036222457886,Left,0.9597360491752625
1667,54586.77777777778,204.89974148061106,1,1509.6544647216797,539.599084854126,1840.3642272949219,606.8046426773071,Left,0.925710916519165
1668,54619.52222222222,204.0542890716804,1,1504.8617935180664,537.0759522914886,1840.531997680664,611.7597556114197,Left,0.9126945734024048
1669,54652.26666666667,85.87840188014101,1,1564.7053527832031,532.9805409908295,1849.8249435424805,611.847174167633,Left,0.5501207113265991
1670,54685.01111111112,86.43003525264395,1,1516.2293243408203,540.3666043281555,1840.4814147949219,602.7448296546936,Left,0.9724509119987488
1671,54717.75555555556,80.81997649823737,1,1506.4862823486328,545.5629229545593,1839.0769958496094,610.2644991874695,Left,0.8253393173217773
1672,54750.5,56.46185663924794,1,1539.8762512207031,536.4238858222961,1847.010154724121,603.0450010299683,Right,0.5470428466796875
1673,54783.24444444445,39.487614571092834,1,1522.4531936645508,544.0977931022644,1845.4111862182617,604.3990874290466,Left,0.8313852548599243
1674,54815.98888888889,37.73391304347826,1,1502.9296875,537.3952424526215,1840.4888534545898,609.6029376983643,Left,0.9467352032661438
1675,54848.73333333334,38.11595769682726,1,1500.4383087158203,536.323174238205,1843.5601043701172,611.668860912323,Left,0.9369152784347534
1676,54881.477777777785,38.262608695652176,1,1511.305160522461,537.3160314559937,1846.7298889160156,605.9220886230469,Left,0.9526544213294983
1677,54914.23333333334,38.883948296122206,1,1506.1222457885742,541.6642355918884,1841.4930725097656,611.9198513031006,Left,0.917383074760437
1678,54946.977777777785,38.86580493537015,1,1520.3936004638672,542.4057483673096,1848.7857055664062,607.1440172195435,Left,0.8727947473526001
1679,54979.72222222222,39.15807285546416,1,1510.876808166504,540.4733991622925,1848.680648803711,609.0624618530273,Left,0.9368364214897156
1680,55012.46666666667,38.83210340775558,1,1506.9673919677734,536.3514983654022,1843.0870056152344,612.2807908058167,Left,0.9641395211219788
1681,55045.211111111115,39.86213866039953,1,1513.556785583496,543.9128494262695,1844.8308563232422,611.6376399993896,Left,0.8860260248184204
1682,55077.955555555556,39.98552291421856,1,1502.732162475586,537.9092288017273,1844.5266723632812,610.5788969993591,Left,0.953345000743866
1683,55110.700000000004,40.49165687426557,1,1503.3002471923828,535.188535451889,1848.449821472168,612.5555348396301,Left,0.9623600244522095
1684,55143.444444444445,40.34806110458285,1,1506.284294128418,541.8476343154907,1839.697036743164,614.3524432182312,Left,0.9251736998558044
1685,55176.18888888889,40.5992009400705,1,1518.563575744629,539.07750248909,1845.8082962036133,607.3293471336365,Left,0.9184003472328186
1686,55208.944444444445,40.59003525264395,1,1505.5609130859375,537.441623210907,1845.2446746826172,607.6962733268738,Left,0.9524165391921997
1687,55241.68888888889,41.12380728554641,1,1518.0939102172852,539.1514348983765,1845.6167221069336,609.5502161979675,Left,0.9073740243911743
1688,55274.433333333334,41.321410105757934,1,1503.9356231689453,539.37828540802,1842.8145217895508,605.1765203475952,Left,0.9420360922813416
1689,55307.17777777778,41.485593419506465,1,1502.867202758789,536.0403835773468,1846.9212341308594,613.0618286132812,Left,0.9608584642410278
1690,55339.92222222223,41.250669800235016,1,1504.5272827148438,537.9035639762878,1838.404884338379,602.2320985794067,Left,0.9815443158149719
1691,55372.666666666664,41.307121034077554,1,1506.7475509643555,536.2483084201813,1835.6512069702148,606.3021469116211,Left,0.9435626268386841
1692,55405.41111111111,41.571468860164515,1,1505.1348495483398,538.0715453624725,1840.0870513916016,609.463312625885,Left,0.9252573847770691
1693,55438.15555555556,41.835111633372506,1,1526.1853408813477,539.5616519451141,1841.3384628295898,603.5376477241516,Left,0.9559436440467834
1694,55470.9,41.854806110458284,1,1505.731430053711,538.3663415908813,1835.9624862670898,607.0073533058167,Left,0.9551565051078796
1695,55503.64444444445,41.62279670975323,1,1515.8183670043945,536.9642972946167,1839.0081024169922,609.4640207290649,Left,0.9529808163642883
1696,55536.4,41.541151586368976,1,1514.4018173217773,536.3283240795135,1836.2322235107422,605.6387186050415,Left,0.9172911047935486
1697,55569.14444444445,41.76037602820212,1,1531.5466690063477,542.2910356521606,1837.9124450683594,602.1475768089294,Left,0.9603114724159241
1698,55601.88888888889,41.911163337250294,1,1509.6768951416016,538.7219703197479,1831.8921661376953,600.3705596923828,Left,0.9697807431221008
1699,55634.63333333333,42.06199764982374,1,1509.5187377929688,534.120683670044,1834.9337768554688,605.5064964294434,Left,0.9471297264099121
1700,55667.37777777778,41.95055229142186,1,1512.0206451416016,537.4043190479279,1837.0166015625,604.7394919395447,Left,0.9624190330505371
1701,55700.12222222223,41.81903642773208,1,1514.143409729004,535.9793257713318,1837.1857452392578,603.9745473861694,Left,0.9411117434501648
1702,55732.86666666667,41.781621621621625,1,1520.145606994629,539.8477256298065,1836.7355346679688,598.8749170303345,Left,0.9146365523338318
1703,55765.61111111111,42.233560517038775,1,1515.7242965698242,534.6962106227875,1836.8347549438477,603.6822938919067,Left,0.9703420400619507
1704,55798.35555555556,42.52126909518214,1,1513.4082412719727,536.3395893573761,1829.3022537231445,600.7999277114868,Left,0.8917640447616577
1705,55831.1,43.25391304347826,1,1501.9694137573242,536.9462728500366,1834.7630310058594,596.4303517341614,Left,0.944586992263794
1706,55863.85555555556,46.18792009400705,1,1505.6465148925781,535.9426975250244,1839.4770812988281,603.9170622825623,Left,0.9339562654495239
1707,55896.6,51.497955346651,1,1516.0300827026367,535.2634012699127,1844.9068450927734,604.5194005966187,Left,0.967336893081665
1708,55929.34444444445,60.76418331374853,1,1508.0005645751953,534.6327710151672,1835.7258224487305,601.1205053329468,Left,0.9524555206298828
1709,55962.088888888895,71.96521739130435,1,1502.4405670166016,535.5761575698853,1840.7947540283203,607.742235660553,Left,0.9308160543441772
1710,55994.83333333334,83.40061104582844,1,1536.2956237792969,539.1718089580536,1843.5395050048828,601.4992117881775,Left,0.9407289028167725
1711,56027.57777777778,86.10650998824912,1,1503.384017944336,535.3086233139038,1835.8380889892578,605.7522082328796,Left,0.8217203617095947
1712,56060.322222222225,88.10185663924794,1,1501.3922882080078,529.5500385761261,1839.8971939086914,605.8697533607483,Left,0.9560338258743286
1713,56093.06666666667,91.34025851938895,1,1502.5899124145508,530.208832025528,1842.5244140625,604.3201661109924,Left,0.9610258936882019
1714,56125.811111111114,92.8158401880141,1,1500.9952926635742,533.0270504951477,1840.565299987793,606.0331320762634,Left,0.9432569742202759
1715,56158.55555555556,95.68075205640423,1,1501.2112426757812,532.3029828071594,1840.6631469726562,607.0863389968872,Left,0.947334349155426
1716,56191.311111111114,98.94909518213866,1,1509.722900390625,532.9705631732941,1847.2693634033203,611.8375825881958,Left,0.9567735195159912
1717,56224.05555555556,100.05884841363103,1,1512.2124481201172,536.9461441040039,1838.2538223266602,597.8564715385437,Left,0.9087429642677307
1718,56256.8,101.92432432432433,1,1506.1764907836914,527.9999685287476,1841.0710144042969,605.1402139663696,Left,0.9661287665367126
1719,56289.544444444444,102.63609870740305,1,1505.1514434814453,531.9865894317627,1845.1552963256836,607.6260423660278,Left,0.9629676938056946
1720,56322.28888888889,103.89739130434782,1,1509.8344802856445,534.1775572299957,1838.7659454345703,594.6118783950806,Left,0.9398012757301331
1721,56355.03333333334,104.51440658049354,1,1505.6460571289062,530.5240345001221,1839.9045181274414,605.4183053970337,Left,0.9474099278450012
1722,56387.77777777778,105.08648648648649,1,1508.8097763061523,532.0477759838104,1841.5548706054688,601.9506597518921,Left,0.9745722413063049
1723,56420.52222222222,105.46209165687426,1,1507.4967956542969,528.8756668567657,1836.36474609375,604.9926066398621,Left,0.9547024965286255
1724,56453.26666666667,106.023642773208,1,1522.6547241210938,535.7140123844147,1846.8946838378906,606.7627358436584,Left,0.9737751483917236
1725,56486.02222222222,106.70119858989425,1,1512.9957962036133,537.1076881885529,1838.57666015625,603.1082153320312,Left,0.8039543032646179
1726,56518.76666666667,187.86806110458284,1,1535.0127410888672,534.4065642356873,1844.5771408081055,603.6914992332458,Left,0.94254469871521
1727,56551.51111111111,199.3613160987074,1,1514.3217086791992,533.0162358283997,1845.3094482421875,605.9450697898865,Left,0.9250848293304443
1728,56584.25555555556,200.87605170387778,1,1515.3943634033203,534.2747926712036,1844.6573638916016,597.6095366477966,Left,0.9505375027656555
1729,56617.00000000001,104.26505287896592,1,1511.8206024169922,531.6433846950531,1839.418830871582,607.0486164093018,Left,0.9313102960586548
1730,56649.74444444444,99.70669800235018,1,1504.1689682006836,530.4909467697144,1840.3926086425781,602.0236587524414,Left,0.9799395799636841
1731,56682.48888888889,94.26077555816686,1,1514.772834777832,531.8470931053162,1839.9483489990234,605.5080413818359,Left,0.9635534882545471
1732,56715.23333333334,82.39572267920094,1,1508.7531280517578,530.3488755226135,1841.4874649047852,606.154990196228,Left,0.9547090530395508
1733,56747.97777777778,61.8757696827262,1,1515.0712966918945,528.8227200508118,1842.5251007080078,600.8792996406555,Left,0.9810302257537842
1734,56780.73333333334,45.001880141010574,1,1511.565170288086,532.0075106620789,1834.522705078125,606.9152998924255,Left,0.9126887321472168
1735,56813.47777777778,44.26321974148061,1,1517.8079223632812,530.91268658638,1843.22021484375,600.533938407898,Left,0.9470890760421753
1736,56846.222222222226,43.184770857814335,1,1512.9068756103516,537.0184350013733,1839.887466430664,603.0477046966553,Left,0.7773149013519287
1737,56878.96666666667,43.32888366627497,1,1514.0867614746094,530.8141314983368,1841.9046020507812,601.7680335044861,Left,0.9570751190185547
1738,56911.711111111115,42.76878965922444,1,1503.2236862182617,531.342408657074,1842.286720275879,603.4616231918335,Left,0.8899656534194946
1739,56944.455555555556,42.94077555816686,1,1516.834487915039,531.583582162857,1846.4619827270508,605.7974624633789,Left,0.9533731341362
1740,56977.200000000004,42.64084606345476,1,1510.9009552001953,530.5513608455658,1842.886848449707,599.1501760482788,Left,0.9666959047317505
1741,57009.94444444445,43.54321974148061,1,1505.2162170410156,532.9571413993835,1842.1441268920898,607.7950859069824,Left,0.88497394323349
1742,57042.688888888886,43.26886016451234,1,1537.0289611816406,532.1842789649963,1850.7451629638672,592.6065945625305,Left,0.9563621878623962
1743,57075.433333333334,43.34364277320799,1,1502.8318405151367,528.7907910346985,1840.0456237792969,603.2471323013306,Left,0.9653372764587402
1744,57108.17777777778,42.58942420681551,1,1505.1191711425781,527.433614730835,1843.7602615356445,602.5580191612244,Left,0.971432089805603
1745,57140.933333333334,42.765264394829615,1,1509.3586349487305,528.5420858860016,1838.125991821289,600.1098489761353,Left,0.9502589106559753
1746,57173.67777777778,43.12709753231492,1,1505.4875564575195,530.1433968544006,1841.9950103759766,610.5481266975403,Left,0.9398435950279236
1747,57206.42222222222,43.5309518213866,1,1520.486068725586,535.1703178882599,1846.9001770019531,594.73064661026,Left,0.9781649708747864
1748,57239.16666666667,43.764136310223265,1,1512.513771057129,533.3989334106445,1836.5541458129883,608.1435370445251,Left,0.9417291283607483
1749,57271.91111111112,43.61913043478261,1,1517.8209686279297,531.4186263084412,1839.6253967285156,600.5450105667114,Left,0.9506186842918396
1750,57304.65555555555,43.54745005875441,1,1513.2979202270508,534.5757365226746,1840.4384994506836,610.7642269134521,Left,0.9162392020225525
1751,57337.4,43.54425381903643,1,1500.706672668457,529.5740497112274,1837.1399688720703,598.3645677566528,Left,0.9786843657493591
1752,57370.14444444445,43.68667450058754,1,1502.988510131836,528.0999076366425,1831.5922164916992,602.0279717445374,Left,0.95879727602005
1753,57402.88888888889,43.8406580493537,1,1503.5627746582031,530.0800216197968,1839.5117568969727,603.7881231307983,Left,0.940616250038147
1754,57435.64444444445,43.668907168037606,1,1499.7349548339844,531.3662910461426,1840.2785110473633,600.3748083114624,Left,0.9662971496582031
1755,57468.38888888889,43.37602820211516,1,1503.7239074707031,529.9210846424103,1839.9742126464844,603.2903909683228,Left,0.9578827023506165
1756,57501.13333333334,43.372972972972974,1,1507.5565338134766,531.3480412960052,1841.6154098510742,601.483633518219,Left,0.9384897947311401
1757,57533.87777777778,43.589894242068155,1,1502.8804779052734,529.6839666366577,1843.3032989501953,604.5475959777832,Left,0.9389331340789795
1758,57566.62222222222,43.756850763807286,1,1509.2036819458008,529.8166072368622,1844.161148071289,601.013388633728,Left,0.9646451473236084
1759,57599.36666666667,43.44512338425382,1,1509.3944549560547,529.1531789302826,1841.8091583251953,598.8306283950806,Left,0.9368535876274109
1760,57632.11111111112,43.19605170387779,1,1504.4296646118164,530.1837909221649,1844.6974182128906,605.7263946533203,Left,0.8755131959915161
1761,57664.855555555565,42.859600470035254,1,1514.864730834961,528.9730632305145,1844.6321868896484,596.4896392822266,Left,0.9687226414680481
1762,57697.6,43.00770857814336,1,1508.0112075805664,527.9643380641937,1840.7719802856445,596.5710067749023,Left,0.9627647399902344
1763,57730.355555555565,42.941151586368974,1,1513.5626220703125,528.1778955459595,1848.0968856811523,593.9794778823853,Left,0.9506396055221558
1764,57763.1,43.28300822561692,1,1517.7876663208008,527.3559165000916,1837.3200988769531,594.6706509590149,Left,0.9556108713150024
1765,57795.84444444445,44.82176263219741,1,1504.1514587402344,529.7948491573334,1841.6255950927734,603.4274411201477,Left,0.8949334621429443
1766,57828.588888888895,53.39797884841363,1,1571.4270401000977,512.8391253948212,1850.0724792480469,594.0352892875671,Right,0.5368719100952148
1767,57861.333333333336,69.68982373678026,1,1530.1091766357422,532.3713147640228,1843.8085556030273,596.9526100158691,Left,0.872256338596344
1768,57894.077777777784,78.63360752056404,1,1512.066650390625,531.2710511684418,1843.732566833496,606.1814475059509,Left,0.9003203511238098
1769,57926.822222222225,84.36573443008226,1,1515.567970275879,529.5307910442352,1842.6699829101562,595.4437065124512,Left,0.9405972957611084
1770,57959.566666666666,85.75421856639248,1,1519.2386627197266,527.2661805152893,1839.5276641845703,602.4790334701538,Left,0.9436113834381104
1771,57992.311111111114,86.31337250293772,1,1510.700798034668,527.8080081939697,1837.734603881836,600.6154346466064,Left,0.9065354466438293
1772,58025.05555555556,86.40582843713278,1,1507.4359130859375,527.6043963432312,1838.386001586914,594.0188097953796,Left,0.9550260305404663
1773,58057.811111111114,86.12220916568742,1,1508.997802734375,532.4808132648468,1838.155746459961,597.9650688171387,Left,0.8579357862472534
1774,58090.55555555556,85.78688601645123,1,1551.4054870605469,525.9319531917572,1844.637680053711,594.3527126312256,Left,0.5641156435012817
1775,58123.3,84.95384253819036,1,1503.157081604004,530.640903711319,1839.0868377685547,598.958215713501,Left,0.9076464176177979
1776,58156.044444444444,84.46387779083432,1,1509.8993682861328,527.3253071308136,1847.867546081543,590.695424079895,Left,0.9285024404525757
1777,58188.78888888889,83.70279670975323,1,1530.820083618164,530.1476454734802,1847.0935821533203,597.0785236358643,Left,0.6959611773490906
1778,58221.53333333333,83.00850763807286,1,1507.1379089355469,525.606290102005,1849.3782806396484,597.245442867279,Left,0.924674928188324
1779,58254.27777777778,82.45113983548767,1,1509.7465896606445,527.0470547676086,1852.7885055541992,596.5351510047913,Left,0.9430974125862122
1780,58287.02222222223,81.80780258519388,1,1521.1394119262695,526.9269347190857,1850.3617858886719,591.5468215942383,Left,0.9360984563827515
1781,58319.76666666666,81.46754406580493,1,1518.9320755004883,533.0239927768707,1844.2405700683594,599.7024321556091,Left,0.7998162508010864
1782,58352.51111111111,81.05936545240893,1,1505.4718780517578,522.881669998169,1848.3698272705078,594.0087032318115,Left,0.9391961097717285
1783,58385.26666666666,81.31957696827261,1,1516.7958068847656,529.2122089862823,1849.7888946533203,592.0847225189209,Left,0.8917937278747559
1784,58418.01111111111,81.27177438307874,1,1512.300682067871,528.7285423278809,1846.7305755615234,594.9065780639648,Left,0.8997526168823242
1785,58450.75555555556,80.96498237367803,1,1508.957290649414,524.6781921386719,1851.034927368164,601.1033177375793,Left,0.9200080633163452
1786,58483.5,80.74928319623972,1,1514.6614837646484,523.0551552772522,1851.6604614257812,595.207200050354,Left,0.954262912273407
1787,58516.24444444445,81.17786133960047,1,1514.0641021728516,529.9464154243469,1847.3828887939453,599.0447974205017,Left,0.8948851227760315
1788,58548.988888888896,193.09405405405406,1,1503.7646484375,522.3503029346466,1850.7001876831055,602.351188659668,Left,0.9160976409912109
1789,58581.73333333334,207.62538190364276,1,1510.5509948730469,520.557450056076,1849.6659851074219,595.1150822639465,Left,0.950431227684021
1790,58614.47777777778,208.94195064629847,1,1508.7979888916016,526.2193465232849,1844.490966796875,596.8661570549011,Left,0.9185904860496521
1791,58647.222222222226,85.19727379553467,1,1506.0262298583984,521.6623163223267,1850.397834777832,597.5735521316528,Left,0.915081799030304
1792,58679.97777777778,79.98133960047004,1,1509.0400314331055,520.2308857440948,1851.244125366211,596.3243937492371,Left,0.9555566310882568
1793,58712.722222222226,77.53884841363102,1,1516.6311264038086,526.036559343338,1846.4958572387695,598.3162879943848,Left,0.7731360793113708
1794,58745.466666666674,69.84860164512338,1,1523.9268493652344,522.9134380817413,1847.7081298828125,590.21075963974,Left,0.9286209344863892
1795,58778.211111111115,58.64869565217391,1,1517.1617889404297,527.31565117836,1849.0080642700195,589.6537399291992,Left,0.7731071710586548
1796,58810.955555555556,47.81537015276146,1,1510.0144958496094,523.6824703216553,1848.7883377075195,595.5642771720886,Left,0.8766915798187256
1797,58843.700000000004,53.85532314923619,1,1520.0602340698242,521.8860769271851,1854.726905822754,595.6796979904175,Left,0.8321150541305542
1798,58876.444444444445,55.97377203290247,1,1515.0043487548828,523.9594674110413,1852.4250411987305,595.3391647338867,Left,0.9100754261016846
1799,58909.18888888889,57.16385428907168,1,1509.723014831543,520.9235072135925,1848.7939453125,594.8202538490295,Left,0.9515221118927002
1800,58941.93333333334,57.615840188014104,1,1511.5679168701172,524.2599606513977,1847.2952270507812,590.5746603012085,Left,0.9229749441146851
1801,58974.677777777775,58.27497062279671,1,1504.185905456543,522.2835159301758,1847.2023010253906,590.8253288269043,Left,0.9369397759437561
1802,59007.43333333334,58.59882491186839,1,1514.3056869506836,522.5798892974854,1850.3068542480469,595.0234150886536,Left,0.8839839696884155
1803,59040.177777777775,59.03924794359577,1,1510.4199600219727,520.0728499889374,1849.7985076904297,594.1915225982666,Left,0.953376829624176
1804,59072.92222222222,58.87685076380728,1,1514.5670700073242,525.287514925003,1847.7996826171875,591.6758251190186,Left,0.8878171443939209
1805,59105.66666666667,59.26843713278496,1,1516.8756866455078,523.4714555740356,1851.9970321655273,593.0308771133423,Left,0.8539072871208191
1806,59138.41111111111,59.54148061104583,1,1524.7711944580078,522.9987001419067,1851.3212585449219,595.4029583930969,Left,0.9462223052978516
1807,59171.15555555556,60.09165687426557,1,1533.7494277954102,522.1828365325928,1849.4611358642578,592.4717974662781,Left,0.7981507778167725
1808,59203.9,60.16690951821386,1,1518.2946395874023,521.3088762760162,1852.2720336914062,596.0881447792053,Left,0.8636122941970825
1809,59236.64444444444,60.17170387779083,1,1502.2432708740234,517.3364174365997,1845.502052307129,594.9441075325012,Left,0.9551244378089905
1810,59269.38888888889,61.509565217391305,1,1517.7257537841797,523.4478950500488,1847.9938888549805,594.3848347663879,Left,0.8864656686782837
1811,59302.14444444444,64.1073090481786,1,1508.5304260253906,521.2347829341888,1848.965835571289,591.4342331886292,Left,0.9248284697532654
1812,59334.88888888889,67.86387779083431,1,1510.2263259887695,521.7680811882019,1849.1560363769531,591.3753318786621,Left,0.9420372247695923
1813,59367.63333333334,70.97757931844889,1,1517.4583053588867,524.215704202652,1847.4517822265625,590.4542827606201,Left,0.8904927968978882
1814,59400.37777777779,72.62110458284371,1,1508.788948059082,525.1732850074768,1845.3936767578125,592.5503969192505,Left,0.9174703359603882
1815,59433.12222222222,74.72780258519388,1,1500.2426147460938,519.4967436790466,1843.7316513061523,591.6319227218628,Left,0.9323521852493286
1816,59465.86666666667,77.46397179788484,1,1503.2418823242188,515.8250999450684,1849.0695190429688,598.250241279602,Left,0.9437625408172607
1817,59498.61111111112,80.55882491186838,1,1503.7227630615234,519.5070433616638,1840.037841796875,589.6359729766846,Left,0.9651556015014648
1818,59531.35555555556,81.83092831962396,1,1561.7562103271484,514.8446989059448,1848.2875442504883,588.9105534553528,Left,0.5205349922180176
1819,59564.100000000006,82.80150411280846,1,1517.9198455810547,521.0684108734131,1843.6318588256836,586.0709953308105,Left,0.9693880081176758
1820,59596.85555555556,83.50613396004701,1,1506.500587463379,520.6333136558533,1837.3044204711914,591.7172813415527,Left,0.9660739302635193
1821,59629.600000000006,84.35633372502937,1,1507.9748153686523,522.9087066650391,1841.7656707763672,594.3985462188721,Left,0.8393076658248901
1822,59662.34444444445,85.88653349001176,1,1514.2557907104492,522.340099811554,1843.3604049682617,583.7688875198364,Left,0.9682690501213074
1823,59695.08888888889,86.62373678025853,1,1504.5492553710938,523.9377737045288,1839.4734191894531,592.2823476791382,Left,0.8717103600502014
1824,59727.833333333336,87.06176263219741,1,1507.269630432129,520.5447041988373,1842.974739074707,590.593843460083,Left,0.9510922431945801
1825,59760.577777777784,86.64752056404231,1,1506.2979125976562,520.6398153305054,1843.641128540039,595.5575823783875,Left,0.9004572629928589
1826,59793.322222222225,85.40004700352526,1,1505.1457214355469,521.0974431037903,1841.4531326293945,587.3542714118958,Left,0.9698721766471863
1827,59826.06666666667,83.42077555816687,1,1506.258201599121,522.1897566318512,1843.241958618164,597.8090286254883,Left,0.8949933648109436
1828,59858.811111111114,82.37537015276146,1,1507.1905517578125,520.4019892215729,1843.227424621582,586.6287231445312,Left,0.9564985036849976
1829,59891.555555555555,79.94768507638072,1,1514.3193054199219,521.3885378837585,1841.3428115844727,594.4174075126648,Left,0.8594484329223633
1830,59924.3,76.14025851938895,1,1504.8391342163086,519.8503768444061,1841.3713073730469,582.5949168205261,Left,0.9507290720939636
1831,59957.055555555555,74.19172737955347,1,1503.2964706420898,517.1338999271393,1840.275993347168,593.2937121391296,Left,0.9240064024925232
1832,59989.8,73.51539365452409,1,1508.7769317626953,519.1795778274536,1844.7849655151367,598.6101508140564,Left,0.9626937508583069
1833,60022.54444444445,73.73701527614571,1,1507.8285598754883,522.3345637321472,1843.872299194336,592.7267146110535,Left,0.9260690212249756
1834,60055.28888888889,73.39760282021152,1,1561.4179229736328,515.4761338233948,1849.0005111694336,583.3285760879517,Right,0.6677008867263794
1835,60088.03333333333,72.77057579318449,1,1503.3723449707031,519.9900341033936,1837.3707962036133,560.906810760498,Left,0.9502390623092651
1836,60120.77777777778,70.34110458284371,1,1508.9378356933594,505.8345687389374,1841.194839477539,577.9216289520264,Left,0.9086765050888062
1837,60153.52222222222,67.44441833137485,1,1518.0159759521484,499.50180888175964,1856.2746047973633,568.2471370697021,Left,0.9198135733604431
1838,60186.26666666667,65.25217391304348,1,1538.0258560180664,462.02725052833557,1866.1129760742188,555.677855014801,Left,0.9369426369667053
1839,60219.01111111112,63.417297297297296,1,1562.6166915893555,407.2481954097748,1867.4023818969727,527.8295409679413,Left,0.9711835384368896
1840,60251.76666666667,62.77189189189189,1,1579.1407012939453,344.11986351013184,1892.8297805786133,488.11811685562134,Left,0.9878506660461426
1841,60284.51111111112,62.847990599294945,1,1600.781364440918,270.18056631088257,1925.3221893310547,452.12323665618896,Left,0.9841747879981995
1842,60317.25555555556,62.651844888366625,1,1643.5002136230469,186.5247255563736,1939.7584533691406,432.37945318222046,Left,0.9829112887382507
1843,60350.0,62.31628672150411,0,,,,,,
1844,60382.74444444445,62.33837837837838,0,,,,,,
1845,60415.488888888896,61.99454759106933,0,,,,,,
1846,60448.23333333334,61.65292596944771,0,,,,,,
1847,60480.97777777778,60.65377203290247,0,,,,,,
1848,60513.722222222226,60.138002350176265,0,,,,,,
1849,60546.46666666667,59.76507638072855,0,,,,,,
1850,60579.222222222226,59.753701527614574,0,,,,,,
1851,60611.96666666667,59.24366627497062,0,,,,,,
1852,60644.711111111115,58.289917743830785,0,,,,,,
1853,60677.45555555556,57.432150411280844,0,,,,,,
1854,60710.2,56.89212690951821,1,961.3601303100586,528.5177850723267,863.7500953674316,843.8842177391052,Left,0.6127756834030151
1855,60742.944444444445,56.88502937720329,1,959.8511695861816,445.03312826156616,883.070068359375,846.0863542556763,Left,0.6423754096031189
1856,60775.68888888889,57.22646298472385,1,961.1122512817383,440.06449699401855,886.8105697631836,859.3901324272156,Left,0.6239461898803711
1857,60808.433333333334,57.47050528789659,1,962.662239074707,475.95142364501953,885.8196258544922,870.8182096481323,Left,0.6177588105201721
1858,60841.17777777778,57.71045828437133,1,970.371208190918,444.81934547424316,887.0893478393555,879.36443567276,Left,0.7015621662139893
1859,60873.933333333334,57.91957696827262,1,973.7592315673828,460.0531554222107,887.9644203186035,885.1025819778442,Left,0.6091146469116211
1860,60906.67777777778,58.12319623971798,1,971.6754913330078,488.5754871368408,887.7751922607422,890.9792590141296,Left,0.6372328400611877
1861,60939.42222222222,58.32648648648649,1,978.6497497558594,460.4873514175415,888.969554901123,896.1764788627625,Left,0.6391267776489258
1862,60972.166666666664,58.624958871915396,1,976.0593795776367,487.24090576171875,886.215705871582,898.5952305793762,Left,0.6595053672790527
1863,61004.91111111111,58.14867215041128,1,982.4769973754883,460.481139421463,882.5486755371094,900.5908584594727,Left,0.6908283233642578
1864,61037.65555555556,57.75309048178613,1,976.5660095214844,464.16234254837036,887.4980163574219,903.0390286445618,Left,0.6950775384902954
1865,61070.40000000001,57.76667450058754,1,981.9509124755859,451.85538053512573,883.2622718811035,901.829137802124,Left,0.5993638038635254
1866,61103.14444444445,58.169588719153936,1,976.5450668334961,475.516197681427,883.6420440673828,901.0479712486267,Left,0.5744689702987671
1867,61135.88888888889,58.10820211515864,1,979.6125411987305,444.0314841270447,882.2356796264648,905.8157587051392,Left,0.5853290557861328
1868,61168.64444444445,58.17367802585194,1,980.269660949707,471.06712102890015,876.6597747802734,906.5577864646912,Right,0.580268383026123
