frame_index,video_time_ms,hand_detected,thumb_tip_x_px,thumb_tip_y_px,wrist_x_px,wrist_y_px,raw_handedness
0,0.0,0,,,,,
1,32.74444444444445,0,,,,,
2,65.4888888888889,0,,,,,
3,98.23333333333333,1,889.628420177965,572.0836079120636,881.2924732776208,1009.8862785100937,Left
4,130.9777777777778,1,893.9518598710806,569.4352430105209,890.2462824008669,1024.385045170784,Left
5,163.72222222222223,1,896.6736506185945,569.408246576786,897.0945671323036,1037.6207327842712,Left
6,196.4777777777778,1,892.6042154274121,573.9138481020927,899.5013703215444,1044.6453523635864,Left
7,229.22222222222226,1,888.8865773870685,574.4306749105453,898.3310764308272,1044.5464539527893,Left
8,261.9666666666667,1,885.6729456017193,579.5517361164093,900.2887868937127,1048.7318748235703,Left
9,294.71111111111117,1,885.8342589974263,572.5576829910278,903.5316675237586,1045.8983409404755,Left
10,327.4555555555556,1,886.198666115299,575.8476483821869,914.8798006779982,1053.624159693718,Left
11,360.20000000000005,1,883.8932658974758,577.5692242383957,903.6070395466312,1046.5402954816818,Left
12,392.94444444444446,1,887.7482270020533,570.8413884043694,917.2452421288976,1055.753189921379,Left
13,425.68888888888887,1,885.4937114022401,581.4670962095261,902.0194133029594,1044.1199988126755,Left
14,458.43333333333334,1,885.3778148172609,568.7186720967293,908.3555554728715,1053.223078250885,Left
15,491.1777777777778,1,886.1936953814061,578.0284586548805,903.1371220614399,1046.0829198360443,Left
16,523.9222222222223,1,886.6828155964788,568.1211510300636,908.1933787391725,1053.2524645328522,Left
17,556.6666666666666,1,891.2273744625614,575.2157253026962,902.1405422394049,1045.8477115631104,Left
18,589.4222222222223,1,889.2620247665352,572.8412783145905,903.5089329566374,1039.6547591686249,Left
19,622.1666666666666,1,889.8705472420696,566.0161077976227,892.0015270237626,1036.380667090416,Left
20,654.9111111111112,1,894.9387860046602,569.5493656396866,894.8266305509793,1041.9496035575867,Left
21,687.6555555555556,1,883.9453016328085,578.5218590497971,894.4265649578635,1037.087236046791,Left
22,720.4000000000001,1,888.0866293331384,567.348580956459,892.3585042025531,1038.562805056572,Left
23,753.1444444444445,1,883.9346014740598,566.3362294435501,883.0238322160727,1035.5707150697708,Left
24,785.8888888888889,1,887.9129937497281,565.2117615938187,888.9746640240043,1038.693037033081,Left
25,818.6333333333333,1,889.1222424971121,570.4285937547684,886.7227384381669,1038.5269278287888,Left
26,851.3777777777777,1,881.0995826408144,564.3428009748459,881.0389920108344,1041.176826953888,Left
27,884.1222222222223,1,885.6757972332684,563.5641825199127,879.4898497121974,1037.551515698433,Left
28,916.8666666666667,1,884.1803126989188,564.1532063484192,887.3277029147042,1040.1210451126099,Left
29,949.6222222222223,1,880.0522228477988,564.9653416872025,882.3806192503165,1038.8694727420807,Left
30,982.3666666666667,1,882.7308466957155,562.2584992647171,886.4257501689378,1041.1808395385742,Left
31,1015.1111111111111,1,880.7011390766532,562.1112433075905,890.207484514744,1040.5025947093964,Left
32,1047.8555555555556,1,881.5763545064267,562.3143804073334,881.0845919538634,1041.1907529830933,Left
33,1080.6,1,881.2541724648872,562.8037387132645,887.2977215408021,1042.1708858013153,Left
34,1113.3444444444444,1,880.3653267595441,565.8566960692406,877.8433856762867,1045.0093173980713,Left
35,1146.088888888889,1,878.1288627722898,566.2680155038834,887.0302960573579,1052.5271308422089,Left
36,1178.8333333333335,1,880.0538448767534,567.6224398612976,884.1126583944591,1049.2390537261963,Left
37,1211.5777777777778,1,880.7145077346497,568.7652003765106,884.2720881436383,1045.0293803215027,Left
38,1244.3222222222223,1,874.9423868910509,566.533967256546,878.0493048682442,1040.2994281053543,Left
39,1277.0666666666668,1,883.8451544257429,559.351794719696,886.4619842028422,1053.3798050880432,Left
40,1309.8222222222223,1,888.2136185032263,567.062212228775,878.2235683338304,1052.291214466095,Left
41,1342.5666666666666,1,881.2275921194383,585.6960064172745,883.4175143403996,1039.0571200847626,Left
42,1375.3111111111111,1,881.2977317908445,578.1732952594757,873.0180588305207,1046.3210785388947,Left
43,1408.0555555555557,1,874.5066104991774,573.81267786026,873.9604314913644,1039.4449245929718,Left
44,1440.8000000000002,1,872.1698684960709,569.1030836105347,872.6937838483947,1045.4189550876617,Left
45,1473.5444444444445,1,877.5920496736014,567.0814490318298,870.8421854732464,1044.4434249401093,Left
46,1506.288888888889,1,876.2842757481064,575.0303792953491,868.7519918712334,1047.0235168933868,Left
47,1539.0333333333335,1,882.1321348791804,570.6871694326401,867.919289297124,1049.3303990364075,Left
48,1571.7777777777778,1,888.4751837530281,588.2180339097977,865.124611893684,1052.7003800868988,Left
49,1604.5222222222224,1,903.4802335088445,607.0821976661682,860.3723809979026,1055.1849961280823,Left
50,1637.2666666666667,1,903.2049856599582,598.9027798175812,863.7519568100065,1054.2287027835846,Left
51,1670.0111111111112,1,915.9012864930129,601.5272462368011,868.9068694746369,1059.1678404808044,Left
52,1702.7666666666667,1,973.1538332081624,587.9425817728043,874.4951778112235,1065.8675587177277,Left
53,1735.5111111111112,1,994.1725029895063,609.9085915088654,867.0011424235694,1089.3512105941772,Left
54,1768.2555555555557,1,1036.2815257672828,628.2831019163132,866.9960932044044,1091.0381484031677,Left
55,1801.0000000000002,1,972.7924346923828,725.1877892017365,857.8745872166623,1078.1099545955658,Left
56,1833.7444444444445,1,1035.1523319973337,711.0673266649246,859.7007825254416,1086.211953163147,Right
57,1866.488888888889,1,1045.8112074929134,725.9656405448914,870.207004166991,1093.2953453063965,Left
58,1899.2333333333333,1,1135.2386868153758,720.3813618421555,872.1481542374855,1092.6376354694366,Right
59,1931.9777777777779,1,1149.858138429881,747.3336571455002,863.4309782093044,1100.0566685199738,Right
60,1964.7222222222222,1,1161.8682686916409,761.4560079574585,869.2773199584532,1103.3237385749817,Right
61,1997.4666666666667,1,1181.7465474708977,775.5683273077011,860.0412777971131,1098.5914850234985,Right
62,2030.2111111111114,1,1185.6358589628517,786.3047647476196,859.1022800029651,1090.454671382904,Right
63,2062.9666666666667,1,1195.428832614268,802.9487299919128,847.339430671504,1086.5105366706848,Right
64,2095.711111111111,1,1206.5577302420684,803.8483160734177,845.5711574934571,1089.7899985313416,Right
65,2128.4555555555557,1,1216.4621529797178,818.0582356452942,839.8171405859317,1094.4861388206482,Right
66,2161.2,1,1220.0220356233515,826.3736093044281,847.7238776954928,1097.3534846305847,Right
67,2193.9444444444443,1,1224.6371265872003,833.0613487958908,843.9291409562928,1093.8160371780396,Right
68,2226.688888888889,1,1228.4036347902395,840.4271560907364,855.57643380562,1095.5901896953583,Right
69,2259.4333333333334,1,1226.777315307474,852.9569238424301,848.493530434433,1099.5006895065308,Right
70,2292.177777777778,1,1232.3250729201966,861.6056960821152,871.745184689306,1108.5887217521667,Right
71,2324.9222222222224,1,1244.8747109416502,891.6309821605682,892.8176430437238,1097.718983888626,Left
72,2357.666666666667,0,,,,,
73,2390.411111111111,0,,,,,
74,2423.1555555555556,0,,,,,
75,2455.9111111111115,0,,,,,
76,2488.655555555556,0,,,,,
77,2521.4,0,,,,,
78,2554.1444444444446,0,,,,,
79,2586.8888888888887,0,,,,,
80,2619.633333333333,0,,,,,
81,2652.3777777777777,0,,,,,
82,2685.1222222222223,0,,,,,
83,2717.866666666667,0,,,,,
84,2750.6111111111113,0,,,,,
85,2783.3555555555554,0,,,,,
86,2816.1111111111113,0,,,,,
87,2848.855555555556,0,,,,,
88,2881.6000000000004,0,,,,,
89,2914.3444444444444,0,,,,,
90,2947.088888888889,0,,,,,
91,2979.8333333333335,0,,,,,
92,3012.577777777778,0,,,,,
93,3045.3222222222225,0,,,,,
94,3078.066666666667,0,,,,,
95,3110.8111111111116,0,,,,,
96,3143.5555555555557,0,,,,,
97,3176.311111111111,0,,,,,
98,3209.0555555555557,0,,,,,
99,3241.8,0,,,,,
100,3274.5444444444447,0,,,,,
101,3307.288888888889,0,,,,,
102,3340.0333333333333,0,,,,,
103,3372.777777777778,0,,,,,
104,3405.5222222222224,0,,,,,
105,3438.266666666667,0,,,,,
106,3471.0111111111114,0,,,,,
107,3503.755555555556,1,878.2782987301682,537.5361388921738,878.1493212665231,978.3265328407288,Left
108,3536.5111111111114,1,872.897636261523,544.1954952478409,893.4741200204471,999.3634521961212,Left
109,3569.255555555556,1,871.6446188941231,544.9941176176071,890.6805414108151,1004.0741676092148,Left
110,3602.0000000000005,1,869.1529208023411,542.3659926652908,898.8598317082574,1010.7342910766602,Left
111,3634.744444444445,1,872.8206422096958,540.6704986095428,894.8456763103168,1013.667785525322,Left
112,3667.488888888889,1,883.9867156946646,541.324667930603,901.5245375012737,1011.2246525287628,Left
113,3700.2333333333336,1,887.1783977656124,536.455927491188,902.9366706767647,1007.3315012454987,Left
114,3732.977777777778,1,891.0863625905438,536.1312031745911,905.8288006262651,1009.7477853298187,Left
115,3765.722222222222,1,895.186380876047,536.5911161899567,910.1144627417937,1004.7640371322632,Left
116,3798.4666666666667,1,901.9937747807743,529.6239709854126,913.2113084424143,1003.9862447977066,Left
117,3831.211111111111,1,903.9280443090906,524.2435079813004,907.4659510765657,994.6310806274414,Left
118,3863.9555555555557,1,914.6212440302895,526.4427584409714,906.2013440506679,990.8192431926727,Left
119,3896.711111111111,1,931.5544414632066,528.5098001360893,904.9789621011034,988.2177901268005,Left
120,3929.4555555555557,1,944.1109077033236,521.9454181194305,899.3385657056695,980.5309760570526,Left
121,3962.2000000000003,1,953.435088825114,551.4503663778305,904.5575223522477,980.0552487373352,Left
122,3994.944444444445,0,,,,,
123,4027.688888888889,0,,,,,
124,4060.433333333333,0,,,,,
125,4093.177777777778,0,,,,,
126,4125.922222222222,0,,,,,
127,4158.666666666667,0,,,,,
128,4191.411111111111,0,,,,,
129,4224.155555555556,0,,,,,
130,4256.9,0,,,,,
131,4289.655555555556,0,,,,,
132,4322.4,0,,,,,
133,4355.144444444445,0,,,,,
134,4387.888888888889,0,,,,,
135,4420.633333333334,0,,,,,
136,4453.377777777778,0,,,,,
137,4486.122222222223,0,,,,,
138,4518.866666666667,0,,,,,
139,4551.611111111111,0,,,,,
140,4584.355555555556,0,,,,,
141,4617.1,0,,,,,
142,4649.855555555556,0,,,,,
143,4682.599999999999,0,,,,,
144,4715.344444444445,0,,,,,
145,4748.0888888888885,0,,,,,
146,4780.833333333334,0,,,,,
147,4813.577777777778,0,,,,,
148,4846.322222222223,0,,,,,
149,4879.066666666667,0,,,,,
150,4911.811111111111,0,,,,,
151,4944.555555555556,0,,,,,
152,4977.3,0,,,,,
153,5010.055555555556,0,,,,,
154,5042.8,0,,,,,
155,5075.544444444445,0,,,,,
156,5108.288888888889,0,,,,,
157,5141.033333333334,0,,,,,
158,5173.777777777777,0,,,,,
159,5206.522222222223,0,,,,,
160,5239.266666666666,0,,,,,
161,5272.011111111112,1,999.576789525022,474.0990337729454,896.5089885179491,942.4406898021698,Left
162,5304.7555555555555,1,972.0948575948914,463.06587159633636,892.5373982991871,936.7909115552902,Left
163,5337.5,1,952.7671006751648,467.7161031961441,891.4606326909305,936.6852271556854,Left
164,5370.2555555555555,1,941.7388473278194,468.6513304710388,894.2862071297792,935.1357793807983,Left
165,5403.000000000001,1,935.0468006111673,487.6263418793678,890.3686671016644,928.9774060249329,Left
166,5435.7444444444445,1,938.857129757737,513.3516123890877,889.5466646863036,921.2714141607285,Left
167,5468.488888888889,1,924.4676923136918,475.670727789402,891.4768529804762,925.7990849018097,Left
168,5501.233333333334,1,916.552688088814,458.76007318496704,896.0730813172889,930.2298045158386,Left
169,5533.977777777778,1,926.2683537473154,479.049471616745,896.3684475575634,926.5735137462616,Left
170,5566.722222222223,1,935.4870245017871,458.5233896970749,894.7226898891006,929.8929834365845,Left
171,5599.466666666667,1,938.6542976531446,460.6103467941284,895.1242467023843,924.8189520835876,Left
172,5632.211111111112,1,940.679139185343,457.3358416557312,894.2377555552009,927.961277961731,Left
173,5664.955555555556,1,947.6386898707113,457.26656556129456,894.2097886366134,922.5160825252533,Left
174,5697.7,1,953.8773794945631,453.7387365102768,896.0695494800492,924.4143891334534,Left
175,5730.455555555555,1,968.2932926370279,450.6321993470192,889.3907406126069,933.8349938392639,Left
176,5763.200000000001,1,984.0450251088472,451.0395357012749,893.0191670604496,932.894868850708,Left
177,5795.944444444444,0,,,,,
178,5828.688888888889,0,,,,,
179,5861.433333333333,0,,,,,
180,5894.177777777778,0,,,,,
181,5926.922222222222,0,,,,,
182,5959.666666666667,0,,,,,
183,5992.4111111111115,0,,,,,
184,6025.155555555556,0,,,,,
185,6057.9,0,,,,,
186,6090.655555555556,0,,,,,
187,6123.400000000001,0,,,,,
188,6156.144444444445,0,,,,,
189,6188.888888888889,0,,,,,
190,6221.633333333334,0,,,,,
191,6254.377777777778,0,,,,,
192,6287.122222222223,0,,,,,
193,6319.866666666667,0,,,,,
194,6352.611111111111,0,,,,,
195,6385.355555555556,0,,,,,
196,6418.1,0,,,,,
197,6450.855555555556,0,,,,,
198,6483.6,0,,,,,
199,6516.344444444445,0,,,,,
200,6549.088888888889,0,,,,,
201,6581.833333333334,0,,,,,
202,6614.577777777778,0,,,,,
203,6647.322222222223,0,,,,,
204,6680.066666666667,0,,,,,
205,6712.811111111112,0,,,,,
206,6745.555555555556,0,,,,,
207,6778.300000000001,0,,,,,
208,6811.055555555556,0,,,,,
209,6843.800000000001,0,,,,,
210,6876.544444444445,0,,,,,
211,6909.288888888889,0,,,,,
212,6942.033333333334,0,,,,,
213,6974.777777777777,1,953.0968957880876,468.23036313056946,921.3198835097891,916.2127840518951,Right
214,7007.522222222223,1,933.1032698207556,473.12028765678406,911.7360731082393,920.1181501150131,Left
215,7040.266666666666,1,919.3400925237157,474.4117498397827,903.9802631767246,931.5547835826874,Left
216,7073.011111111112,1,908.5743462494362,478.3973675966263,904.2885794868782,924.3690115213394,Left
217,7105.7555555555555,1,931.0879773299831,498.3795377612114,909.9127294310092,915.9458881616592,Left
218,7138.500000000001,1,965.7095051594384,561.3431578874588,913.9973907649587,916.5086531639099,Right
219,7171.2555555555555,1,948.7388440900223,522.9295635223389,920.1520488242611,920.1677763462067,Right
220,7204.000000000001,1,970.3993402639838,541.1358404159546,919.090457035257,917.8695094585419,Right
221,7236.7444444444445,1,964.4635514665181,499.3413484096527,920.3599563097758,918.0845957994461,Right
222,7269.48888888889,1,959.7091491448781,486.419675052166,916.7907862422894,915.3137880563736,Left
223,7302.233333333334,1,970.7039677663537,526.4649456739426,922.8175394699973,911.4890867471695,Left
224,7334.977777777778,1,970.91784013254,518.2441037893295,930.3538260957421,919.7301685810089,Right
225,7367.722222222223,1,957.3893076370078,491.01694643497467,925.4802569694564,913.8298988342285,Left
226,7400.466666666667,1,954.6560580397826,475.02549827098846,922.9554642546499,911.8251407146454,Left
227,7433.211111111112,1,948.0839106569815,477.6396971940994,923.0173368107393,921.0542035102844,Left
228,7465.955555555556,1,962.0591813207092,487.40508913993835,921.612293471485,929.1132438182831,Left
229,7498.700000000001,1,978.7118723915163,489.82910335063934,912.9606264836623,926.338010430336,Left
230,7531.455555555555,1,1003.3533961663911,469.4620791077614,911.1454714364771,919.4184851646423,Left
231,7564.200000000001,1,1044.0540792234897,478.2771670818329,905.3822979138856,932.2790551185608,Left
232,7596.944444444444,1,1121.1562314318605,500.11565923690796,901.096557313085,941.0580003261566,Left
233,7629.68888888889,1,1220.212493216726,563.3549380302429,890.4767151594441,961.139452457428,Left
234,7662.433333333333,1,1283.1883429362933,635.6045937538147,906.8528241317409,989.9476861953735,Right
235,7695.177777777778,1,1321.3532191787488,690.1962804794312,913.3179699270555,985.7413762807846,Right
236,7727.922222222222,0,,,,,
237,7760.666666666667,0,,,,,
238,7793.4111111111115,0,,,,,
239,7826.155555555556,0,,,,,
240,7858.900000000001,0,,,,,
241,7891.655555555556,0,,,,,
242,7924.400000000001,0,,,,,
243,7957.144444444445,0,,,,,
244,7989.88888888889,0,,,,,
245,8022.633333333333,0,,,,,
246,8055.377777777778,0,,,,,
247,8088.122222222223,0,,,,,
248,8120.866666666666,0,,,,,
249,8153.611111111111,0,,,,,
250,8186.355555555556,0,,,,,
251,8219.1,0,,,,,
252,8251.855555555556,0,,,,,
253,8284.6,0,,,,,
254,8317.344444444445,0,,,,,
255,8350.08888888889,0,,,,,
256,8382.833333333334,0,,,,,
257,8415.577777777778,0,,,,,
258,8448.322222222221,0,,,,,
259,8481.066666666668,1,959.9429829319085,535.9374779462814,932.0538432489107,965.3909039497375,Left
260,8513.811111111112,1,950.0007302931576,528.5763913393021,926.3060528396302,955.5193555355072,Left
261,8546.555555555557,1,945.4763421419776,518.6087769269943,927.8729851332527,958.0210250616074,Left
262,8579.3,1,946.5200654507242,527.1298840641975,928.2494528212553,957.8499001264572,Left
263,8612.055555555555,1,955.6302172357844,519.5901489257812,922.7059595749778,951.9714045524597,Left
264,8644.8,1,961.7912326021184,519.0867465734482,924.2955217886921,953.9149117469788,Left
265,8677.544444444446,1,970.7172841008355,516.8435642123222,920.210572675412,950.8111774921417,Left
266,8710.28888888889,1,972.4659097991264,514.8800826072693,929.7747617589631,949.4576382637024,Left
267,8743.033333333333,1,984.0477982551243,524.6877837181091,927.6733970865695,947.0647215843201,Left
268,8775.777777777777,1,978.5739999303785,522.0160514116287,925.5292579409386,936.7862498760223,Left
269,8808.522222222222,1,978.710904406495,508.3527874946594,924.8021965429344,930.7230573892593,Left
270,8841.266666666668,1,984.7418173536187,510.5356630682945,924.2723424716963,935.4673486948013,Left
271,8874.011111111111,1,983.725694698857,507.8063088655472,921.3900231811953,931.2898349761963,Left
272,8906.755555555555,1,987.5051268100179,504.70165997743607,919.3903754213071,929.667039513588,Left
273,8939.5,1,1006.0560626692957,502.6729738712311,920.7497141705029,924.8751282691956,Left
274,8972.255555555555,1,1042.4108069219735,515.7190963625908,912.7642301713736,938.4734237194061,Left
275,9005.0,0,,,,,
276,9037.744444444446,0,,,,,
277,9070.488888888889,0,,,,,
278,9103.233333333334,0,,,,,
279,9135.977777777778,0,,,,,
280,9168.722222222223,0,,,,,
281,9201.466666666667,0,,,,,
282,9234.211111111112,0,,,,,
283,9266.955555555556,0,,,,,
284,9299.699999999999,0,,,,,
285,9332.455555555556,0,,,,,
286,9365.199999999999,0,,,,,
287,9397.944444444445,0,,,,,
288,9430.68888888889,0,,,,,
289,9463.433333333334,0,,,,,
290,9496.177777777777,0,,,,,
291,9528.922222222223,0,,,,,
292,9561.666666666668,0,,,,,
293,9594.411111111112,0,,,,,
294,9627.155555555555,0,,,,,
295,9659.9,0,,,,,
296,9692.655555555555,0,,,,,
297,9725.4,0,,,,,
298,9758.144444444446,0,,,,,
299,9790.888888888889,0,,,,,
300,9823.633333333333,0,,,,,
301,9856.377777777778,0,,,,,
302,9889.122222222224,0,,,,,
303,9921.866666666667,0,,,,,
304,9954.611111111111,0,,,,,
305,9987.355555555556,0,,,,,
306,10020.1,0,,,,,
307,10052.855555555556,0,,,,,
308,10085.6,0,,,,,
309,10118.344444444445,1,959.9052838395936,495.6259900331497,929.5557093648251,945.2943456172943,Left
310,10151.08888888889,1,969.7616735907819,525.0582101941109,931.2118794127058,950.408325791359,Left
311,10183.833333333334,1,969.0097585233127,513.7203276157379,933.8270871608506,954.4982707500458,Left
312,10216.577777777778,1,966.4715971505096,508.7175786495209,937.4266571903564,953.9972877502441,Left
313,10249.322222222223,1,973.3818067615505,536.2590157985687,939.0822255178185,949.2033112049103,Left
314,10282.066666666668,1,972.1417133022725,531.7730051279068,936.0185529254944,949.8503994941711,Left
315,10314.811111111112,0,,,,,
316,10347.555555555555,0,,,,,
317,10380.3,0,,,,,
318,10413.055555555555,0,,,,,
319,10445.800000000001,0,,,,,
320,10478.544444444446,0,,,,,
321,10511.28888888889,0,,,,,
322,10544.033333333333,0,,,,,
323,10576.777777777777,0,,,,,
324,10609.522222222224,0,,,,,
325,10642.266666666668,0,,,,,
326,10675.011111111111,0,,,,,
327,10707.755555555555,0,,,,,
328,10740.5,0,,,,,
329,10773.255555555555,0,,,,,
330,10806.000000000002,0,,,,,
331,10838.744444444446,0,,,,,
332,10871.488888888889,0,,,,,
333,10904.233333333334,0,,,,,
334,10936.977777777778,0,,,,,
335,10969.722222222223,0,,,,,
336,11002.466666666667,0,,,,,
337,11035.211111111112,0,,,,,
338,11067.955555555556,0,,,,,
339,11100.699999999999,0,,,,,
340,11133.455555555556,0,,,,,
341,11166.2,0,,,,,
342,11198.944444444445,1,1028.4693634104756,678.6187934875488,828.7269623589823,983.3573698997498,Left
343,11231.68888888889,0,,,,,
344,11264.433333333334,1,1041.5613346614145,650.1547569036484,817.2495378000096,979.152535200119,Left
345,11297.177777777777,1,1015.697193481159,638.090626001358,818.7949912908628,973.6207151412964,Left
346,11329.922222222223,1,1043.0148295752467,672.467737197876,818.6962306569358,978.7017095088959,Left
347,11362.666666666668,1,1228.9579501045826,775.9516471624374,812.6393129230245,994.8115879297256,Left
348,11395.411111111112,1,1087.2104094707672,700.5570101737976,822.2200623989664,998.2895547151566,Left
349,11428.155555555555,1,1183.1292486693906,716.9262313842773,824.9810696207205,991.690092086792,Left
350,11460.9,0,,,,,
351,11493.655555555555,0,,,,,
352,11526.400000000001,0,,,,,
353,11559.144444444446,0,,,,,
354,11591.888888888889,0,,,,,
355,11624.633333333333,0,,,,,
356,11657.377777777778,0,,,,,
357,11690.122222222224,0,,,,,
358,11722.866666666667,1,936.0604902224972,531.7790240049362,876.2857931300316,985.7849836349487,Left
359,11755.611111111111,1,956.3550025609006,514.0005299448967,896.1472760610815,991.0466623306274,Left
360,11788.355555555556,1,983.3399134252443,519.3443486094475,885.9694367975591,991.2791562080383,Left
361,11821.100000000002,1,1012.5458528400167,517.455512881279,889.7130011394183,990.150557756424,Left
362,11853.855555555556,0,,,,,
363,11886.600000000002,0,,,,,
364,11919.344444444445,0,,,,,
365,11952.08888888889,0,,,,,
366,11984.833333333334,0,,,,,
367,12017.577777777777,0,,,,,
368,12050.322222222223,0,,,,,
369,12083.066666666668,0,,,,,
370,12115.811111111112,0,,,,,
371,12148.555555555555,0,,,,,
372,12181.300000000001,0,,,,,
373,12214.055555555555,0,,,,,
374,12246.800000000001,0,,,,,
375,12279.544444444446,0,,,,,
376,12312.28888888889,0,,,,,
377,12345.033333333333,0,,,,,
378,12377.777777777777,0,,,,,
379,12410.522222222224,0,,,,,
380,12443.266666666668,1,907.1281243041419,461.09398126602173,936.4508236418854,943.9192092418671,Left
381,12476.011111111111,1,902.5716880002307,462.9846167564392,933.211213231506,956.2514162063599,Left
382,12508.755555555555,1,905.2176619749974,467.06019312143326,945.3673260991766,957.8491920232773,Left
383,12541.500000000002,1,897.332508315235,468.8753271102905,942.546722394221,957.1984452009201,Left
384,12574.255555555555,1,896.4568742973444,470.11120319366455,944.8788337662799,958.4336721897125,Left
385,12607.000000000002,0,,,,,
386,12639.744444444445,1,889.1287567746876,470.33944845199585,938.475586688812,946.3182628154755,Left
387,12672.488888888889,1,896.369991101246,475.64933717250824,947.6150396420835,952.4373364448547,Left
388,12705.233333333334,1,896.2692160120043,473.34699869155884,942.808444614567,953.7947112321854,Left
389,12737.977777777778,1,908.6823158219439,468.96991789340973,949.8611573177933,956.8927216529846,Left
390,12770.722222222223,1,932.0735692139388,471.7288354039192,941.3869455299512,959.7520422935486,Left
391,12803.466666666667,1,967.8245785926738,469.1060507297516,946.4399581497747,954.2784637212753,Left
392,12836.211111111112,0,,,,,
393,12868.955555555556,0,,,,,
394,12901.7,0,,,,,
395,12934.455555555556,0,,,,,
396,12967.2,0,,,,,
397,12999.944444444445,0,,,,,
398,13032.68888888889,0,,,,,
399,13065.433333333334,0,,,,,
400,13098.177777777779,0,,,,,
401,13130.922222222223,0,,,,,
402,13163.666666666668,0,,,,,
403,13196.41111111111,0,,,,,
404,13229.155555555555,0,,,,,
405,13261.900000000001,0,,,,,
406,13294.655555555555,0,,,,,
407,13327.400000000001,0,,,,,
408,13360.144444444446,0,,,,,
409,13392.888888888889,0,,,,,
410,13425.633333333333,0,,,,,
411,13458.37777777778,0,,,,,
412,13491.122222222224,0,,,,,
413,13523.866666666667,0,,,,,
414,13556.611111111111,0,,,,,
415,13589.355555555556,0,,,,,
416,13622.100000000002,0,,,,,
417,13654.855555555556,0,,,,,
418,13687.600000000002,0,,,,,
419,13720.344444444445,0,,,,,
420,13753.08888888889,0,,,,,
421,13785.833333333334,0,,,,,
422,13818.577777777778,0,,,,,
423,13851.322222222223,0,,,,,
424,13884.066666666668,0,,,,,
425,13916.811111111112,1,913.5763696042203,497.4081087112427,952.5875786963549,952.5978988409042,Left
426,13949.555555555555,1,897.2020134696647,510.22135376930237,949.7415457632729,974.6095222234726,Left
427,13982.311111111112,1,893.5436318096773,520.5502483248711,951.7839941581556,995.3017723560333,Left
428,14015.055555555555,1,894.8593589094012,526.9187217950821,958.4390481499407,1001.8226945400238,Left
429,14047.800000000001,1,899.0836193804724,531.2659737467766,954.7712220955566,1004.0880346298218,Left
430,14080.544444444446,1,893.9513104741766,529.1465029120445,955.6228657819742,1004.9957048892975,Left
431,14113.28888888889,1,892.9892641718195,528.539274930954,951.5008977820697,1005.4978090524673,Left
432,14146.033333333333,1,898.8674186178836,541.7950254678726,948.7696364784017,1007.638463973999,Left
433,14178.77777777778,1,896.8662011525555,538.3433175086975,946.7308768913027,998.0837327241898,Left
434,14211.522222222224,1,891.4708619380473,532.086783349514,944.7329034838839,1000.6595170497894,Right
435,14244.266666666668,1,893.1446126868549,530.8794084191322,943.7503202020214,1003.4822523593903,Left
436,14277.011111111111,1,895.2692351615163,535.5123209953308,947.1153500770488,1004.4949579238892,Left
437,14309.755555555555,1,896.3087464273325,533.6368507146835,946.346743808402,1005.2258974313736,Left
438,14342.511111111111,1,894.0786135853525,530.5071821808815,945.1760051678102,1005.6477499008179,Left
439,14375.255555555555,1,897.4153364389471,534.0677905082703,944.0897690033996,1004.1758394241333,Left
440,14408.000000000002,1,900.0896697586614,534.6182227134705,946.0061962132157,1004.8228096961975,Right
441,14440.744444444445,1,912.8126555841944,544.8383939266205,944.9827744281586,1005.232270359993,Left
442,14473.488888888889,1,938.4161210143972,559.4252014160156,944.4357059205962,999.6790891885757,Left
443,14506.233333333334,1,931.2567468265296,541.3569456338882,940.0901595425354,997.5445121526718,Left
444,14538.97777777778,1,970.392171942475,589.4906723499298,939.8815718513301,998.6158132553101,Left
445,14571.722222222223,1,998.5744541163741,552.6323971152306,940.3461523380257,1008.5936951637268,Left
446,14604.466666666667,1,1060.0137453425812,546.2494075298309,937.7615015224443,1019.6314895153046,Left
447,14637.211111111112,1,1137.4563143373514,571.7247176170349,954.3504363906342,1040.067229270935,Left
448,14669.955555555556,1,1207.3015613265222,616.5258157253265,967.0624866016026,1054.2137736082077,Right
449,14702.711111111112,1,1247.2060897845038,681.6440463066101,975.0584614654219,1043.9824497699738,Right
450,14735.455555555556,1,1275.7079116624516,708.8773995637894,969.6245598206067,1058.8797014951706,Right
451,14768.2,1,1292.8965524939551,729.381058216095,956.2678315854715,1059.5161682367325,Right
452,14800.944444444445,1,1313.4514266413235,763.5093891620636,940.8816050253328,1057.6634752750397,Left
453,14833.68888888889,1,1331.7217514914616,807.8951847553253,931.8031874519161,1044.4847309589386,Left
454,14866.433333333332,1,1338.2111230740654,840.3030610084534,961.8743746669184,995.066505074501,Left
455,14899.177777777779,1,1348.6322928425295,858.0017459392548,966.8600469233702,1011.2009310722351,Right
456,14931.922222222223,1,1355.2336367465127,878.5313683748245,973.2007935625727,1037.094081044197,Left
457,14964.666666666668,1,1360.2356601012968,896.4631372690201,978.2710729422352,1049.7786283493042,Left
458,14997.41111111111,1,1345.9603402427324,907.0348817110062,984.2071756807889,1048.9903914928436,Left
459,15030.155555555555,1,1347.0104731820254,905.5119287967682,986.2481851790184,1049.1976296901703,Left
460,15062.91111111111,1,1339.9428221153626,914.8427814245224,989.7245071697347,1057.1858596801758,Left
461,15095.655555555557,1,1328.7156609270246,927.4728637933731,990.4391678947636,1060.4933506250381,Right
462,15128.400000000001,1,1326.6678232101315,933.9084005355835,986.7257418973504,1060.7394754886627,Right
463,15161.144444444446,1,1316.6211851596274,933.8315713405609,998.8297667061737,1070.5869483947754,Right
464,15193.888888888889,1,1309.0329151220647,941.260871887207,995.2377574245368,1049.9352371692657,Right
465,15226.633333333333,1,1310.1346390468154,930.7674318552017,996.0609371189774,1059.1916209459305,Right
466,15259.37777777778,0,,,,,
467,15292.122222222224,0,,,,,
468,15324.866666666667,0,,,,,
469,15357.611111111111,0,,,,,
470,15390.366666666667,0,,,,,
471,15423.111111111111,1,1295.2596917102094,804.8744755983353,964.3755694766118,1010.7614350318909,Right
472,15455.855555555558,1,1289.878846109263,739.3138575553894,939.7467079922853,1063.4726947546005,Left
473,15488.6,1,1250.6791153937963,692.4823915958405,936.1223627785865,1073.6557495594025,Right
474,15521.344444444445,1,1207.8255813258754,647.8298181295395,932.4353078325636,1074.3588960170746,Right
475,15554.08888888889,1,1157.4057530965504,606.8702977895737,931.3900933036491,1069.7472560405731,Right
476,15586.833333333334,1,1110.2886374362888,557.2104611992836,928.1818508403103,1051.8497121334076,Left
477,15619.577777777778,0,,,,,
478,15652.322222222223,0,,,,,
479,15685.066666666668,0,,,,,
480,15717.811111111112,1,946.1941422778864,494.5928084850311,908.1352734761389,984.5382499694824,Left
481,15750.566666666668,1,939.4644226306767,486.7823123931885,905.0576566671571,994.6874338388443,Left
482,15783.311111111112,1,924.3430838635211,494.88139003515244,906.6535238643884,991.061178445816,Left
483,15816.055555555557,1,938.9141885504773,515.0988274812698,900.9677106582266,983.2727515697479,Left
484,15848.800000000001,1,951.1316507390907,559.4857442378998,892.7108769120533,980.8437806367874,Left
485,15881.544444444446,1,937.7403889842777,530.1180204749107,898.6133356306785,984.3657088279724,Left
486,15914.28888888889,1,949.2063023700244,555.7222643494606,899.5978548825835,976.6858577728271,Left
487,15947.033333333333,1,960.8252881979188,564.1187158226967,891.7714343680307,975.5677038431168,Left
488,15979.77777777778,1,926.3185058361202,510.7485365867615,898.5807642428006,982.7828621864319,Left
489,16012.522222222224,1,951.3256401697049,548.0366894602776,893.4285724009327,971.8060827255249,Left
490,16045.266666666666,1,937.4065649607257,536.8289798498154,895.258875105613,976.9051337242126,Left
491,16078.011111111113,1,930.0757789388211,517.1386957168579,895.5141092101406,980.5107361078262,Left
492,16110.766666666666,1,927.6738156746868,509.8777171969414,893.4323135322311,976.8680763244629,Left
493,16143.511111111113,1,937.0623808812704,524.7201204299927,892.7998792104955,974.3233305215836,Left
494,16176.255555555557,1,935.0378271284026,512.1905297040939,889.8261245781205,974.3845224380493,Left
495,16209.0,1,943.9770903145721,512.2329568862915,892.7339777437771,971.4631247520447,Left
496,16241.744444444446,1,945.5703674978276,511.8197491765022,894.1206293676271,972.7112746238708,Left
497,16274.488888888889,1,950.9997431586245,496.1837098002434,894.1521281234544,969.7456794977188,Left
498,16307.233333333332,1,966.4643241819715,509.63008761405945,903.4427698723457,986.9507575035095,Left
499,16339.97777777778,1,981.9500962287572,510.1010352373123,898.9254977191598,991.965839266777,Left
500,16372.722222222223,1,1035.3848576964974,523.2394176721573,887.5897913996528,997.9344999790192,Left
501,16405.46666666667,1,1096.5403200174133,561.0946136713028,879.6752057628922,1004.6074283123016,Left
502,16438.222222222223,1,1093.4563720631572,666.2465196847916,880.0064659342257,1001.8102437257767,Left
503,16470.96666666667,1,1228.8060026180003,681.7813003063202,873.3632632185119,1003.6178541183472,Right
504,16503.71111111111,1,1247.373106443309,725.3250432014465,866.1550188679488,1017.2228765487671,Right
505,16536.455555555556,1,1255.2511441050772,767.427265048027,869.6781704042888,1021.4927387237549,Right
506,16569.2,1,1252.278017354878,772.9836916923523,867.6591106204606,1028.2109266519547,Right
507,16601.944444444445,1,1249.1496990601875,799.0438950061798,868.7245220260352,1024.146945476532,Right
508,16634.68888888889,1,1252.523100697561,813.9070987701416,863.9435916824609,1017.400079369545,Right
509,16667.433333333334,1,1255.1364509609352,820.0948584079742,865.5643910344293,1015.2277368307114,Right
510,16700.17777777778,1,1257.020359106388,824.4522893428802,869.5788080499432,1008.9557129144669,Right
511,16732.92222222222,0,,,,,
512,16765.666666666668,0,,,,,
513,16798.42222222222,0,,,,,
514,16831.166666666668,0,,,,,
515,16863.911111111112,0,,,,,
516,16896.655555555557,0,,,,,
517,16929.4,0,,,,,
518,16962.144444444446,0,,,,,
519,16994.88888888889,0,,,,,
520,17027.633333333335,0,,,,,
521,17060.377777777776,0,,,,,
522,17093.122222222224,0,,,,,
523,17125.86666666667,0,,,,,
524,17158.622222222224,0,,,,,
525,17191.36666666667,0,,,,,
526,17224.11111111111,0,,,,,
527,17256.855555555558,0,,,,,
528,17289.6,0,,,,,
529,17322.344444444447,0,,,,,
530,17355.08888888889,0,,,,,
531,17387.833333333332,0,,,,,
532,17420.57777777778,1,979.1044818837925,503.3822277188301,882.1899262011261,959.9337887763977,Left
533,17453.32222222222,1,948.0241048797213,495.7923352718353,889.2567400915542,966.4040815830231,Left
534,17486.07777777778,1,925.8997345865122,491.1047512292862,888.5028367305277,971.6995722055435,Left
535,17518.82222222222,1,914.227038670816,495.9273764491081,895.9515337927261,982.784868478775,Left
536,17551.566666666666,1,913.9506658663644,502.430537045002,899.7421631360249,985.4590201377869,Left
537,17584.311111111114,1,908.9787808560263,507.7169108390808,908.7210613845521,989.2297285795212,Right
538,17617.055555555555,1,915.0509770562193,513.4768286347389,905.7794072284229,989.3092131614685,Left
539,17649.800000000003,1,902.0628679818873,509.5638209581375,907.1679424988008,986.4973944425583,Left
540,17682.544444444447,1,903.7352583193136,499.7708719968796,904.4427507228337,990.4380476474762,Left
541,17715.28888888889,1,901.4648102092855,503.78381073474884,905.4122792877877,991.7241990566254,Left
542,17748.033333333336,1,901.5640940783592,500.01684933900833,911.0156044730827,997.1981316804886,Left
543,17780.777777777777,1,908.6987454055482,511.9064623117447,908.0350477838014,996.2677431106567,Right
544,17813.522222222222,1,909.5500228273631,498.3592388033867,901.7203059313865,991.3541561365128,Left
545,17846.277777777777,1,929.0981140673371,512.7442663908005,898.9489124919717,987.0827597379684,Left
546,17879.022222222222,1,956.3614906767189,561.309877038002,902.843534820664,986.0122257471085,Left
547,17911.76666666667,1,1003.938216089783,504.43143010139465,881.143482069617,984.2481637001038,Left
548,17944.51111111111,0,,,,,
549,17977.255555555555,0,,,,,
550,18010.0,0,,,,,
551,18042.744444444445,0,,,,,
552,18075.488888888893,0,,,,,
553,18108.233333333334,0,,,,,
554,18140.977777777778,0,,,,,
555,18173.733333333334,0,,,,,
556,18206.477777777778,0,,,,,
557,18239.222222222226,0,,,,,
558,18271.966666666667,0,,,,,
559,18304.71111111111,0,,,,,
560,18337.455555555556,0,,,,,
561,18370.2,0,,,,,
562,18402.944444444445,0,,,,,
563,18435.68888888889,0,,,,,
564,18468.433333333334,0,,,,,
565,18501.17777777778,1,1054.5221308610924,674.9096900224686,848.46561583936,930.3163111209869,Left
566,18533.933333333334,0,,,,,
567,18566.67777777778,0,,,,,
568,18599.422222222223,0,,,,,
569,18632.166666666668,1,1201.5950541703112,679.0943437814713,879.2166948038976,925.1389557123184,Left
570,18664.911111111112,0,,,,,
571,18697.655555555557,0,,,,,
572,18730.399999999998,0,,,,,
573,18763.144444444446,1,1001.7836907264915,513.1010323762894,866.8068390518672,931.1934739351273,Left
574,18795.88888888889,1,958.340156707227,502.4606314301491,878.7347167485764,939.0656340122223,Left
575,18828.633333333335,1,943.8473279982071,498.00226628780365,884.8289411484426,942.6898241043091,Left
576,18861.37777777778,1,939.2547623074208,502.9275369644165,888.2848046449257,952.0717191696167,Left
577,18894.13333333333,1,937.6547353907738,505.19674211740494,894.3822469409437,958.7311935424805,Left
578,18926.87777777778,1,944.3145769841506,513.9862498641014,894.1478375952521,961.3457465171814,Left
579,18959.622222222224,1,938.6354350261084,499.8934328556061,890.9500598348459,964.0443277359009,Left
580,18992.36666666667,1,937.885953002071,503.48192274570465,894.3073458297032,967.9388952255249,Left
581,19025.111111111113,1,939.8316028948266,504.9214965105057,890.964344154349,976.659185886383,Left
582,19057.855555555554,1,939.9420055107662,531.1292508244514,906.0796657173183,978.7415993213654,Left
583,19090.600000000002,1,937.3659880751043,500.7599151134491,895.3633651643956,972.2151303291321,Left
584,19123.344444444447,1,948.7116881859121,521.9811478257179,886.748141504536,968.3981001377106,Left
585,19156.088888888888,1,943.422225603325,510.03503412008286,894.7737053158974,973.8135552406311,Left
586,19188.833333333336,1,946.011507049954,501.7293378710747,896.8648145794169,973.1435126066208,Left
587,19221.577777777777,1,973.7883343087271,501.7889070510864,886.2589428041912,972.5053936243057,Left
588,19254.333333333336,1,1016.5867455539502,491.1280596256256,887.5960963831697,973.8345032930374,Left
589,19287.077777777777,1,1046.634308702082,511.61324858665466,883.2034065183973,991.8066930770874,Left
590,19319.822222222225,1,1072.2596976849286,537.9389905929565,878.3672487050959,1005.6062668561935,Left
591,19352.56666666667,1,1110.081593288766,585.1922500133514,876.7572018353908,1006.0363215208054,Left
592,19385.31111111111,1,1184.3444099739315,587.009242773056,871.6699957987348,993.4888511896133,Left
593,19418.05555555556,1,1234.2290732952802,630.832981467247,884.5225869700889,1015.6803327798843,Left
594,19450.8,1,1267.5177642357169,677.2041213512421,881.9209571739992,1039.1795629262924,Left
595,19483.544444444444,1,1288.357801538,705.5903255939484,899.4894928837158,1053.3782708644867,Left
596,19516.288888888892,1,1322.195941705916,732.750449180603,900.408555418777,1053.7685537338257,Left
597,19549.033333333333,1,1342.0072987099186,768.5186290740967,920.6613397542366,1051.2775057554245,Left
598,19581.788888888892,1,1350.5395895990368,791.5342837572098,926.1911765631869,1035.7083821296692,Left
599,19614.533333333333,1,1357.7152887234795,819.351881146431,950.5083468706639,977.1310186386108,Left
600,19647.277777777777,1,1366.7205318616395,827.4033683538437,962.1591715572308,989.5316755771637,Left
601,19680.022222222226,1,1366.1232589417577,845.1058888435364,969.5055761482623,996.5318065881729,Left
602,19712.766666666666,1,1358.1728578592101,865.2265226840973,952.690525211455,1010.2916675806046,Left
603,19745.511111111115,1,1352.2341389449232,876.3534200191498,962.6859908646185,1022.0174431800842,Left
604,19778.255555555555,1,1353.280242973587,882.9176545143127,973.2307487747174,1027.2264862060547,Left
605,19811.0,1,1351.2928912396449,889.4436514377594,977.1097263725254,1031.1477255821228,Left
606,19843.744444444448,1,1349.2443209935464,887.8500062227249,989.1131069008937,1047.230105996132,Left
607,19876.48888888889,1,1342.2146044750148,891.5276581048965,990.2478208016399,1057.9247653484344,Left
608,19909.244444444448,1,1344.9660888171,899.7106754779816,1001.3356183086722,1063.691085577011,Right
609,19941.98888888889,1,1343.8636323631438,901.8575263023376,1020.6816361350163,1068.5537481307983,Right
610,19974.733333333334,1,1361.1796809528526,903.4714114665985,1029.7164420589613,1070.2655285596848,Right
611,20007.477777777778,1,1360.2091320793627,906.2739658355713,1031.4252234008359,1067.84517288208,Right
612,20040.222222222223,1,1356.2368878166674,908.663341999054,1033.744253894229,1064.607607126236,Right
613,20072.966666666667,1,1354.8305363895465,911.2162899971008,1040.956684125965,1064.2357939481735,Left
614,20105.71111111111,1,1358.4041801175367,901.9282776117325,1034.8155778569605,1063.793170452118,Right
615,20138.455555555556,1,1358.1996998222323,902.9487133026123,1042.4988673971518,1063.7774741649628,Left
616,20171.2,1,1362.8578007151345,898.3100473880768,1036.1036258174274,1057.1646165847778,Right
617,20203.944444444445,1,1367.5103029919676,884.0871459245682,1030.471313405009,1060.2546608448029,Right
618,20236.68888888889,1,1364.5947321078982,862.0677334070206,1036.4920232667732,1063.7247204780579,Right
619,20269.444444444445,1,1379.2151778691818,830.0568670034409,1034.9713449601131,1061.4081019163132,Right
620,20302.18888888889,1,1357.9955857915309,777.7429711818695,1019.3535083623173,1068.076958656311,Right
621,20334.933333333334,1,1334.4496902519486,750.3553104400635,996.7912425748908,1068.4260535240173,Right
622,20367.67777777778,1,1287.9393180677228,707.6541513204575,974.1633892618338,1071.0678684711456,Right
623,20400.422222222223,1,1254.9957007064909,679.3719202280045,961.9117074946306,1079.4675064086914,Right
624,20433.166666666668,1,1210.197039980961,641.3751035928726,965.6058784386477,1079.612785577774,Right
625,20465.911111111112,1,1106.9414498797614,583.7870192527771,961.3813563500032,1078.8472080230713,Left
626,20498.655555555557,1,1038.7157203164497,549.2581379413605,942.4870474257475,1057.8619801998138,Left
627,20531.4,1,988.4937011343094,534.5730516314507,933.1250625646128,1054.9175691604614,Left
628,20564.144444444446,1,946.2310303557241,524.2055949568748,923.751461883223,1030.665979385376,Left
629,20596.88888888889,1,927.9489327147865,524.9660092592239,913.6734035621635,1002.0462781190872,Left
630,20629.644444444446,1,918.9998588696175,521.044091284275,905.1767188247734,989.5219391584396,Left
631,20662.38888888889,1,914.4959815361855,516.2390506267548,909.6650299125931,984.1157484054565,Left
632,20695.133333333335,1,913.6441023939519,509.7492849826813,908.3725082916224,981.5374857187271,Left
633,20727.877777777776,1,916.5592808516616,512.1846288442612,902.0707426708441,981.180129647255,Left
634,20760.622222222224,1,924.3306047052739,518.3277189731598,901.4214078538722,985.2236938476562,Left
635,20793.36666666667,1,913.1884692282638,504.6355998516083,901.2860992449529,982.4775516986847,Left
636,20826.11111111111,1,914.0121198343364,505.86539804935455,902.1759390970747,979.8946273326874,Left
637,20858.855555555558,1,919.7982110563504,506.40146166086197,901.3379780097416,981.9536733627319,Left
638,20891.600000000002,1,920.7228983692379,499.3370997905731,899.8856080514745,976.1262792348862,Left
639,20924.344444444447,1,915.0679298749702,492.5768682360649,898.7252033050287,968.8269746303558,Left
640,20957.08888888889,1,923.0829766598844,494.2259520292282,894.9175426577068,967.8493791818619,Left
641,20989.844444444447,1,919.2346868034265,484.8324912786484,890.407281855486,962.6835304498672,Left
642,21022.58888888889,1,921.7007202112661,491.2502959370613,887.9380043897372,956.4585953950882,Left
643,21055.333333333332,1,923.348780114374,489.9112433195114,890.290783550088,959.0328454971313,Left
644,21088.07777777778,1,920.8334056322069,488.28048169612885,893.6960240461343,954.1331845521927,Left
645,21120.822222222225,1,926.0318252992797,489.88055884838104,885.2334542403048,949.5258522033691,Left
646,21153.566666666666,1,932.8197025330377,490.4930090904236,887.7483578108399,946.5527629852295,Left
647,21186.311111111114,1,940.8658294856618,489.672347009182,881.9283609513242,934.9015152454376,Left
648,21219.055555555555,1,969.0598059650882,465.1736882328987,877.2847275102264,926.3658034801483,Left
649,21251.8,1,1019.2885748806201,466.41950726509094,870.1395068330754,926.2674361467361,Left
650,21284.555555555555,1,1048.9879250386675,468.0912208557129,864.777523859165,922.8419870138168,Left
651,21317.3,1,1085.3530293472486,475.531142950058,859.5540412285683,921.9169092178345,Left
652,21350.044444444447,1,1122.927957961875,491.70056104660034,866.7647447843206,928.0647200345993,Left
653,21382.78888888889,1,1152.7841216933684,502.68595576286316,883.2836707898908,930.7953429222107,Right
654,21415.533333333336,1,1165.8058224641145,498.4979385137558,882.9844587712886,919.6217107772827,Right
655,21448.277777777777,1,1194.91956784605,504.81593012809753,890.6115266949741,911.9518911838531,Right
656,21481.022222222222,0,,,,,
657,21513.76666666667,0,,,,,
658,21546.51111111111,0,,,,,
659,21579.255555555555,0,,,,,
660,21612.000000000004,0,,,,,
661,21644.755555555555,0,,,,,
662,21677.500000000004,0,,,,,
663,21710.244444444445,0,,,,,
664,21742.98888888889,0,,,,,
665,21775.733333333334,0,,,,,
666,21808.477777777778,0,,,,,
667,21841.222222222226,0,,,,,
668,21873.966666666667,0,,,,,
669,21906.71111111111,0,,,,,
670,21939.455555555556,0,,,,,
671,21972.2,0,,,,,
672,22004.955555555556,0,,,,,
673,22037.7,0,,,,,
674,22070.444444444445,0,,,,,
675,22103.18888888889,0,,,,,
676,22135.933333333334,0,,,,,
677,22168.67777777778,0,,,,,
678,22201.422222222223,0,,,,,
679,22234.166666666668,0,,,,,
680,22266.911111111112,0,,,,,
681,22299.655555555557,0,,,,,
682,22332.411111111112,1,943.0627892193453,429.0962737798691,932.3232831876694,879.6645104885101,Right
683,22365.155555555557,1,916.307290805043,428.42640817165375,923.1392244381474,888.8332664966583,Left
684,22397.9,1,907.5381836885584,443.0092325806618,931.4351176880169,907.0702278614044,Left
685,22430.644444444446,1,909.2461801777132,448.18263441324234,933.8509990070518,917.7309572696686,Left
686,22463.38888888889,1,921.9477918475063,474.98540192842484,935.5362086055707,923.0617940425873,Left
687,22496.13333333333,1,908.7326248812927,466.09779238700867,936.6815703415507,923.4080564975739,Left
688,22528.87777777778,1,928.9809093944912,490.70880353450775,939.5970627403483,923.4525489807129,Left
689,22561.622222222224,1,918.4651910350303,469.22988027334213,939.8738802946746,919.0323328971863,Right
690,22594.36666666667,1,899.8269272297796,462.04738318920135,942.9843039473503,931.3936311006546,Left
691,22627.111111111113,1,922.1749020629024,477.1177661418915,934.2725957264514,929.5162135362625,Right
692,22659.855555555554,1,923.8529956634271,483.1208288669586,937.412268223824,932.6550579071045,Left
693,22692.611111111113,1,932.0907051649909,493.40844690799713,939.0743246671044,936.3152432441711,Left
694,22725.355555555554,1,918.7661558913737,477.8102910518646,938.6410598039348,934.25572514534,Right
695,22758.100000000002,1,906.388374453832,466.98011845350266,931.704740759077,928.2422769069672,Left
696,22790.844444444447,1,919.2851528333192,482.16730892658234,927.9633478430762,928.9756947755814,Right
697,22823.588888888888,1,919.3390198916651,482.90591955184937,930.201904770917,935.2705550193787,Left
698,22856.333333333336,1,942.5819361195894,504.2125377058983,926.5012980345964,936.1075919866562,Left
699,22889.07777777778,1,954.3049149328771,517.2343781590462,922.2361205750585,936.0009634494781,Right
700,22921.82222222222,1,949.6471803045775,507.95400738716125,925.08960960898,933.575651049614,Right
701,22954.56666666667,1,966.0836967745531,518.6500239372253,921.5876490960786,937.0726186037064,Left
702,22987.31111111111,1,987.1394900895507,475.31499445438385,913.9760689327334,941.6115009784698,Left
703,23020.05555555556,1,1037.6804472553213,492.4914827942848,904.2510635268646,952.9014390707016,Left
704,23052.81111111111,1,1102.9401137429134,514.2056733369827,905.7610678365334,975.5727195739746,Left
705,23085.55555555556,1,1134.9447333099974,591.6484987735748,904.3076252462157,983.9370703697205,Left
706,23118.300000000003,1,1235.82750434473,605.64781665802,912.2191499573684,1009.1829550266266,Right
707,23151.044444444444,1,1269.067482093015,676.22398853302,903.5896681397629,1002.0151215791702,Right
708,23183.788888888892,1,1272.1005715910185,718.4051048755646,906.799663440843,992.5337380170822,Right
709,23216.533333333333,0,,,,,
710,23249.277777777777,0,,,,,
711,23282.022222222226,0,,,,,
712,23314.766666666666,0,,,,,
713,23347.511111111115,0,,,,,
714,23380.266666666666,0,,,,,
715,23413.01111111111,0,,,,,
716,23445.755555555555,0,,,,,
717,23478.5,0,,,,,
718,23511.244444444448,0,,,,,
719,23543.98888888889,0,,,,,
720,23576.733333333334,0,,,,,
721,23609.47777777778,0,,,,,
722,23642.222222222223,0,,,,,
723,23674.966666666667,0,,,,,
724,23707.722222222223,0,,,,,
725,23740.466666666667,0,,,,,
726,23773.21111111111,1,1287.515183657862,814.0940380096436,876.1859075405393,995.8460086584091,Right
727,23805.955555555556,1,1269.37676638819,781.367102265358,870.5391015145591,1027.4854159355164,Left
728,23838.700000000004,1,1256.401214957377,726.1374145746231,856.5449682237954,1027.3827409744263,Left
729,23871.444444444445,1,1222.7120398357074,682.2466421127319,854.7809332504362,1028.914132118225,Right
730,23904.18888888889,1,1177.3732957918228,636.1277049779892,864.7141339211503,1040.667877793312,Left
731,23936.933333333334,1,1110.4113360781741,581.212061047554,877.7172336824334,1028.4396439790726,Left
732,23969.67777777778,1,1037.3405013805536,544.6397709846497,878.2743744665685,1016.3020473718643,Left
733,24002.422222222223,1,994.0505368768261,538.0408984422684,890.0012775434559,1006.4322102069855,Left
734,24035.166666666668,1,969.0822265911214,534.4280084967613,889.1213791591201,988.3640724420547,Left
735,24067.922222222223,1,956.0586421738476,537.5361683964729,900.747585632038,991.7508709430695,Left
736,24100.666666666668,1,949.1756407904318,534.9818336963654,901.2609839579145,990.0005578994751,Left
737,24133.411111111112,1,947.7056116459657,536.3095861673355,903.8389112018616,990.457107424736,Left
738,24166.155555555557,1,958.731170332306,548.5220351815224,904.2789781219375,996.3403826951981,Left
739,24198.9,1,952.3744911828885,544.8340567946434,908.1345147851763,999.3318235874176,Left
740,24231.644444444446,1,940.2623823910498,536.558395922184,914.8305380889427,1002.5713366270065,Left
741,24264.38888888889,1,938.4361085969986,533.6394765973091,908.9369220442957,1003.129026889801,Left
742,24297.133333333335,1,939.1821111073108,530.2026683092117,906.20063768322,1002.752788066864,Left
743,24329.87777777778,1,935.1159461357948,530.9442293643951,904.235157178407,1001.1442136764526,Left
744,24362.622222222224,1,936.5663801240195,538.8641273975372,907.1686488662488,1004.3498557806015,Left
745,24395.37777777778,1,943.3247730572646,538.3298045396805,904.9997606981821,1003.7541049718857,Left
746,24428.122222222224,1,932.096539236876,528.7584918737411,898.9268058070264,1001.1823332309723,Left
747,24460.86666666667,1,934.670594540738,534.5730811357498,898.7503709155817,998.532965183258,Left
748,24493.61111111111,1,939.0097051264952,528.56340944767,894.603366113911,995.0919377803802,Left
749,24526.355555555558,1,943.0593620291348,535.5637764930725,892.1661629626508,986.9590187072754,Left
750,24559.100000000002,1,946.8511163279991,514.3173176050186,885.8208903394299,981.3776904344559,Left
751,24591.844444444443,1,968.9913144843939,511.4365178346634,877.5428394080606,971.9606852531433,Left
752,24624.58888888889,1,994.3264126078884,518.3339148759842,878.9136370069676,979.1847538948059,Left
753,24657.333333333332,0,,,,,
754,24690.07777777778,0,,,,,
755,24722.833333333332,0,,,,,
756,24755.57777777778,0,,,,,
757,24788.322222222225,0,,,,,
758,24821.066666666666,0,,,,,
759,24853.811111111114,0,,,,,
760,24886.55555555556,0,,,,,
761,24919.3,0,,,,,
762,24952.044444444447,0,,,,,
763,24984.78888888889,0,,,,,
764,25017.533333333336,0,,,,,
765,25050.27777777778,0,,,,,
766,25083.033333333333,0,,,,,
767,25115.77777777778,0,,,,,
768,25148.522222222222,0,,,,,
769,25181.26666666667,0,,,,,
770,25214.01111111111,0,,,,,
771,25246.755555555555,0,,,,,
772,25279.500000000004,0,,,,,
773,25312.244444444445,0,,,,,
774,25344.98888888889,0,,,,,
775,25377.733333333334,0,,,,,
776,25410.477777777778,0,,,,,
777,25443.233333333334,0,,,,,
778,25475.977777777778,0,,,,,
779,25508.722222222226,0,,,,,
780,25541.466666666667,0,,,,,
781,25574.21111111111,0,,,,,
782,25606.95555555556,0,,,,,
783,25639.7,0,,,,,
784,25672.444444444445,0,,,,,
785,25705.18888888889,0,,,,,
786,25737.944444444445,0,,,,,
787,25770.68888888889,0,,,,,
788,25803.433333333334,0,,,,,
789,25836.17777777778,0,,,,,
790,25868.922222222223,0,,,,,
791,25901.666666666668,0,,,,,
792,25934.411111111112,0,,,,,
793,25967.155555555557,0,,,,,
794,25999.9,1,936.6472461159316,428.35406363010406,902.6651377974193,890.5093467235565,Right
795,26032.644444444446,1,917.2284201189334,416.1155033111572,886.0545671559163,903.4255617856979,Left
796,26065.38888888889,1,912.147100477677,421.71240985393524,878.9677656828868,910.4540169239044,Left
797,26098.144444444446,1,904.1557039213907,430.2348741889,877.6674478582313,913.6884552240372,Left
798,26130.88888888889,1,901.3691105009663,449.8538464307785,882.1771331017909,921.1285543441772,Left
799,26163.633333333335,1,902.9821136492498,448.1700360774994,880.8355058623087,919.9492675065994,Left
800,26196.37777777778,1,939.1894887228783,512.065903544426,885.252081411525,915.5347752571106,Left
801,26229.122222222224,1,913.8967988080185,471.11688673496246,890.576339131363,924.3414545059204,Left
802,26261.866666666665,1,912.2737495449196,466.80073231458664,898.835579759211,922.4445050954819,Right
803,26294.611111111113,1,918.965194541153,463.6578753590584,896.6187632517127,919.2623484134674,Left
804,26327.355555555558,1,909.0835848558969,461.6760715842247,904.0147182111305,924.7218239307404,Left
805,26360.100000000002,1,902.0460982954377,448.150150179863,903.7926833766566,920.0247395038605,Left
806,26392.844444444447,1,914.2454042244628,474.07976746559143,902.5039028869844,920.7048726081848,Left
807,26425.588888888888,1,931.0700565262109,497.0545881986618,901.0308128169106,920.9317606687546,Left
808,26458.344444444447,1,912.9941920183188,468.1446236371994,907.660960815716,919.7369545698166,Right
809,26491.088888888888,1,907.2461661532225,448.270999789238,901.1601565451583,916.1183112859726,Left
810,26523.833333333336,1,916.3075524226163,456.05376183986664,906.5668761241059,913.4122949838638,Left
811,26556.57777777778,1,918.2481792579642,461.3195416331291,901.2709254257005,914.4582813978195,Left
812,26589.32222222222,1,919.5965039073233,452.0568734407425,909.2964369135473,915.8635121583939,Left
813,26622.06666666667,1,919.4520386833378,437.78517186641693,905.1137474748762,913.52110683918,Left
814,26654.81111111111,1,923.4645720523239,437.3357033729553,907.4829562188313,915.2636307477951,Left
815,26687.55555555556,1,923.4561218047058,436.28180980682373,908.7623446376215,915.4992520809174,Left
816,26720.300000000003,1,930.0753865124611,433.5802486538887,907.499019537833,910.920774936676,Left
817,26753.055555555555,1,929.9849453173656,427.45046496391296,908.8688491517187,914.1885530948639,Left
818,26785.800000000003,1,945.6708548077386,426.602363884449,911.6757702575899,913.8653039932251,Left
819,26818.544444444444,0,,,,,
820,26851.288888888892,0,,,,,
821,26884.033333333336,0,,,,,
822,26916.777777777777,0,,,,,
823,26949.522222222226,0,,,,,
824,26982.266666666666,0,,,,,
825,27015.01111111111,0,,,,,
826,27047.75555555556,0,,,,,
827,27080.5,0,,,,,
828,27113.25555555556,0,,,,,
829,27146.0,0,,,,,
830,27178.744444444448,0,,,,,
831,27211.48888888889,0,,,,,
832,27244.233333333334,0,,,,,
833,27276.97777777778,0,,,,,
834,27309.722222222223,0,,,,,
835,27342.466666666667,0,,,,,
836,27375.21111111111,0,,,,,
837,27407.955555555556,0,,,,,
838,27440.7,0,,,,,
839,27473.455555555556,0,,,,,
840,27506.2,0,,,,,
841,27538.944444444445,0,,,,,
842,27571.68888888889,0,,,,,
843,27604.433333333338,0,,,,,
844,27637.17777777778,0,,,,,
845,27669.922222222223,0,,,,,
846,27702.666666666668,0,,,,,
847,27735.411111111112,0,,,,,
848,27768.155555555557,0,,,,,
849,27800.911111111112,0,,,,,
850,27833.655555555557,0,,,,,
851,27866.4,0,,,,,
852,27899.144444444446,0,,,,,
853,27931.888888888887,1,945.0434173816533,475.56825935840607,942.7555455412423,919.7407311201096,Right
854,27964.633333333335,1,934.9560454749837,464.1061931848526,944.6999658314033,910.2937495708466,Left
855,27997.37777777778,1,916.087767499273,456.1699792742729,943.7851153392725,914.1944539546967,Right
856,28030.122222222224,1,917.8253006124552,466.14794969558716,945.4620839842319,915.2313530445099,Right
857,28062.86666666667,1,926.2448343274741,481.497620344162,944.9775944002068,916.3636100292206,Right
858,28095.61111111111,1,903.5805900099689,464.27233189344406,943.4204989273411,919.4662231206894,Right
859,28128.36666666667,1,926.356832810611,487.92731523513794,946.7096073825921,917.2007060050964,Right
860,28161.111111111113,1,933.377575846378,493.36610823869705,946.2142345075172,912.7151083946228,Right
861,28193.855555555558,1,916.9725581322298,485.07289230823517,948.6680242129255,920.2316236495972,Left
862,28226.600000000002,1,924.9614431598122,475.03992587327957,955.5766902802837,918.0701386928558,Right
863,28259.344444444443,1,933.293413473042,492.7437150478363,951.0985037925515,919.573500752449,Left
864,28292.08888888889,1,947.2888548516725,512.0272234082222,947.7742862589614,920.2962970733643,Left
865,28324.833333333336,1,950.2401888580143,512.4885231256485,950.0809945646512,921.1397659778595,Left
866,28357.57777777778,1,949.1948696820705,510.44260650873184,950.1658109819205,918.2039701938629,Right
867,28390.322222222225,1,940.7406454768299,497.79154658317566,951.2434399281689,920.8910447359085,Left
868,28423.066666666666,1,933.3752474499755,487.0554041862488,951.0818125913738,919.7164785861969,Right
869,28455.822222222225,1,953.1797762353143,509.2809337377548,951.5575379866928,920.2836692333221,Left
870,28488.566666666666,1,931.6963166732162,492.6385322213173,953.1239208834113,921.3940340280533,Left
871,28521.311111111114,1,925.2550042388308,472.53855139017105,953.1973307744839,915.3853064775467,Right
872,28554.05555555556,1,926.7354196009575,459.8808825016022,943.6555099934515,913.2904422283173,Left
873,28586.8,1,943.5936635991194,462.4482876062393,946.2101009498588,909.3482547998428,Left
874,28619.544444444447,1,955.7306260604232,444.1627326607704,949.7533970393441,916.4233857393265,Left
875,28652.28888888889,0,,,,,
876,28685.033333333333,0,,,,,
877,28717.77777777778,0,,,,,
878,28750.522222222222,0,,,,,
879,28783.26666666667,0,,,,,
880,28816.022222222222,0,,,,,
881,28848.76666666667,0,,,,,
882,28881.511111111115,0,,,,,
883,28914.255555555555,0,,,,,
884,28947.000000000004,0,,,,,
885,28979.744444444445,0,,,,,
886,29012.48888888889,0,,,,,
887,29045.233333333337,0,,,,,
888,29077.977777777778,0,,,,,
889,29110.722222222223,0,,,,,
890,29143.477777777778,0,,,,,
891,29176.222222222223,0,,,,,
892,29208.966666666667,0,,,,,
893,29241.71111111111,0,,,,,
894,29274.45555555556,0,,,,,
895,29307.2,0,,,,,
896,29339.944444444445,0,,,,,
897,29372.68888888889,0,,,,,
898,29405.433333333334,0,,,,,
899,29438.17777777778,0,,,,,
900,29470.933333333334,0,,,,,
901,29503.67777777778,0,,,,,
902,29536.422222222223,0,,,,,
903,29569.166666666668,0,,,,,
904,29601.911111111112,0,,,,,
905,29634.655555555557,0,,,,,
906,29667.4,0,,,,,
907,29700.144444444446,0,,,,,
908,29732.88888888889,0,,,,,
909,29765.633333333335,0,,,,,
910,29798.37777777778,0,,,,,
911,29831.133333333335,0,,,,,
912,29863.87777777778,0,,,,,
913,29896.622222222224,0,,,,,
914,29929.366666666665,0,,,,,
915,29962.111111111113,0,,,,,
916,29994.855555555558,0,,,,,
917,30027.600000000002,0,,,,,
918,30060.344444444447,0,,,,,
919,30093.08888888889,0,,,,,
920,30125.833333333336,0,,,,,
921,30158.58888888889,0,,,,,
922,30191.333333333336,0,,,,,
923,30224.07777777778,0,,,,,
924,30256.82222222222,1,946.7871246695659,377.2504046559334,950.6730874565814,862.88529753685,Left
925,30289.56666666667,1,954.6307072969282,379.15269434452057,936.0915703902072,870.0612151622772,Left
926,30322.311111111114,1,969.5641261611706,374.97255474328995,926.5356745837303,869.4877105951309,Left
927,30355.055555555555,1,985.3801642325112,379.74888771772385,922.8226933361916,860.2610671520233,Left
928,30387.800000000003,1,986.1199140828212,372.67290115356445,910.0905247338352,858.223323225975,Left
929,30420.544444444444,1,982.2846004579998,367.18893706798553,901.5644865047191,859.7162997722626,Left
930,30453.288888888892,1,971.5027908647186,354.1741481423378,894.2536095801439,856.238214969635,Left
931,30486.044444444444,1,972.3608180199251,350.17212599515915,887.4797288865585,853.3921122550964,Left
932,30518.788888888892,1,971.2965054081585,346.15237176418304,887.2451102468082,847.5638329982758,Left
933,30551.533333333336,1,969.2798525060048,346.58047914505005,890.0470082952717,851.5768897533417,Left
934,30584.277777777777,1,965.0443163175237,347.7750492095947,897.9359815716044,851.3936680555344,Left
935,30617.022222222226,1,968.0168151855469,342.17548727989197,896.7836346464168,855.8744859695435,Left
936,30649.766666666666,1,980.00936474638,345.0682067871094,897.5361775960621,852.1046036481857,Left
937,30682.51111111111,1,978.9424359588802,346.5529516339302,896.895423835495,847.58944272995,Left
938,30715.25555555556,0,,,,,
939,30748.0,0,,,,,
940,30780.744444444445,0,,,,,
941,30813.488888888893,0,,,,,
942,30846.244444444445,0,,,,,
943,30878.988888888893,0,,,,,
944,30911.733333333334,0,,,,,
945,30944.47777777778,0,,,,,
946,30977.222222222223,0,,,,,
947,31009.966666666667,0,,,,,
948,31042.711111111115,0,,,,,
949,31075.455555555556,0,,,,,
950,31108.2,0,,,,,
951,31140.955555555556,0,,,,,
952,31173.7,0,,,,,
953,31206.444444444445,0,,,,,
954,31239.18888888889,0,,,,,
955,31271.933333333334,0,,,,,
956,31304.67777777778,0,,,,,
957,31337.422222222223,0,,,,,
958,31370.166666666668,0,,,,,
959,31402.911111111112,0,,,,,
960,31435.655555555557,0,,,,,
961,31468.4,0,,,,,
962,31501.155555555557,0,,,,,
963,31533.9,0,,,,,
964,31566.644444444446,0,,,,,
965,31599.38888888889,0,,,,,
966,31632.133333333335,0,,,,,
967,31664.87777777778,0,,,,,
968,31697.622222222224,0,,,,,
969,31730.36666666667,0,,,,,
970,31763.111111111113,0,,,,,
971,31795.855555555558,0,,,,,
972,31828.611111111113,0,,,,,
973,31861.355555555558,0,,,,,
974,31894.100000000002,0,,,,,
975,31926.844444444443,0,,,,,
976,31959.58888888889,0,,,,,
977,31992.333333333336,0,,,,,
978,32025.07777777778,0,,,,,
979,32057.82222222222,0,,,,,
980,32090.56666666667,1,948.7576020700292,353.63607823848724,959.6622149522251,861.8293976783752,Right
981,32123.311111111114,1,930.1143936926427,358.073967397213,940.6995715178191,860.1223969459534,Left
982,32156.055555555555,1,929.3925384843475,353.28583270311356,939.3767545818583,856.1776721477509,Left
983,32188.811111111114,1,924.4757762967073,355.55654257535934,944.6043969318707,855.1665598154068,Left
984,32221.555555555555,1,928.9463497130561,360.00366657972336,944.5808775120296,858.4014701843262,Left
985,32254.3,1,926.0676407450668,370.6827771663666,945.0936741174875,863.865430355072,Left
986,32287.044444444447,0,,,,,
987,32319.78888888889,0,,,,,
988,32352.533333333333,0,,,,,
989,32385.27777777778,0,,,,,
990,32418.022222222226,0,,,,,
991,32450.766666666666,0,,,,,
992,32483.522222222226,1,973.0674470854532,425.9055608510971,943.5972477598738,870.239834189415,Left
993,32516.266666666666,0,,,,,
994,32549.011111111115,1,986.8946160409263,398.16328793764114,947.5177179048097,876.1717915534973,Left
995,32581.75555555556,1,1014.8069088791627,376.69241935014725,933.603404135665,876.6528886556625,Left
996,32614.5,1,1037.5462897637246,393.6341714859009,930.8054041890439,874.4266712665558,Left
997,32647.244444444445,0,,,,,
998,32679.988888888893,0,,,,,
999,32712.733333333334,0,,,,,
1000,32745.477777777778,0,,,,,
1001,32778.222222222226,0,,,,,
1002,32810.96666666667,0,,,,,
1003,32843.722222222226,0,,,,,
1004,32876.46666666667,0,,,,,
1005,32909.211111111115,0,,,,,
1006,32941.955555555556,0,,,,,
1007,32974.7,0,,,,,
1008,33007.444444444445,0,,,,,
1009,33040.18888888889,0,,,,,
1010,33072.933333333334,0,,,,,
1011,33105.677777777775,0,,,,,
1012,33138.42222222222,0,,,,,
1013,33171.177777777775,0,,,,,
1014,33203.92222222222,0,,,,,
1015,33236.66666666667,0,,,,,
1016,33269.41111111111,0,,,,,
1017,33302.15555555556,0,,,,,
1018,33334.9,0,,,,,
1019,33367.64444444444,0,,,,,
1020,33400.38888888889,0,,,,,
1021,33433.13333333334,1,971.1439038776429,431.68657422065735,930.140686258761,886.8322849273682,Right
1022,33465.87777777778,1,945.2322006225586,390.31018763780594,927.2406292967892,892.6079875230789,Left
1023,33498.63333333334,1,935.8157208209021,389.1651552915573,928.5340142557518,892.4555093050003,Left
1024,33531.37777777778,1,945.1200190071204,406.32243633270264,925.830772194186,884.3524485826492,Left
1025,33564.12222222222,1,941.0283986457207,402.46463119983673,925.4526039919568,880.4572910070419,Left
1026,33596.86666666667,1,948.9143633199604,424.32418942451477,927.9108935196263,879.4198018312454,Left
1027,33629.61111111111,1,951.4985693856672,431.14705860614777,923.0492803164411,881.0589426755905,Left
1028,33662.35555555556,1,954.9565258227367,438.27075362205505,926.8801464425162,876.5815472602844,Left
1029,33695.100000000006,1,959.7311250210367,465.4229700565338,926.4133160446901,876.7496037483215,Left
1030,33727.84444444445,1,950.4692612052104,448.7720122933388,919.1098167356824,873.1163263320923,Left
1031,33760.58888888889,1,954.2827559244172,448.6031296849251,923.030182233589,875.7384914159775,Left
1032,33793.333333333336,1,953.0522638300798,447.79252856969833,922.8419222278304,877.1272587776184,Left
1033,33826.07777777778,1,965.3467985557922,457.5701057910919,923.5219447861523,877.638686299324,Left
1034,33858.833333333336,1,953.5634645683405,423.67379665374756,918.3932462023682,876.327338218689,Left
1035,33891.57777777778,1,961.5336701011881,418.19732666015625,916.4085891294312,879.9065637588501,Left
1036,33924.322222222225,0,,,,,
1037,33957.06666666667,0,,,,,
1038,33989.81111111111,0,,,,,
1039,34022.555555555555,0,,,,,
1040,34055.3,0,,,,,
1041,34088.04444444445,0,,,,,
1042,34120.78888888889,0,,,,,
1043,34153.54444444445,0,,,,,
1044,34186.28888888889,0,,,,,
1045,34219.03333333333,0,,,,,
1046,34251.77777777778,0,,,,,
1047,34284.52222222222,0,,,,,
1048,34317.26666666667,0,,,,,
1049,34350.01111111112,0,,,,,
1050,34382.75555555555,0,,,,,
1051,34415.5,1,997.919965433208,464.55790400505066,898.5651979971882,946.1241245269775,Left
1052,34448.24444444445,1,1000.3698308750166,482.28302478790283,884.8525390535558,970.3252029418945,Left
1053,34480.98888888889,1,1019.7655560402909,479.7753068804741,876.6717575359456,978.7666779756546,Left
1054,34513.74444444445,1,1015.4302389093468,479.3423017859459,872.6949872892319,989.3712902069092,Left
1055,34546.48888888889,1,1001.9798515829643,476.42597883939743,864.9576737201508,993.1113141775131,Left
1056,34579.23333333334,1,986.0856160189594,482.8271135687828,862.7778499375195,982.9179918766022,Left
1057,34611.97777777778,1,1027.0553204266994,478.84842932224274,856.0939656891549,995.0190031528473,Left
1058,34644.72222222222,1,997.3475200210339,470.9426933526993,863.7009937067244,987.7342736721039,Left
1059,34677.46666666667,1,1013.6738431691285,467.13953018188477,856.1808750470107,988.7249100208282,Left
1060,34710.211111111115,1,1143.4020446026032,550.2628183364868,869.116634444922,985.6781780719757,Left
1061,34742.955555555556,1,1060.3360058693925,495.51056921482086,873.0887740605881,996.5922313928604,Left
1062,34775.7,1,1109.2754448983483,527.9028671979904,887.9983072403867,1005.7551455497742,Left
1063,34808.455555555556,0,,,,,
1064,34841.2,0,,,,,
1065,34873.944444444445,0,,,,,
1066,34906.68888888889,0,,,,,
1067,34939.433333333334,0,,,,,
1068,34972.17777777778,0,,,,,
1069,35004.92222222222,0,,,,,
1070,35037.666666666664,0,,,,,
1071,35070.41111111111,0,,,,,
1072,35103.15555555556,0,,,,,
1073,35135.9,0,,,,,
1074,35168.65555555556,0,,,,,
1075,35201.4,0,,,,,
1076,35234.14444444445,0,,,,,
1077,35266.88888888889,0,,,,,
1078,35299.63333333333,0,,,,,
1079,35332.37777777778,0,,,,,
1080,35365.12222222223,0,,,,,
1081,35397.86666666667,0,,,,,
1082,35430.61111111111,0,,,,,
1083,35463.35555555556,0,,,,,
1084,35496.11111111111,0,,,,,
1085,35528.85555555556,0,,,,,
1086,35561.6,0,,,,,
1087,35594.34444444445,0,,,,,
1088,35627.088888888895,0,,,,,
1089,35659.83333333333,0,,,,,
1090,35692.57777777778,0,,,,,
1091,35725.322222222225,0,,,,,
1092,35758.06666666667,0,,,,,
1093,35790.811111111114,0,,,,,
1094,35823.56666666667,0,,,,,
1095,35856.311111111114,0,,,,,
1096,35889.055555555555,0,,,,,
1097,35921.8,0,,,,,
1098,35954.544444444444,0,,,,,
1099,35987.28888888889,0,,,,,
1100,36020.03333333334,0,,,,,
1101,36052.777777777774,0,,,,,
1102,36085.52222222222,0,,,,,
1103,36118.26666666667,0,,,,,
1104,36151.02222222222,0,,,,,
1105,36183.76666666667,0,,,,,
1106,36216.51111111111,0,,,,,
1107,36249.25555555556,0,,,,,
1108,36282.0,0,,,,,
1109,36314.74444444444,0,,,,,
1110,36347.48888888889,0,,,,,
1111,36380.23333333334,0,,,,,
1112,36412.97777777778,0,,,,,
1113,36445.722222222226,0,,,,,
1114,36478.47777777778,0,,,,,
1115,36511.222222222226,0,,,,,
1116,36543.96666666667,0,,,,,
1117,36576.711111111115,0,,,,,
1118,36609.455555555556,0,,,,,
1119,36642.200000000004,0,,,,,
1120,36674.94444444445,0,,,,,
1121,36707.688888888886,0,,,,,
1122,36740.433333333334,0,,,,,
1123,36773.17777777778,0,,,,,
1124,36805.933333333334,0,,,,,
1125,36838.67777777778,0,,,,,
1126,36871.42222222222,0,,,,,
1127,36904.16666666667,0,,,,,
1128,36936.91111111111,0,,,,,
1129,36969.65555555555,0,,,,,
1130,37002.4,0,,,,,
1131,37035.14444444445,1,1017.9755686036588,558.6190554499626,864.5209555050134,819.6776086091995,Left
1132,37067.88888888889,0,,,,,
1133,37100.63333333333,0,,,,,
1134,37133.37777777778,1,953.0965818469997,388.7214696407318,863.7510934720145,871.1499238014221,Left
1135,37166.13333333333,1,957.6344694649628,436.70419335365295,868.8234134687489,876.8778884410858,Left
1136,37198.87777777778,1,969.7701238384001,462.54872024059296,892.2985676165063,893.5029709339142,Right
1137,37231.62222222222,1,948.4450737169451,424.55261170864105,892.5585893226257,893.6383366584778,Left
1138,37264.36666666667,1,942.5518239369006,444.55983102321625,899.9945979325181,903.2464706897736,Right
1139,37297.11111111112,1,923.4630546703987,432.45604634284973,897.8205558982572,905.4904496669769,Left
1140,37329.85555555555,1,939.2110983344343,448.3974552154541,886.986213496254,896.2417960166931,Left
1141,37362.6,1,943.1231182317522,462.23314225673676,885.8715656633813,890.3707355260849,Left
1142,37395.34444444445,1,958.6368571971254,479.55744713544846,883.5859437341009,891.2736850976944,Left
1143,37428.088888888895,1,916.2043181281856,430.2066385746002,899.4460643665452,896.4635503292084,Left
1144,37460.84444444445,1,935.870686673056,456.6457360982895,889.191571154041,890.0902676582336,Left
1145,37493.588888888895,1,940.9354982454361,475.2821856737137,889.963499965869,892.8826725482941,Left
1146,37526.333333333336,1,923.9951063292527,460.1925069093704,891.6136789713207,892.037433385849,Right
1147,37559.07777777778,1,973.4098260036527,525.0227165222168,886.6150304832324,889.6808069944382,Right
1148,37591.822222222225,1,951.1549347031158,480.95397412776947,886.3616800252327,896.7469096183777,Left
1149,37624.566666666666,1,919.9032766737944,454.9143648147583,908.4582403703982,900.8300095796585,Right
1150,37657.311111111114,1,932.0719733467415,475.2463674545288,886.8596952377981,888.7316536903381,Right
1151,37690.05555555556,1,943.0552546332339,472.55616545677185,881.8711713497971,884.4158828258514,Right
1152,37722.8,1,907.6044775816368,417.8009659051895,886.4834368438542,886.7965257167816,Left
1153,37755.544444444444,1,956.479584849314,526.584261059761,886.2329380174035,882.047808766365,Right
1154,37788.28888888889,1,964.7450258136495,505.98577558994293,881.5010609688261,886.0276436805725,Right
1155,37821.044444444444,1,940.3790899905063,416.2603399157524,878.2495207971034,882.8159236907959,Left
1156,37853.78888888889,1,951.0940039702904,452.4715268611908,879.2709019650888,885.0799655914307,Left
1157,37886.53333333333,1,1004.2392855931558,379.42068189382553,861.6279098940063,880.460359454155,Left
1158,37919.27777777778,1,1075.5688983698103,411.933091878891,862.6839292286988,920.5604785680771,Left
1159,37952.02222222223,0,,,,,
1160,37984.76666666666,0,,,,,
1161,38017.51111111111,0,,,,,
1162,38050.25555555556,0,,,,,
1163,38083.0,0,,,,,
1164,38115.75555555556,0,,,,,
1165,38148.5,0,,,,,
1166,38181.24444444445,0,,,,,
1167,38213.98888888889,0,,,,,
1168,38246.73333333334,0,,,,,
1169,38279.47777777778,0,,,,,
1170,38312.222222222226,0,,,,,
1171,38344.966666666674,0,,,,,
1172,38377.71111111111,0,,,,,
1173,38410.455555555556,1,1280.9412049520477,738.2391929626465,841.3760673818108,886.6671198606491,Right
1174,38443.200000000004,1,1293.4980636185246,710.3936845064163,842.1044630294389,897.8671288490295,Right
1175,38475.955555555556,1,1289.6563665249143,669.3284797668457,835.8849238119539,876.3956701755524,Right
1176,38508.700000000004,1,1262.6500553430733,636.7968034744263,838.4432297379024,854.4742119312286,Left
1177,38541.444444444445,1,1225.9261686944458,565.3356796503067,834.5029551426662,868.9956378936768,Left
1178,38574.18888888889,0,,,,,
1179,38606.933333333334,0,,,,,
1180,38639.677777777775,0,,,,,
1181,38672.42222222222,1,967.0830497428652,412.79317170381546,866.7926070558788,867.5443214178085,Left
1182,38705.16666666667,1,954.0772814823343,424.31802302598953,878.6254652499593,863.9094507694244,Left
1183,38737.91111111111,1,968.1121486292634,498.83939176797867,880.9634891791752,866.4233940839767,Right
1184,38770.65555555555,1,962.5969362426615,480.75387597084045,895.6726494595705,879.8409461975098,Left
1185,38803.41111111111,1,954.0209028952846,456.3860982656479,892.8888553471805,879.7355568408966,Left
1186,38836.15555555555,1,925.5653873278136,417.8157180547714,897.6025238126551,886.5362387895584,Left
1187,38868.9,1,949.8563958779589,477.3035252094269,896.4780914825403,888.0262058973312,Right
1188,38901.64444444444,1,964.9995273889718,476.0960912704468,884.4946200515013,874.9885511398315,Left
1189,38934.38888888889,1,938.5718357940352,447.44057178497314,886.7289649364118,881.9042408466339,Left
1190,38967.13333333334,1,902.4383938466259,404.4718971848488,902.8692256663637,886.8780755996704,Left
1191,38999.87777777779,1,940.3639684947685,499.52203273773193,890.9459524389448,880.3211581707001,Right
1192,39032.62222222222,1,946.9573330627657,476.0408887267113,870.8930962530138,871.1784249544144,Left
1193,39065.36666666667,1,911.80861966132,437.04954117536545,885.4815200233236,882.5444841384888,Left
1194,39098.11111111112,1,929.8272684059277,469.29119020700455,887.3060148178762,875.2173864841461,Right
1195,39130.86666666667,1,960.4385389392849,493.13771545886993,876.435778484814,875.4468709230423,Left
1196,39163.61111111112,1,942.1771090866393,476.9523650407791,879.6069497380139,884.1660994291306,Left
1197,39196.35555555556,1,942.0206094542813,457.68236964941025,892.245616219667,889.6172547340393,Left
1198,39229.100000000006,1,960.7269723138664,524.2636299133301,891.8772586764372,883.9455252885818,Right
1199,39261.84444444445,1,960.4634449322646,544.0746456384659,874.5659453648057,877.1411848068237,Right
1200,39294.58888888889,1,947.6018017928737,434.9858629703522,873.0399562214072,882.2993624210358,Left
1201,39327.333333333336,1,967.4430355237489,378.5545241832733,867.2340343873358,863.8375782966614,Left
1202,39360.077777777784,1,990.4951540554534,372.44890451431274,861.9990667452706,869.7173720598221,Left
1203,39392.822222222225,1,1028.8930792322192,389.69753086566925,865.7904809412895,898.6200785636902,Left
1204,39425.566666666666,0,,,,,
1205,39458.322222222225,0,,,,,
1206,39491.066666666666,0,,,,,
1207,39523.811111111114,0,,,,,
1208,39556.555555555555,0,,,,,
1209,39589.3,0,,,,,
1210,39622.04444444445,0,,,,,
1211,39654.788888888885,0,,,,,
1212,39687.53333333333,0,,,,,
1213,39720.27777777778,0,,,,,
1214,39753.02222222222,0,,,,,
1215,39785.77777777778,0,,,,,
1216,39818.52222222222,0,,,,,
1217,39851.26666666667,0,,,,,
1218,39884.01111111111,0,,,,,
1219,39916.75555555556,0,,,,,
1220,39949.5,0,,,,,
1221,39982.24444444445,0,,,,,
1222,40014.988888888896,0,,,,,
1223,40047.73333333333,0,,,,,
1224,40080.47777777778,0,,,,,
1225,40113.23333333333,0,,,,,
1226,40145.97777777778,0,,,,,
1227,40178.722222222226,1,975.7163773387985,386.21068328619003,886.8535472248252,897.9899847507477,Left
1228,40211.46666666667,1,955.6783548692746,391.11739575862885,879.328981066365,887.6006358861923,Left
1229,40244.211111111115,1,939.9731118402336,408.9330357313156,886.9758272785933,885.3864562511444,Left
1230,40276.955555555556,1,927.8516894627847,395.7306584715843,885.314006291129,883.6669456958771,Left
1231,40309.7,1,954.6010660258714,474.7971349954605,881.8491169883665,870.2767145633698,Left
1232,40342.444444444445,1,931.8834778851669,427.3407679796219,893.4398481183426,878.9907503128052,Left
1233,40375.18888888889,1,948.5847513393388,475.4116505384445,892.0352756907205,871.2317687273026,Right
1234,40407.944444444445,0,,,,,
1235,40440.68888888889,0,,,,,
1236,40473.433333333334,0,,,,,
1237,40506.17777777778,0,,,,,
1238,40538.92222222222,1,922.5287921543278,386.6932851076126,895.2918127580936,892.1265953779221,Left
1239,40571.666666666664,1,933.8258052347413,402.88483142852783,892.9920896416113,886.2682807445526,Left
1240,40604.41111111111,1,932.5701978533657,454.1687321662903,887.7549767354449,878.3061325550079,Left
1241,40637.15555555556,1,936.8799811091541,420.14095187187195,891.2696518624094,876.4978140592575,Left
1242,40669.90000000001,1,945.6942957423078,435.7445955276489,883.4540099918772,865.1972544193268,Left
1243,40702.64444444444,1,947.3098104192951,396.3840311765671,886.8432656541938,863.4759145975113,Left
1244,40735.38888888889,1,972.3060353000726,382.17420011758804,883.0183644087905,863.008861541748,Left
1245,40768.14444444444,1,1015.2940408006782,387.0789948105812,879.2412083705174,869.0306890010834,Left
1246,40800.88888888889,1,1055.035476863454,400.79687118530273,879.7814748211734,890.193886756897,Left
1247,40833.63333333334,1,1092.7621436706042,435.83068907260895,901.8746079761286,905.866157412529,Left
1248,40866.37777777778,0,,,,,
1249,40899.12222222223,0,,,,,
1250,40931.86666666667,0,,,,,
1251,40964.61111111111,0,,,,,
1252,40997.35555555556,0,,,,,
1253,41030.100000000006,0,,,,,
1254,41062.85555555556,0,,,,,
1255,41095.600000000006,0,,,,,
1256,41128.34444444445,0,,,,,
1257,41161.08888888889,0,,,,,
1258,41193.833333333336,0,,,,,
1259,41226.57777777778,0,,,,,
1260,41259.322222222225,0,,,,,
1261,41292.06666666667,0,,,,,
1262,41324.81111111111,0,,,,,
1263,41357.555555555555,0,,,,,
1264,41390.3,0,,,,,
1265,41423.055555555555,0,,,,,
1266,41455.8,0,,,,,
1267,41488.544444444444,0,,,,,
1268,41521.28888888889,0,,,,,
1269,41554.03333333334,0,,,,,
1270,41586.77777777778,0,,,,,
1271,41619.52222222222,0,,,,,
1272,41652.26666666667,0,,,,,
1273,41685.01111111112,0,,,,,
1274,41717.75555555556,0,,,,,
1275,41750.51111111112,0,,,,,
1276,41783.25555555556,1,965.4130924488707,409.1439324617386,930.166167810402,884.5232784748077,Right
1277,41816.0,1,936.2927543040876,369.6205633878708,912.2979491704514,880.0982826948166,Left
1278,41848.74444444445,1,922.1807622965447,374.24592286348343,919.2509594164867,881.7695832252502,Left
1279,41881.48888888889,1,933.6074592080513,400.4002743959427,916.9395943179919,876.1379206180573,Left
1280,41914.23333333334,1,924.6871894577044,391.71072721481323,918.0465505942091,875.5351477861404,Left
1281,41946.977777777785,1,947.352244789687,442.0931240916252,915.4796112883413,869.0781319141388,Left
1282,41979.72222222222,1,926.5086494884066,394.8152580857277,911.9131882053747,867.6872992515564,Left
1283,42012.46666666667,1,923.2075327865404,386.38942033052444,914.5738650877619,865.9668445587158,Left
1284,42045.211111111115,1,933.3616956596777,410.7005202770233,913.2420223455217,866.2153887748718,Left
1285,42077.96666666667,1,933.2123381870713,411.26151502132416,910.2192144181496,862.1681070327759,Left
1286,42110.711111111115,1,945.1208823451124,443.3395332098007,909.0387174420731,862.281049489975,Left
1287,42143.455555555556,1,934.340720942543,417.8697109222412,903.8513903601089,859.2025119066238,Left
1288,42176.200000000004,1,931.4173538547888,406.6260355710983,909.4801970970449,863.0080354213715,Left
1289,42208.944444444445,1,940.5029659114717,425.1414880156517,910.7395979332337,863.3446204662323,Left
1290,42241.688888888886,1,946.8542557388789,439.3923890590668,907.0951081663894,860.9363615512848,Left
1291,42274.433333333334,1,928.2662225077049,390.6267097592354,905.6114225845963,861.1486744880676,Left
1292,42307.17777777778,1,941.0370058638829,411.27154648303986,906.2816868074334,858.3586299419403,Left
1293,42339.92222222223,1,937.2212873953029,386.30182206630707,912.3430258783338,865.7168841362,Left
1294,42372.666666666664,1,940.2543245697916,359.09021347761154,904.2208990206612,848.6718374490738,Left
1295,42405.42222222222,1,964.423079227926,355.8029329776764,905.2164585341602,855.9485417604446,Left
1296,42438.166666666664,1,991.6625701528641,355.2782580256462,900.8867400192851,862.7635627985001,Left
1297,42470.91111111111,1,1033.1274643033778,373.8683858513832,899.2230615470502,874.7711634635925,Left
1298,42503.65555555556,1,1061.888810814056,389.646871984005,896.0879673572107,886.154158115387,Left
1299,42536.4,0,,,,,
1300,42569.14444444445,0,,,,,
1301,42601.88888888889,0,,,,,
1302,42634.63333333333,0,,,,,
1303,42667.37777777778,0,,,,,
1304,42700.13333333333,0,,,,,
1305,42732.87777777778,0,,,,,
1306,42765.62222222223,0,,,,,
1307,42798.36666666667,0,,,,,
1308,42831.11111111111,0,,,,,
1309,42863.85555555556,0,,,,,
1310,42896.6,0,,,,,
1311,42929.34444444445,0,,,,,
1312,42962.088888888895,0,,,,,
1313,42994.833333333336,0,,,,,
1314,43027.57777777778,0,,,,,
1315,43060.333333333336,1,1386.0382165047936,829.1198694705963,929.4237494608442,1009.1086041927338,Left
1316,43093.07777777778,1,1367.9598666299548,834.0758246183395,950.156942146185,984.0493047237396,Right
1317,43125.822222222225,1,1365.5924368854983,840.5656492710114,954.3730401489687,995.2639478445053,Left
1318,43158.566666666666,1,1360.6570213648806,841.5463721752167,954.2310341301725,985.8561480045319,Left
1319,43191.311111111114,1,1356.6138787398165,854.4042867422104,956.7978164654963,993.5787212848663,Left
1320,43224.05555555556,1,1356.8872691039323,849.8345428705215,954.847928368053,1004.2091202735901,Left
1321,43256.8,1,1341.5293757269837,852.0658940076828,951.4853576982147,1018.7417578697205,Left
1322,43289.544444444444,1,1341.9483824324077,859.0723979473114,972.2860738792285,1017.448525428772,Left
1323,43322.28888888889,1,1340.385374402385,865.2773290872574,964.8071338255548,1015.0304710865021,Left
1324,43355.044444444444,1,1330.6339456216112,859.3780034780502,962.9931560574495,1027.3683428764343,Right
1325,43387.78888888889,1,1331.5897915874807,864.7856694459915,981.045945895375,1045.2665948867798,Right
1326,43420.53333333334,1,1331.1249494832118,858.4486770629883,994.836593037613,1050.8914124965668,Left
1327,43453.27777777778,1,1332.6468312307093,861.2152361869812,1007.6443429569007,1048.2147234678268,Left
1328,43486.02222222222,1,1330.5883195168249,856.1842811107635,988.9700020882896,1048.4422016143799,Left
1329,43518.76666666667,1,1327.3670746600922,858.0419898033142,1003.4299977918582,1049.7671806812286,Left
1330,43551.51111111111,1,1330.832879624361,857.6835125684738,1004.6594434159023,1045.9997177124023,Left
1331,43584.25555555556,1,1340.3422598263023,855.9841239452362,995.094364832602,1045.5714333057404,Left
1332,43617.00000000001,1,1353.1375567491002,855.7115042209625,1003.4073940335237,1049.576700925827,Left
1333,43649.74444444444,1,1346.4091713515145,840.4354763031006,1004.8372910422429,1047.9178512096405,Right
1334,43682.48888888889,1,1351.0226926099233,801.8168860673904,984.3384815408365,1046.5748155117035,Right
1335,43715.24444444444,1,1346.248695132042,752.5812917947769,971.6285504322119,1056.1959314346313,Right
1336,43747.98888888889,1,1318.172263428307,694.7564059495926,950.9813252814629,1050.8677500486374,Right
1337,43780.73333333334,1,1262.0082027886983,611.0029059648514,921.7093535911855,1059.2705154418945,Right
1338,43813.47777777778,1,1165.096106311221,541.625788807869,923.3311470899325,1058.4206146001816,Right
1339,43846.222222222226,1,1023.1561197904741,486.3042542338371,923.0432892740122,1057.33214199543,Left
1340,43878.96666666667,1,989.8641586303711,472.9353252053261,903.5845142735686,1031.8797862529755,Left
1341,43911.71111111111,1,965.20612678662,463.84977132081985,890.3215236149528,1004.6855556964874,Left
1342,43944.455555555556,1,940.5083029099674,450.8526259660721,887.7080948663065,981.7217695713043,Left
1343,43977.200000000004,1,915.5201096886907,440.382818877697,884.9134174628666,959.491696357727,Left
1344,44009.955555555556,1,907.7724099019488,414.7852724790573,872.9346551481473,946.9092929363251,Left
1345,44042.700000000004,1,903.6599386199557,411.6083085536957,870.0832067312977,930.415917634964,Left
1346,44075.444444444445,1,905.0267073082337,421.73834413290024,866.465663574505,915.1966559886932,Left
1347,44108.18888888889,1,899.3486903057568,405.91259211301804,869.4108495678739,907.8989446163177,Left
1348,44140.933333333334,1,900.0495899464293,395.39351284503937,872.2768439218,892.437629699707,Left
1349,44173.67777777778,1,907.8598424949512,404.3967792391777,878.7448413486637,892.8848558664322,Left
1350,44206.42222222222,1,909.6976274622283,404.7370818257332,865.1559536789674,896.4866816997528,Left
1351,44239.16666666667,1,908.0411696350169,424.7762542963028,869.8755608633562,905.5672198534012,Left
1352,44271.91111111112,1,901.6059790518472,402.7719774842262,864.1657834874787,900.710517168045,Left
1353,44304.65555555555,1,899.9415942121642,415.0220149755478,856.014931020256,905.4454261064529,Left
1354,44337.41111111112,1,902.2053187505581,415.3314855694771,857.0085807254698,894.1304683685303,Left
1355,44370.15555555555,1,900.4438214676601,411.97315871715546,861.5213007328798,900.0482046604156,Left
1356,44402.9,1,914.9899155146072,449.5002669095993,854.4438651689751,896.3160878419876,Left
1357,44435.64444444445,1,903.4773033920235,416.0957944393158,860.7549443753635,894.6585363149643,Left
1358,44468.38888888889,1,902.0017541167605,422.9508823156357,859.266732809552,896.3196283578873,Left
1359,44501.13333333334,1,908.5411208176249,418.1158947944641,865.302564167054,886.2404876947403,Left
1360,44533.87777777778,1,909.9797035297782,425.4012143611908,868.727661436915,898.135204911232,Left
1361,44566.62222222222,1,914.9787182824692,430.7266813516617,870.4737756065019,894.8194527626038,Left
1362,44599.36666666667,1,916.3244790796099,419.8652046918869,868.2824929741595,886.8725287914276,Left
1363,44632.11111111112,1,922.300373851065,422.8031837940216,874.408608556213,894.2968136072159,Left
1364,44664.86666666667,1,950.9066073025238,423.35397005081177,869.9177336161749,888.3041954040527,Left
1365,44697.61111111112,1,966.7022392031456,427.60648369789124,873.6826459520167,895.6699436903,Left
1366,44730.35555555556,1,975.6296772750014,428.50297182798386,869.2589805665637,899.1178160905838,Left
1367,44763.1,1,1000.9964311248672,437.52877950668335,863.1004244054188,903.5026860237122,Left
1368,44795.84444444445,1,1028.6386299804115,453.8877922296524,858.6068286426182,904.5783537626266,Left
1369,44828.58888888889,0,,,,,
1370,44861.333333333336,0,,,,,
1371,44894.077777777784,0,,,,,
1372,44926.822222222225,0,,,,,
1373,44959.566666666666,0,,,,,
1374,44992.322222222225,0,,,,,
1375,45025.066666666666,0,,,,,
1376,45057.811111111114,0,,,,,
1377,45090.55555555556,0,,,,,
1378,45123.3,0,,,,,
1379,45156.044444444444,0,,,,,
1380,45188.78888888889,0,,,,,
1381,45221.53333333333,0,,,,,
1382,45254.27777777778,0,,,,,
1383,45287.02222222223,0,,,,,
1384,45319.77777777778,0,,,,,
1385,45352.52222222223,0,,,,,
1386,45385.26666666666,0,,,,,
1387,45418.01111111111,0,,,,,
1388,45450.75555555556,0,,,,,
1389,45483.5,0,,,,,
1390,45516.24444444445,0,,,,,
1391,45548.988888888896,0,,,,,
1392,45581.73333333333,0,,,,,
1393,45614.47777777778,0,,,,,
1394,45647.23333333333,0,,,,,
1395,45679.97777777778,0,,,,,
1396,45712.722222222226,0,,,,,
1397,45745.46666666667,0,,,,,
1398,45778.211111111115,0,,,,,
1399,45810.955555555556,0,,,,,
1400,45843.700000000004,0,,,,,
1401,45876.444444444445,0,,,,,
1402,45909.18888888889,0,,,,,
1403,45941.944444444445,0,,,,,
1404,45974.68888888889,0,,,,,
1405,46007.43333333334,0,,,,,
1406,46040.177777777775,0,,,,,
1407,46072.92222222222,0,,,,,
1408,46105.66666666667,0,,,,,
1409,46138.41111111111,0,,,,,
1410,46171.15555555556,1,922.398899029176,422.2523680329323,888.6437177937587,913.8755714893341,Left
1411,46203.9,1,927.6724552633056,431.73525631427765,888.1341652462099,905.8154690265656,Left
1412,46236.64444444444,1,919.4788806463602,428.69770020246506,881.5630381719449,901.7311298847198,Left
1413,46269.38888888889,1,920.3877139343047,428.397995531559,882.587244809722,894.5793467760086,Left
1414,46302.14444444444,1,919.0249741566558,423.2466334104538,883.338427347986,893.7020659446716,Left
1415,46334.88888888889,1,919.8931782354643,423.51175904273987,890.7767120307662,897.0862090587616,Left
1416,46367.63333333334,1,912.6015563642853,433.7920305132866,891.0638111557239,900.7845139503479,Left
1417,46400.37777777778,1,917.3095477284189,428.91429126262665,895.6459121435776,905.21653175354,Left
1418,46433.12222222222,1,915.5076828539582,432.5625863671303,882.5345027069413,903.486812710762,Left
1419,46465.86666666667,1,917.9655799552676,431.8273687362671,886.3258907412029,897.9601854085922,Left
1420,46498.61111111111,1,917.8000806783875,431.6948649287224,889.3089851209455,894.6532255411148,Left
1421,46531.35555555556,1,914.9683582265659,434.8339158296585,891.4039401627929,905.0976884365082,Left
1422,46564.100000000006,1,917.8172951147118,430.82318991422653,885.9154127686692,902.3670655488968,Left
1423,46596.85555555556,1,927.1407175455395,445.30531615018845,884.2740241136808,896.8119961023331,Left
1424,46629.600000000006,1,917.5655143621518,430.3295534849167,887.6133631430085,894.8653024435043,Left
1425,46662.34444444445,1,922.822719497949,433.89644622802734,891.3947312242121,894.9649679660797,Left
1426,46695.08888888889,1,915.6915738462424,428.3836564421654,887.9020842969207,894.0912866592407,Left
1427,46727.833333333336,1,921.5838818030229,431.53863966464996,886.4882244454459,892.9135930538177,Left
1428,46760.577777777784,1,921.3061747489473,426.5974661707878,887.1806215149855,893.8211452960968,Left
1429,46793.322222222225,1,933.1914872664779,433.2032722234726,890.9220405927437,898.7655347585678,Left
1430,46826.06666666667,1,993.4330409185269,435.85612177848816,874.9538980642768,910.4225063323975,Left
1431,46858.811111111114,1,1034.0993212647343,456.19125187397003,870.5365376623406,924.2620289325714,Left
1432,46891.555555555555,1,1074.7262804896723,467.0669201016426,868.5215067891415,924.7199356555939,Left
1433,46924.311111111114,1,1132.2261081351205,499.37238693237305,857.3687496386547,947.4787259101868,Left
1434,46957.055555555555,1,1200.5491071121915,551.4002680778503,869.4377700161682,952.9924893379211,Left
1435,46989.8,1,1243.3146853519631,595.8739274740219,862.8748577337053,961.8008208274841,Right
1436,47022.54444444445,1,1265.9215307738828,634.0517234802246,854.4734802782746,967.8908622264862,Left
1437,47055.28888888889,1,1286.9077599761354,670.6817239522934,853.7919664997847,985.6545746326447,Left
1438,47088.03333333333,1,1303.1337527848632,700.6573837995529,862.9098360032577,981.3225764036179,Left
1439,47120.77777777778,1,1316.709507252379,734.3833941221237,881.8730811580823,974.7704386711121,Left
1440,47153.52222222222,1,1337.1619319580363,761.8255198001862,903.6761327477441,930.9779155254364,Left
1441,47186.26666666667,1,1329.9850293927568,772.5174647569656,918.9435587678397,949.0083467960358,Left
1442,47219.01111111112,1,1335.780067935778,788.4578114748001,930.3970976423686,944.7664546966553,Right
1443,47251.76666666667,1,1341.480400917259,803.0113971233368,927.731894775963,974.6099352836609,Left
1444,47284.51111111112,1,1325.535594676332,818.9714527130127,933.4756824363717,969.1872221231461,Left
1445,47317.25555555555,1,1330.8072411021762,832.2512197494507,945.210460202216,990.633779168129,Left
1446,47350.0,1,1341.1139793440716,825.9619653224945,944.0030427778452,970.7122993469238,Left
1447,47382.74444444445,1,1329.5687435100954,840.2055197954178,944.4271510259488,990.1682013273239,Left
1448,47415.48888888889,1,1341.1070203166214,836.1007046699524,947.3627094926197,966.673868894577,Left
1449,47448.23333333334,1,1331.2650718554803,847.0480978488922,943.8262677835552,980.0632739067078,Left
1450,47480.97777777778,1,1329.0725072970283,847.8247690200806,945.8239534116434,1020.7377827167511,Left
1451,47513.722222222226,1,1326.7717900337675,851.4988213777542,966.648869218189,1012.2210717201233,Right
1452,47546.46666666667,1,1324.7160514661603,851.6962051391602,964.2814917972471,991.0211116075516,Right
1453,47579.222222222226,1,1335.4399650904666,854.1714978218079,970.7333474198372,1012.3802769184113,Left
1454,47611.96666666667,1,1317.9398423761722,850.9814929962158,981.4496218110025,1022.4912822246552,Right
1455,47644.711111111115,1,1319.9901916217693,867.1575200557709,989.0825499683305,1042.4954330921173,Right
1456,47677.45555555556,1,1328.750717681849,860.0943088531494,1010.0950194131867,1045.0314456224442,Left
1457,47710.2,1,1324.2304892500847,854.7343218326569,1000.4675450386503,1034.350712299347,Right
1458,47742.944444444445,1,1332.643901113888,856.9027698040009,1007.2255455455355,1037.6556068658829,Right
1459,47775.68888888889,1,1331.3390049816994,853.8478946685791,1012.6529590745324,1039.1968524456024,Left
1460,47808.433333333334,1,1336.5904545308836,857.9648065567017,1012.8976761526128,1030.7300627231598,Right
1461,47841.17777777778,1,1347.5913688418175,855.4521024227142,1002.772343536055,1043.2641971111298,Right
1462,47873.933333333334,1,1340.8427865675717,839.6457052230835,1008.2505108742753,1044.8693490028381,Right
1463,47906.67777777778,1,1346.1581754516744,814.3998795747757,993.873290970904,1033.8195759057999,Right
1464,47939.42222222222,1,1337.2538120497852,771.6052508354187,973.29602235926,1040.8593606948853,Right
1465,47972.166666666664,1,1326.935196370061,726.5955573320389,954.7457143821582,1043.126116991043,Right
1466,48004.91111111111,1,1300.4203599614527,676.1261522769928,927.8515324922407,1042.870373725891,Right
1467,48037.65555555556,1,1269.084120970678,628.9850682020187,912.4564894198812,1043.4860694408417,Right
1468,48070.4,1,1220.1349497679948,578.5804250836372,903.9767575012422,1032.8002613782883,Right
1469,48103.14444444445,1,1178.9673316660408,553.5795736312866,907.0765856421986,1028.065824508667,Right
1470,48135.88888888889,1,1123.6983693917778,515.3579932451248,906.8805817562699,1020.565772652626,Left
1471,48168.63333333333,1,973.08738234454,597.8372025489807,896.4747951011166,999.7352653741837,Left
1472,48201.37777777778,1,1021.2416023889432,471.65233075618744,889.328266336099,983.4539079666138,Left
1473,48234.13333333333,1,1005.6185857631956,463.1917369365692,876.5607008760727,970.9629678726196,Left
1474,48266.87777777778,1,998.892502600255,455.3412625193596,876.2272431171234,954.8445332050323,Left
1475,48299.62222222223,1,987.3144599225848,442.37188071012497,874.3630347749413,945.1078194379807,Left
1476,48332.366666666676,0,,,,,
1477,48365.11111111111,0,,,,,
1478,48397.85555555556,0,,,,,
1479,48430.600000000006,0,,,,,
1480,48463.34444444445,0,,,,,
1481,48496.088888888895,0,,,,,
1482,48528.84444444445,0,,,,,
1483,48561.588888888895,0,,,,,
1484,48594.333333333336,0,,,,,
1485,48627.07777777778,0,,,,,
1486,48659.822222222225,0,,,,,
1487,48692.56666666667,0,,,,,
1488,48725.311111111114,0,,,,,
1489,48758.055555555555,0,,,,,
1490,48790.8,0,,,,,
1491,48823.544444444444,0,,,,,
1492,48856.3,0,,,,,
1493,48889.044444444444,0,,,,,
1494,48921.78888888889,0,,,,,
1495,48954.53333333334,0,,,,,
1496,48987.277777777774,0,,,,,
1497,49020.02222222222,0,,,,,
1498,49052.76666666667,0,,,,,
1499,49085.51111111111,0,,,,,
1500,49118.25555555556,0,,,,,
1501,49151.0,0,,,,,
1502,49183.75555555556,0,,,,,
1503,49216.5,0,,,,,
1504,49249.24444444445,0,,,,,
1505,49281.98888888889,0,,,,,
1506,49314.73333333334,0,,,,,
1507,49347.477777777785,0,,,,,
1508,49380.222222222226,0,,,,,
1509,49412.96666666667,0,,,,,
1510,49445.711111111115,0,,,,,
1511,49478.455555555556,0,,,,,
1512,49511.211111111115,0,,,,,
1513,49543.955555555556,0,,,,,
1514,49576.700000000004,0,,,,,
1515,49609.44444444445,0,,,,,
1516,49642.188888888886,0,,,,,
1517,49674.933333333334,0,,,,,
1518,49707.67777777778,0,,,,,
1519,49740.42222222222,0,,,,,
1520,49773.16666666667,0,,,,,
1521,49805.92222222222,0,,,,,
1522,49838.66666666667,0,,,,,
1523,49871.41111111111,0,,,,,
1524,49904.15555555555,0,,,,,
1525,49936.9,0,,,,,
1526,49969.64444444445,0,,,,,
1527,50002.3888888889,0,,,,,
1528,50035.13333333333,0,,,,,
1529,50067.87777777778,0,,,,,
1530,50100.62222222223,0,,,,,
1531,50133.37777777778,0,,,,,
1532,50166.12222222223,0,,,,,
1533,50198.86666666667,0,,,,,
1534,50231.61111111112,0,,,,,
1535,50264.35555555556,0,,,,,
1536,50297.1,0,,,,,
1537,50329.84444444445,0,,,,,
1538,50362.588888888895,0,,,,,
1539,50395.333333333336,0,,,,,
1540,50428.07777777778,0,,,,,
1541,50460.833333333336,0,,,,,
1542,50493.57777777778,0,,,,,
1543,50526.322222222225,0,,,,,
1544,50559.066666666666,0,,,,,
1545,50591.811111111114,0,,,,,
1546,50624.55555555556,0,,,,,
1547,50657.3,0,,,,,
1548,50690.044444444444,0,,,,,
1549,50722.78888888889,0,,,,,
1550,50755.544444444444,0,,,,,
1551,50788.28888888889,1,884.7672255628972,395.5101138353348,884.1776965231857,889.7641861438751,Left
1552,50821.03333333333,1,881.3502384378091,398.45865547657013,876.4540655531889,895.3271627426147,Left
1553,50853.77777777778,1,882.5659753010113,398.5354846715927,878.9660913304176,899.2385476827621,Left
1554,50886.52222222223,1,876.7632975248491,394.1691729426384,884.8017852443323,901.512326002121,Left
1555,50919.26666666667,1,875.1651542547299,400.32967060804367,877.9222633746417,898.559889793396,Left
1556,50952.01111111111,1,874.6813710381529,403.2368177175522,888.2467392880081,903.5774499177933,Left
1557,50984.75555555556,1,882.6614918770292,396.4038875699043,886.4908144594217,902.2979664802551,Left
1558,51017.50000000001,1,879.257350174791,401.3975492119789,885.6070702967583,902.3662394285202,Left
1559,51050.24444444445,1,877.9995452057993,396.8776085972786,870.9513061630768,895.4981696605682,Left
1560,51082.98888888889,1,878.1398768721264,397.53620356321335,881.7093608807008,898.9164787530899,Left
1561,51115.74444444445,1,885.9057329184565,395.1802262663841,873.5380499192447,895.4045820236206,Left
1562,51148.48888888889,1,887.4844380028782,395.7324877381325,877.5941687759453,896.508514881134,Left
1563,51181.23333333334,1,890.3666003228352,394.90394800901413,889.4130042680962,899.3619936704636,Left
1564,51213.97777777778,1,897.3412463421838,407.3495990037918,877.2770359535709,898.4579229354858,Left
1565,51246.722222222226,1,893.3637174045075,395.5841991305351,879.7639202820039,892.5670355558395,Left
1566,51279.466666666674,1,897.0158987280073,391.8022495508194,881.0372914966077,892.0284050703049,Left
1567,51312.21111111111,1,890.6739224862102,392.1398377418518,883.6389212926974,896.1341053247452,Left
1568,51344.955555555556,1,889.5074743738207,393.44932705163956,883.5875919248127,902.9624032974243,Left
1569,51377.700000000004,1,886.6310676404768,399.1943746805191,886.6065017503423,905.444895029068,Left
1570,51410.455555555556,1,889.2109570162238,396.75360202789307,883.2310594958968,908.3405649662018,Left
1571,51443.200000000004,1,891.0713195800781,397.7293387055397,879.523964643758,904.833447933197,Left
1572,51475.944444444445,1,887.668302833405,401.4636978507042,887.8893958446149,908.8649153709412,Left
1573,51508.68888888889,1,887.1879206452811,392.3197254538536,886.2651431406788,905.4394662380219,Left
1574,51541.433333333334,1,883.380704747834,400.2879810333252,886.8418790810553,905.530811548233,Left
1575,51574.177777777775,1,888.919828980637,398.96480172872543,889.7654816246256,903.9419460296631,Left
1576,51606.92222222222,1,892.4418293996545,401.38037770986557,877.6722616215803,902.6996970176697,Left
1577,51639.66666666667,1,929.3107045074141,383.61533761024475,882.7615605988228,894.9418365955353,Left
1578,51672.41111111112,1,925.142691814606,409.97002333402634,877.2922882580953,904.187952876091,Left
1579,51705.15555555555,1,942.5440538949732,399.31835174560547,879.5412052418394,896.1725199222565,Left
1580,51737.91111111111,1,957.9816098229966,405.9480857849121,873.9071661534371,895.5928784608841,Left
1581,51770.65555555555,1,956.8401985123736,414.69799876213074,872.6698458404362,882.5262504816055,Left
1582,51803.4,1,956.0454828099098,414.7172945737839,883.1792330546228,873.2260823249817,Left
1583,51836.14444444445,1,950.5667137512708,429.60392475128174,884.0545269696681,875.4512965679169,Left
1584,51868.88888888889,1,960.4909147774628,420.91774106025696,877.8814248714469,881.3875025510788,Left
1585,51901.63333333334,1,1005.8343679376671,425.5103802680969,862.8865520392325,880.985004901886,Left
1586,51934.37777777778,1,1044.7198436240658,447.0979678630829,857.6418522234399,896.7304462194443,Left
1587,51967.12222222222,1,1129.0358387990686,470.19216299057007,866.0130390109099,906.5609246492386,Left
1588,51999.86666666667,1,1176.0593476915974,502.10265576839447,869.5230835068268,924.9529606103897,Left
1589,52032.61111111112,1,1215.5351372704276,527.2833359241486,877.3254875281492,926.6103941202164,Right
1590,52065.36666666667,1,1248.9010577185072,541.1320933699608,873.3424907831906,934.9445325136185,Right
1591,52098.11111111112,1,1257.9432412580197,552.710465490818,880.2615430682094,924.2998534440994,Right
1592,52130.85555555556,1,1266.461247827635,563.2909727096558,884.0110199672256,920.0366592407227,Right
1593,52163.600000000006,1,1272.6634679617664,574.8407256603241,891.9241667073329,912.8895968198776,Right
1594,52196.34444444445,1,1286.248745308951,577.5828552246094,899.2841230886622,910.5117273330688,Right
1595,52229.08888888889,1,1287.4280126824328,580.9219452738762,898.9044636662652,921.7811304330826,Right
1596,52261.833333333336,1,1293.4750412720728,584.8021441698074,900.2329315418095,907.0442640781403,Right
1597,52294.577777777784,1,1295.8265123445572,589.5176982879639,902.7009009196918,918.879559636116,Right
1598,52327.322222222225,1,1298.3625284532588,584.0717652440071,910.5277661841193,903.4732407331467,Right
1599,52360.077777777784,1,1300.3927331457105,589.4870138168335,917.6018007195709,900.1957261562347,Right
1600,52392.822222222225,0,,,,,
1601,52425.566666666666,0,,,,,
1602,52458.311111111114,0,,,,,
1603,52491.055555555555,0,,,,,
1604,52523.8,0,,,,,
1605,52556.54444444445,0,,,,,
1606,52589.28888888889,0,,,,,
1607,52622.03333333333,0,,,,,
1608,52654.77777777778,0,,,,,
1609,52687.53333333333,0,,,,,
1610,52720.27777777778,0,,,,,
1611,52753.02222222223,0,,,,,
1612,52785.76666666667,0,,,,,
1613,52818.51111111111,0,,,,,
1614,52851.25555555556,0,,,,,
1615,52884.0,0,,,,,
1616,52916.74444444445,0,,,,,
1617,52949.488888888896,0,,,,,
1618,52982.24444444445,0,,,,,
1619,53014.988888888896,0,,,,,
1620,53047.73333333333,0,,,,,
1621,53080.47777777778,0,,,,,
1622,53113.222222222226,0,,,,,
1623,53145.96666666667,0,,,,,
1624,53178.711111111115,0,,,,,
1625,53211.455555555556,0,,,,,
1626,53244.2,0,,,,,
1627,53276.944444444445,0,,,,,
1628,53309.68888888889,0,,,,,
1629,53342.444444444445,0,,,,,
1630,53375.18888888889,0,,,,,
1631,53407.933333333334,0,,,,,
1632,53440.67777777778,0,,,,,
1633,53473.42222222222,0,,,,,
1634,53506.16666666667,0,,,,,
1635,53538.91111111111,0,,,,,
1636,53571.65555555556,0,,,,,
1637,53604.40000000001,0,,,,,
1638,53637.15555555556,0,,,,,
1639,53669.90000000001,0,,,,,
1640,53702.64444444444,0,,,,,
1641,53735.38888888889,0,,,,,
1642,53768.13333333334,0,,,,,
1643,53800.87777777778,0,,,,,
1644,53833.62222222223,0,,,,,
1645,53866.36666666667,0,,,,,
1646,53899.11111111111,0,,,,,
1647,53931.85555555556,0,,,,,
1648,53964.61111111111,0,,,,,
1649,53997.35555555556,0,,,,,
1650,54030.100000000006,0,,,,,
1651,54062.84444444445,0,,,,,
1652,54095.58888888889,0,,,,,
1653,54128.333333333336,0,,,,,
1654,54161.07777777778,0,,,,,
1655,54193.822222222225,0,,,,,
1656,54226.56666666667,0,,,,,
1657,54259.322222222225,0,,,,,
1658,54292.06666666667,0,,,,,
1659,54324.811111111114,0,,,,,
1660,54357.555555555555,0,,,,,
1661,54390.3,0,,,,,
1662,54423.04444444445,0,,,,,
1663,54455.78888888889,0,,,,,
1664,54488.53333333333,0,,,,,
1665,54521.27777777778,0,,,,,
1666,54554.02222222222,0,,,,,
1667,54586.77777777778,0,,,,,
1668,54619.52222222222,0,,,,,
1669,54652.26666666667,0,,,,,
1670,54685.01111111112,0,,,,,
1671,54717.75555555556,0,,,,,
1672,54750.5,0,,,,,
1673,54783.24444444445,0,,,,,
1674,54815.98888888889,0,,,,,
1675,54848.73333333334,0,,,,,
1676,54881.477777777785,0,,,,,
1677,54914.23333333334,0,,,,,
1678,54946.977777777785,0,,,,,
1679,54979.72222222222,0,,,,,
1680,55012.46666666667,0,,,,,
1681,55045.211111111115,0,,,,,
1682,55077.955555555556,0,,,,,
1683,55110.700000000004,0,,,,,
1684,55143.444444444445,0,,,,,
1685,55176.18888888889,0,,,,,
1686,55208.944444444445,0,,,,,
1687,55241.68888888889,0,,,,,
1688,55274.433333333334,0,,,,,
1689,55307.17777777778,0,,,,,
1690,55339.92222222223,0,,,,,
1691,55372.666666666664,0,,,,,
1692,55405.41111111111,0,,,,,
1693,55438.15555555556,0,,,,,
1694,55470.9,0,,,,,
1695,55503.64444444445,0,,,,,
1696,55536.4,0,,,,,
1697,55569.14444444445,0,,,,,
1698,55601.88888888889,0,,,,,
1699,55634.63333333333,0,,,,,
1700,55667.37777777778,0,,,,,
1701,55700.12222222223,0,,,,,
1702,55732.86666666667,0,,,,,
1703,55765.61111111111,0,,,,,
1704,55798.35555555556,0,,,,,
1705,55831.1,0,,,,,
1706,55863.85555555556,0,,,,,
1707,55896.6,0,,,,,
1708,55929.34444444445,0,,,,,
1709,55962.088888888895,0,,,,,
1710,55994.83333333334,0,,,,,
1711,56027.57777777778,0,,,,,
1712,56060.322222222225,0,,,,,
1713,56093.06666666667,0,,,,,
1714,56125.811111111114,0,,,,,
1715,56158.55555555556,0,,,,,
1716,56191.311111111114,0,,,,,
1717,56224.05555555556,0,,,,,
1718,56256.8,0,,,,,
1719,56289.544444444444,0,,,,,
1720,56322.28888888889,0,,,,,
1721,56355.03333333334,0,,,,,
1722,56387.77777777778,0,,,,,
1723,56420.52222222222,0,,,,,
1724,56453.26666666667,0,,,,,
1725,56486.02222222222,0,,,,,
1726,56518.76666666667,0,,,,,
1727,56551.51111111111,0,,,,,
1728,56584.25555555556,0,,,,,
1729,56617.00000000001,0,,,,,
1730,56649.74444444444,0,,,,,
1731,56682.48888888889,0,,,,,
1732,56715.23333333334,0,,,,,
1733,56747.97777777778,0,,,,,
1734,56780.73333333334,0,,,,,
1735,56813.47777777778,0,,,,,
1736,56846.222222222226,0,,,,,
1737,56878.96666666667,0,,,,,
1738,56911.711111111115,0,,,,,
1739,56944.455555555556,0,,,,,
1740,56977.200000000004,0,,,,,
1741,57009.94444444445,0,,,,,
1742,57042.688888888886,0,,,,,
1743,57075.433333333334,0,,,,,
1744,57108.17777777778,0,,,,,
1745,57140.933333333334,0,,,,,
1746,57173.67777777778,0,,,,,
1747,57206.42222222222,1,919.7105953310466,390.404217839241,932.1047801904355,838.5115599632263,Right
1748,57239.16666666667,1,878.5976029784011,372.3843491077423,921.5477262543906,849.7695744037628,Right
1749,57271.91111111112,1,877.4683568849374,381.4446473121643,924.6083117593495,857.3692917823792,Left
1750,57304.65555555555,1,883.279903496835,381.13727152347565,923.3388124848307,853.6535793542862,Left
1751,57337.4,1,881.2895169990423,384.8734599351883,924.0807599227566,852.9058814048767,Left
1752,57370.14444444445,1,882.3242406632668,383.5929733514786,921.586890405116,842.9492425918579,Right
1753,57402.88888888889,1,885.7120835906875,386.9487923383713,917.6032134544668,844.0911769866943,Right
1754,57435.64444444445,1,890.3547490467639,385.3485971689224,922.4877966805891,849.2518329620361,Left
1755,57468.38888888889,1,908.9791732823862,410.3976881504059,924.9136456291673,843.9133250713348,Right
1756,57501.13333333334,1,901.6555555819906,412.23025918006897,917.8619270727196,846.6449511051178,Right
1757,57533.87777777778,1,900.3236081927212,394.4936317205429,924.2378612755332,849.587709903717,Left
1758,57566.62222222222,1,905.1906368796739,406.06108725070953,921.1519511894771,850.841229557991,Left
1759,57599.36666666667,1,914.8406626890301,417.24333465099335,924.668065213095,853.5355621576309,Right
1760,57632.11111111112,1,919.824058872594,421.19452089071274,923.5060122759373,848.5197722911835,Right
1761,57664.855555555565,1,909.2397705471669,396.34231209754944,918.8424697375102,850.8323192596436,Left
1762,57697.6,1,920.1321658886891,412.7310061454773,923.3634045367224,856.5824711322784,Left
1763,57730.355555555565,1,944.2714885698254,431.23114585876465,922.6414970049126,862.0543384552002,Left
1764,57763.1,1,971.0599507983655,397.4713531136513,922.5088045717264,869.6010661125183,Left
1765,57795.84444444445,1,1009.672873296883,421.77029728889465,923.051477904057,873.440460562706,Left
1766,57828.588888888895,1,1070.9977591582788,436.52634143829346,915.7530801377291,880.0037509202957,Left
1767,57861.333333333336,1,1024.9917333318926,558.086915910244,906.8262699480492,882.9135239124298,Left
1768,57894.077777777784,1,1104.7140378605438,573.4490963816643,912.6872099577892,892.8544074296951,Left
1769,57926.822222222225,1,1224.7665226389627,532.1633470058441,907.1691197778807,901.0934239625931,Right
1770,57959.566666666666,1,1247.8810631236606,554.1533142328262,896.7297152645563,922.53349006176,Right
1771,57992.311111111114,1,1260.3061711802152,580.1604098081589,896.2381620060518,925.6982982158661,Right
1772,58025.05555555556,0,,,,,
1773,58057.811111111114,0,,,,,
1774,58090.55555555556,0,,,,,
1775,58123.3,0,,,,,
1776,58156.044444444444,0,,,,,
1777,58188.78888888889,0,,,,,
1778,58221.53333333333,0,,,,,
1779,58254.27777777778,0,,,,,
1780,58287.02222222223,0,,,,,
1781,58319.76666666666,0,,,,,
1782,58352.51111111111,0,,,,,
1783,58385.26666666666,0,,,,,
1784,58418.01111111111,0,,,,,
1785,58450.75555555556,0,,,,,
1786,58483.5,0,,,,,
1787,58516.24444444445,0,,,,,
1788,58548.988888888896,0,,,,,
1789,58581.73333333334,0,,,,,
1790,58614.47777777778,0,,,,,
1791,58647.222222222226,0,,,,,
1792,58679.97777777778,0,,,,,
1793,58712.722222222226,0,,,,,
1794,58745.466666666674,0,,,,,
1795,58778.211111111115,0,,,,,
1796,58810.955555555556,0,,,,,
1797,58843.700000000004,0,,,,,
1798,58876.444444444445,0,,,,,
1799,58909.18888888889,1,955.9927145453718,422.201709151268,869.3340386483482,849.3798816204071,Right
1800,58941.93333333334,1,936.9099886448134,427.7872270345688,869.5804824024125,850.5402266979218,Left
1801,58974.677777777775,1,931.9777910203476,430.65292060375214,879.1738418453883,856.4813894033432,Left
1802,59007.43333333334,1,921.5578508544779,416.07779681682587,884.9044701418592,862.7580159902573,Left
1803,59040.177777777775,1,920.138706328022,407.3121875524521,883.4966274945705,864.9102956056595,Left
1804,59072.92222222222,1,910.9481594626817,401.06636345386505,888.2085954458186,865.253135561943,Left
1805,59105.66666666667,1,922.5236121263761,408.8272923231125,885.8322968656265,869.6570062637329,Left
1806,59138.41111111111,1,922.4201162143721,408.7226700782776,884.6418322600066,868.6011654138565,Left
1807,59171.15555555556,1,919.8245821077408,389.61190938949585,882.3901682917426,867.2098016738892,Left
1808,59203.9,1,950.3000469587892,470.13746201992035,884.2618588965216,864.1080147027969,Left
1809,59236.64444444444,1,994.5905155481515,405.1014894247055,866.8821064277104,875.5636489391327,Left
1810,59269.38888888889,1,1010.2643383066372,434.8007529973984,868.8754230423242,883.1738698482513,Left
1811,59302.14444444444,1,1008.7855188117078,504.18058454990387,859.2914295084731,861.1734580993652,Left
1812,59334.88888888889,1,988.8111478977718,561.3408860564232,863.6784945954192,858.7696248292923,Left
1813,59367.63333333334,1,1008.2656846935276,572.0185214281082,870.1112521351572,867.6190853118896,Left
1814,59400.37777777779,1,1026.5857692061109,591.9412404298782,868.133057016281,874.9554473161697,Left
1815,59433.12222222222,1,1032.3564773148137,600.102778673172,868.7140049995878,879.3194872140884,Left
1816,59465.86666666667,1,985.1057797216167,637.9913145303726,861.6029777392692,893.128502368927,Left
1817,59498.61111111112,1,1095.465071791082,592.0627391338348,858.1889207310022,898.2269632816315,Left
1818,59531.35555555556,1,1171.4928129493562,557.2248888015747,871.4260374116171,888.7390297651291,Right
1819,59564.100000000006,0,,,,,
1820,59596.85555555556,0,,,,,
1821,59629.600000000006,0,,,,,
1822,59662.34444444445,0,,,,,
1823,59695.08888888889,0,,,,,
1824,59727.833333333336,0,,,,,
1825,59760.577777777784,0,,,,,
1826,59793.322222222225,0,,,,,
1827,59826.06666666667,0,,,,,
1828,59858.811111111114,0,,,,,
1829,59891.555555555555,1,1108.8270323776835,586.1275362968445,869.5779447119513,863.9522910118103,Left
1830,59924.3,1,1013.9335770959173,631.6565644741058,880.1641166839063,848.0917239189148,Left
1831,59957.055555555555,1,1042.1977455702645,600.3804731369019,873.7708895594965,856.6187024116516,Left
1832,59989.8,1,1052.9000495830146,593.2809126377106,870.0918924347318,861.190157532692,Left
1833,60022.54444444445,1,1045.3345402743305,598.7481772899628,869.3431952634143,867.3328346014023,Left
1834,60055.28888888889,1,1059.4646100561895,596.0124796628952,865.3873020990512,872.2147929668427,Left
1835,60088.03333333333,1,1064.7242220736612,580.1743948459625,861.9609752265957,874.6149677038193,Left
1836,60120.77777777778,1,988.7826054205229,595.1402145624161,858.8278170067987,871.3530313968658,Left
1837,60153.52222222222,1,964.7262678336426,591.3789474964142,858.1700842657234,877.5204330682755,Left
1838,60186.26666666667,1,972.8745826104042,574.9339592456818,854.8798246931499,871.3048213720322,Left
1839,60219.01111111112,0,,,,,
1840,60251.76666666667,0,,,,,
1841,60284.51111111112,0,,,,,
1842,60317.25555555556,0,,,,,
1843,60350.0,1,966.3845831456246,439.6371567249298,902.0357644012917,883.3929097652435,Left
1844,60382.74444444445,1,967.6334407936088,435.82912534475327,884.2005880608508,890.8318877220154,Left
1845,60415.488888888896,1,960.7870397086999,427.4007797241211,891.1013532774949,887.8470557928085,Left
1846,60448.23333333334,1,960.8964743396182,433.97758305072784,892.7577849429489,886.1414122581482,Left
1847,60480.97777777778,1,954.1804634532504,425.35111606121063,895.7200807256129,891.3252586126328,Left
1848,60513.722222222226,1,954.5057849056695,420.8439803123474,897.6047737237857,887.5757932662964,Left
1849,60546.46666666667,1,954.5108602865919,417.54528164863586,897.1548176594384,889.7209918498993,Left
1850,60579.222222222226,1,955.4832143213378,422.6855206489563,895.1238804377816,891.7547821998596,Left
1851,60611.96666666667,1,958.4459810156336,436.70354425907135,895.4375337464309,887.3899751901627,Left
1852,60644.711111111115,1,967.2470839613347,457.49309957027435,895.571089517609,883.160651922226,Left
1853,60677.45555555556,1,967.0933313134966,453.11893969774246,892.4897839008435,884.9363386631012,Left
1854,60710.2,1,965.6078405704476,450.88519871234894,890.6534901537342,885.1768577098846,Left
1855,60742.944444444445,1,964.8104302069786,429.90504562854767,889.2088640756373,886.8242597579956,Left
1856,60775.68888888889,1,967.837450177281,446.96761786937714,891.0135282581325,886.5727651119232,Left
1857,60808.433333333334,1,974.1061473367921,458.28260511159897,887.0915930547859,889.464658498764,Left
1858,60841.17777777778,1,980.9450399973468,446.1362162232399,885.5603192364066,894.1040915250778,Left
1859,60873.933333333334,1,977.1472946560536,466.91872000694275,893.3544823041694,898.1281238794327,Left
1860,60906.67777777778,1,984.5914134107189,474.1862189769745,894.8751867725869,903.8226306438446,Left
1861,60939.42222222222,1,980.5653544131924,489.9022740125656,892.2693449335668,905.8633840084076,Left
1862,60972.166666666664,1,979.73738711716,484.19873893260956,890.1393592986524,907.3219585418701,Left
1863,61004.91111111111,1,982.6879885942967,467.32496470212936,891.4575194418081,912.4755334854126,Left
1864,61037.65555555556,1,980.9134104327328,460.6511217355728,885.6526964015446,911.2994331121445,Left
1865,61070.40000000001,1,978.2489924190472,460.6807145476341,883.0948090637136,915.1143980026245,Left
1866,61103.14444444445,1,979.8270434595356,434.4063100218773,882.9460271497684,916.0400658845901,Left
1867,61135.88888888889,1,982.2040745689329,457.2765380144119,886.0391840426053,919.3200588226318,Left
1868,61168.64444444445,1,983.3273296199678,469.1448783874512,881.0896150112711,916.6973626613617,Right
