frame_index,video_time_ms,flash_roi_mean_gray,full_detected,full_tip_x_native_px,full_tip_y_native_px,full_wrist_x_native_px,full_wrist_y_native_px,full_raw_handedness,full_raw_handedness_score,crop_detected,crop_tip_x_native_px,crop_tip_y_native_px,crop_wrist_x_native_px,crop_wrist_y_native_px,crop_raw_handedness,crop_raw_handedness_score
0,0.0,23.386666666666667,1,1685.0342559814453,923.5434436798096,1424.7864532470703,1759.0217685699463,Left,0.966225802898407,1,1689.7479295451085,910.8598673343658,1410.257592150922,1732.224440574646,Left,0.986240804195404
1,40.0,23.386666666666667,1,1808.0690002441406,1165.5987310409546,1403.4532928466797,1765.7112836837769,Left,0.981247067451477,1,1679.2252400835403,931.5188500285149,1417.5315541650878,1742.5194641947746,Left,0.9776138663291931
2,80.0,23.38,1,1714.5735168457031,957.0243000984192,1442.2954559326172,1743.460750579834,Left,0.9745216369628906,1,1687.1956180156606,942.9806506633759,1431.1035520725763,1744.9967470765114,Left,0.9772660136222839
3,120.00000000000001,23.38,1,1681.2958145141602,920.1840090751648,1437.0330047607422,1737.6531457901,Left,0.9850929379463196,1,1678.5596111874509,937.8849712014198,1433.1092928386656,1742.0691347122192,Left,0.9801944494247437
4,160.0,23.392222222222223,1,1692.7280044555664,934.1825008392334,1418.1638717651367,1754.2638301849365,Left,0.9816383719444275,1,1687.9923052413242,933.9596253633499,1427.7382384431041,1755.0631016492844,Left,0.983790397644043
5,200.0,23.434444444444445,1,1688.7699508666992,942.3886442184448,1433.5861587524414,1760.5647897720337,Left,0.9754946827888489,1,1691.9860786178606,948.2753956317902,1431.4366361879659,1760.9323436021805,Left,0.9800861477851868
6,240.00000000000003,23.488888888888887,1,1715.1448059082031,974.2350697517395,1435.5386352539062,1770.331335067749,Left,0.9876386523246765,1,1710.8239606564377,975.3582420945168,1441.976045024912,1769.348326921463,Left,0.9895505309104919
7,280.0,23.51222222222222,1,1710.2668762207031,937.517409324646,1436.2121200561523,1756.239824295044,Left,0.9834423065185547,1,1716.9026221647632,946.5305127203465,1438.0708124265861,1756.791509091854,Left,0.9878374338150024
8,320.0,23.67111111111111,1,1707.4128341674805,944.5947074890137,1437.8126907348633,1756.5202331542969,Left,0.9784260988235474,1,1707.9858017414983,937.3597960174084,1441.602106306785,1757.006160914898,Left,0.9856732487678528
9,360.00000000000006,23.684444444444445,1,1717.935447692871,939.9801921844482,1435.8297729492188,1757.74010181427,Left,0.9797852635383606,1,1719.964964532349,951.2693805992603,1436.83178086633,1757.8680109977722,Left,0.9791954159736633
10,400.0,23.88,1,1728.442268371582,1001.4206314086914,1434.7565460205078,1763.0691576004028,Left,0.990357518196106,1,1723.4167964349458,967.0462895929813,1435.8148653090768,1765.2816581726074,Left,0.9866825342178345
11,440.00000000000006,23.883333333333333,1,1743.2061767578125,948.4935235977173,1439.1632080078125,1750.210132598877,Left,0.9935757517814636,1,1775.870690563779,1029.2344897985458,1434.142568214837,1771.167741715908,Left,0.9942805767059326
12,480.00000000000006,23.947777777777777,1,1749.7619247436523,959.3732714653015,1444.6889877319336,1756.9480562210083,Left,0.9848915338516235,1,1757.2217554447939,957.7550143003464,1431.0243597623191,1736.3869285583496,Left,0.9890053868293762
13,520.0,24.022222222222222,1,1753.9058303833008,988.9923906326294,1438.7159729003906,1768.6208152770996,Left,0.990303099155426,1,1749.903253374178,950.5221265554428,1442.3745234714163,1755.5016106367111,Left,0.988497793674469
14,560.0,24.00111111111111,1,1773.7839889526367,972.475368976593,1439.9725341796875,1747.2715044021606,Left,0.9930837750434875,1,1755.5339974227852,967.4589085578918,1446.2375980748382,1768.3452585339546,Left,0.9890789985656738
15,600.0000000000001,24.043333333333333,1,1752.8258514404297,954.2130661010742,1451.8787384033203,1749.7090530395508,Left,0.9883010983467102,1,1769.0063981909266,989.7703546285629,1431.9586672229477,1775.573229789734,Left,0.9899518489837646
16,640.0,24.04111111111111,1,1764.6483993530273,980.1501774787903,1440.8248901367188,1758.7842321395874,Left,0.9876640439033508,1,1776.5870169206912,976.0013607144356,1436.923557652678,1770.9564372897148,Left,0.9924063086509705
17,680.0,24.085555555555555,1,1750.1830673217773,947.4036884307861,1429.8948669433594,1753.526372909546,Left,0.9864501357078552,1,1756.4656082099655,963.6973759531975,1427.342187002703,1765.8381628990173,Left,0.9921678900718689
18,720.0000000000001,24.15888888888889,1,1771.3523483276367,974.0624856948853,1435.3271484375,1769.4710540771484,Left,0.9769362807273865,1,1763.2951134953382,974.2656308412552,1434.13825353732,1772.7982378005981,Left,0.9893680214881897
19,760.0,24.162222222222223,1,1778.7115859985352,981.5932273864746,1427.5769805908203,1772.6062774658203,Left,0.987474799156189,1,1787.526971653785,1000.6440594792366,1429.571751664979,1776.2137332558632,Left,0.9887092709541321
20,800.0,24.225555555555555,1,1789.0122985839844,993.0595421791077,1425.5853652954102,1782.7689743041992,Left,0.9908552169799805,1,1792.4319509884117,987.0623105764389,1425.2765800860675,1775.5794015526772,Left,0.9915578961372375
21,840.0000000000001,24.15111111111111,1,1780.1558303833008,950.6237554550171,1425.9938049316406,1765.2069854736328,Left,0.9895205497741699,1,1845.729903906479,1066.52030646801,1416.590280298052,1778.320187330246,Left,0.9914280772209167
22,880.0000000000001,24.238888888888887,1,1800.6200408935547,988.8064813613892,1434.788475036621,1789.7817707061768,Left,0.9759637117385864,1,1922.4506230594684,1123.5673758387566,1417.8506155785474,1766.4064881205559,Left,0.9957860708236694
23,920.0,24.204444444444444,1,1838.7519836425781,1060.8563661575317,1412.0135879516602,1791.7101287841797,Left,0.9835138320922852,1,1801.4312896191864,973.2830129563808,1429.6081118119698,1736.6167482733727,Left,0.9904680252075195
24,960.0000000000001,24.217777777777776,1,1938.804931640625,1158.2735967636108,1414.8979568481445,1773.9448499679565,Left,0.9947273135185242,1,1797.423763208065,973.0911129713058,1432.6008800045965,1768.1351047754288,Left,0.9842873215675354
25,1000.0,24.22888888888889,1,1792.4260711669922,967.4818897247314,1436.0215759277344,1725.7985973358154,Left,0.9899270534515381,1,1881.1676087999958,1122.8365449607372,1428.0134789130332,1786.550913155079,Left,0.9823235273361206
26,1040.0,24.238888888888887,1,1801.1656951904297,975.4974889755249,1428.2329559326172,1763.9128303527832,Left,0.9828620553016663,1,1873.1987589828295,1074.2061388492584,1401.6534959585138,1749.7507828474045,Left,0.9920955896377563
27,1080.0,24.296666666666667,1,1791.1255645751953,1000.294554233551,1431.9292831420898,1782.1543407440186,Left,0.9803377985954285,1,1794.6956285698054,956.0457497835159,1438.2019606452754,1739.8696857690811,Left,0.9927846193313599
28,1120.0,24.313333333333333,1,1974.528579711914,1436.4259243011475,1388.5574340820312,1778.5400533676147,Left,0.9529075026512146,1,1795.4285844129806,973.9725767076015,1430.881391125016,1774.6162927150726,Left,0.9800326824188232
29,1160.0000000000002,24.283333333333335,1,1972.0820617675781,1464.0367984771729,1395.05126953125,1785.9970235824585,Left,0.9460418820381165,1,1858.12678141443,1093.5458287596703,1419.2878076926766,1771.1144971847534,Left,0.9683257341384888
30,1200.0000000000002,24.215555555555557,1,1953.7953186035156,1604.2598962783813,1394.6914672851562,1796.2300157546997,Left,0.8006659150123596,1,1849.2364782800707,1028.3511954545975,1413.8972473591741,1749.1903030872345,Left,0.9907176494598389
31,1240.0,24.284444444444443,1,1975.3692626953125,1493.651990890503,1388.5723114013672,1799.3267440795898,Left,0.9556846022605896,1,1799.1748031669877,973.5271114110947,1439.1583808281778,1761.0047310590744,Left,0.9902149438858032
32,1280.0,24.18777777777778,1,1924.4304656982422,1189.873023033142,1395.2387237548828,1784.444603919983,Left,0.9919178485870361,1,1888.9886809122102,1192.1619182825089,1410.4029877943283,1773.2719990611076,Left,0.979483962059021
33,1320.0,24.16777777777778,1,1794.108009338379,965.4072761535645,1424.289894104004,1743.920373916626,Left,0.9810504913330078,1,1803.745844439633,981.5140525996685,1421.652880195716,1747.0678442716599,Left,0.9769601225852966
34,1360.0,24.166666666666668,0,,,,,,,1,1797.9454796311445,971.6542428731918,1438.8719941079967,1773.5892695188522,Left,0.9836969971656799
35,1400.0000000000002,24.07,0,,,,,,,0,,,,,,
36,1440.0000000000002,24.10333333333333,1,1954.6476745605469,1257.952766418457,1407.3932647705078,1762.4492454528809,Left,0.8900701403617859,0,,,,,,
37,1480.0000000000002,24.105555555555554,1,1878.823127746582,1116.0477304458618,1410.0350189208984,1770.6203699111938,Left,0.9837502837181091,0,,,,,,
38,1520.0,24.194444444444443,1,1897.4037551879883,1091.9762134552002,1407.506103515625,1768.8799810409546,Left,0.9926411509513855,0,,,,,,
39,1560.0,24.301111111111112,1,1804.317626953125,968.4826970100403,1433.4253692626953,1756.9028663635254,Left,0.9902217388153076,0,,,,,,
40,1600.0,24.394444444444446,1,1830.7818603515625,1028.7501955032349,1431.9475936889648,1779.834337234497,Left,0.9764734506607056,0,,,,,,
41,1640.0000000000002,24.45,1,1983.4101104736328,1382.5547218322754,1380.8476638793945,1764.9155044555664,Left,0.9759682416915894,0,,,,,,
42,1680.0000000000002,24.482222222222223,1,1800.776596069336,972.436101436615,1445.049819946289,1747.7464485168457,Left,0.9900982975959778,0,,,,,,
43,1720.0000000000002,24.454444444444444,1,1883.3339309692383,1100.1345920562744,1441.2255477905273,1780.9240436553955,Left,0.9837455153465271,0,,,,,,
44,1760.0000000000002,24.427777777777777,1,1828.3109664916992,1004.7807741165161,1420.5216979980469,1744.2825365066528,Left,0.9841085076332092,0,,,,,,
45,1800.0,24.43,1,1883.6824035644531,1090.7585334777832,1426.8118286132812,1766.5003681182861,Left,0.9890769720077515,1,1808.0286113206835,972.3687551915646,1427.5130662101933,1729.0087428689003,Left,0.9724974632263184
46,1840.0,24.395555555555557,1,1854.213752746582,1039.5741319656372,1426.3493728637695,1745.81796169281,Left,0.9929747581481934,0,,,,,,
47,1880.0000000000002,24.34777777777778,1,1839.7621536254883,1033.6875414848328,1433.466567993164,1761.155605316162,Left,0.9892681837081909,0,,,,,,
48,1920.0000000000002,24.29,1,1799.5195770263672,971.0628318786621,1437.5953674316406,1755.211272239685,Left,0.9778296947479248,0,,,,,,
49,1960.0000000000002,24.286666666666665,1,1880.1814270019531,1127.2908639907837,1423.9265441894531,1774.8312664031982,Left,0.9788845181465149,0,,,,,,
50,2000.0,24.252222222222223,1,1873.3238983154297,1061.9211602210999,1407.2139358520508,1740.1643371582031,Left,0.9872963428497314,0,,,,,,
51,2040.0,24.238888888888887,1,1795.7795333862305,969.0323781967163,1444.0052032470703,1746.1848878860474,Left,0.9893338680267334,0,,,,,,
52,2080.0,24.25111111111111,1,1809.181137084961,1000.543999671936,1440.0506973266602,1771.0763883590698,Left,0.9719164371490479,0,,,,,,
53,2120.0,24.33222222222222,1,1991.1534118652344,1602.3550987243652,1388.6252975463867,1775.9890794754028,Left,0.8400793075561523,0,,,,,,
54,2160.0,24.3,1,1793.7334442138672,980.4699182510376,1427.3249816894531,1778.2623481750488,Left,0.9851433634757996,0,,,,,,
55,2200.0,24.304444444444446,1,1897.279930114746,1203.2877159118652,1415.5979919433594,1778.0551958084106,Left,0.9591140747070312,0,,,,,,
56,2240.0,24.263333333333332,1,1809.5906066894531,980.5483245849609,1429.4647979736328,1754.4096994400024,Left,0.979181706905365,0,,,,,,
57,2280.0000000000005,24.29,1,1909.5089721679688,1158.1937742233276,1417.195930480957,1766.2457084655762,Left,0.9806962013244629,0,,,,,,
58,2320.0000000000005,24.263333333333332,1,1819.2172622680664,987.4344348907471,1425.4472351074219,1734.574956893921,Left,0.9801551699638367,0,,,,,,
59,2360.0000000000005,24.325555555555557,1,1853.84033203125,1048.6928915977478,1434.8665237426758,1773.7319040298462,Left,0.9805806875228882,1,1913.8663923614608,1278.5301442444324,1401.1272401351303,1756.5010178089142,Left,0.8631393909454346
60,2400.0000000000005,24.265555555555554,1,1931.6885375976562,1181.160135269165,1417.5299835205078,1760.792670249939,Left,0.9712880253791809,1,1984.2201756145303,1462.4627494812012,1387.0635937135078,1766.4446693658829,Left,0.8870452046394348
61,2440.0000000000005,24.304444444444446,1,1983.0892181396484,1438.2367372512817,1387.3065948486328,1737.9084491729736,Left,0.9335252642631531,1,1993.5847337192836,1656.562497317791,1398.4487692328719,1795.0785112380981,Left,0.816951334476471
62,2480.0,24.29,1,1995.2389526367188,1554.702844619751,1421.2030792236328,1754.1283893585205,Left,0.9045453667640686,1,2001.697226342115,1636.7518705129623,1393.8730986708074,1804.3330174684525,Left,0.724876880645752
63,2520.0,24.254444444444445,1,1972.8968811035156,1660.7037019729614,1404.4303894042969,1765.132827758789,Left,0.78031986951828,1,1994.7123027770208,1643.882662653923,1388.422986798661,1808.8318142294884,Left,0.7163324356079102
64,2560.0,24.218888888888888,1,1993.6308288574219,1633.1331253051758,1412.351303100586,1785.665888786316,Left,0.74842369556427,1,1991.079703864291,1644.1915646195412,1386.7099699353557,1814.0597158670425,Left,0.74265456199646
65,2600.0,24.14,1,1990.0259399414062,1651.235589981079,1398.6855697631836,1794.6796560287476,Left,0.7250529527664185,1,2002.7624123540882,1644.2793291807175,1386.834960749672,1815.5601865053177,Left,0.7391784191131592
66,2640.0,24.16777777777778,1,1984.4435119628906,1640.6172609329224,1386.85546875,1792.6407051086426,Left,0.6740345358848572,1,2013.0000634321993,1649.815818965435,1389.776312368556,1814.0922483801842,Left,0.7786118984222412
67,2680.0,24.17888888888889,1,1994.0364074707031,1594.0750551223755,1384.3278121948242,1793.0111074447632,Left,0.8215062618255615,1,2002.077187630943,1640.1541855931282,1389.318686884425,1818.6224269866943,Left,0.7428110837936401
68,2720.0,24.214444444444446,1,2001.0848236083984,1665.8704090118408,1394.8619842529297,1788.346767425537,Left,0.6976391077041626,1,2007.3094532330458,1657.0372000336647,1387.4529034702887,1810.1748526096344,Left,0.6577427387237549
69,2760.0000000000005,24.226666666666667,1,1955.06103515625,1345.7669591903687,1392.1006393432617,1785.534439086914,Left,0.9004307985305786,1,2004.5591159833973,1646.589242219925,1383.4918497315884,1801.1682629585266,Left,0.599901556968689
70,2800.0000000000005,24.238888888888887,1,1826.649169921875,1065.452470779419,1435.7508087158203,1734.3036890029907,Left,0.9522517323493958,1,1994.5757612114355,1588.1498649716377,1393.6954328351396,1793.9349567890167,Left,0.7771995067596436
71,2840.0000000000005,24.245555555555555,1,1753.8993072509766,990.9262847900391,1425.6056213378906,1718.9324426651,Left,0.9681042432785034,1,1857.520928779772,1161.538624316454,1395.5404968082835,1783.1753772497177,Left,0.9822660088539124
72,2880.0000000000005,24.22222222222222,1,1656.0075759887695,951.3956522941589,1425.1548385620117,1740.692195892334,Left,0.9693090319633484,1,1677.6681808346461,956.5749000012875,1436.6674186196724,1747.3078107833862,Left,0.969444215297699
73,2920.0000000000005,24.225555555555555,1,1557.1719360351562,926.7057037353516,1421.9737243652344,1772.9594278335571,Left,0.9220758676528931,1,1565.3386978024196,941.8947342038155,1416.1779589278476,1790.0189208984375,Left,0.9341520667076111
74,2960.0000000000005,24.134444444444444,1,1517.2639846801758,941.201605796814,1417.3905944824219,1793.7377500534058,Left,0.9025453925132751,1,1525.7870827302563,929.8423272371292,1400.166415385596,1783.1831181049347,Left,0.8492807745933533
75,3000.0000000000005,24.107777777777777,1,1523.0700302124023,936.7718410491943,1407.1702194213867,1780.711612701416,Left,0.8974100351333618,1,1511.1739441490397,934.8225738108158,1408.0317578869156,1791.3612270355225,Left,0.9408502578735352
76,3040.0,24.06222222222222,1,1503.2695770263672,939.0603017807007,1413.8025283813477,1785.1093196868896,Left,0.932684600353241,1,1506.2919764278363,938.789762109518,1402.721783144952,1793.1001996994019,Left,0.9049501419067383
77,3080.0,24.00888888888889,1,1505.3085708618164,941.5143299102783,1406.897850036621,1788.341360092163,Left,0.9074452519416809,1,1504.3336072253176,936.9743746519089,1396.0283250350326,1782.0924943685532,Left,0.854914665222168
78,3120.0,23.955555555555556,1,1507.1292114257812,930.7400250434875,1403.653564453125,1779.3587493896484,Left,0.8953160643577576,1,1507.3899270222028,933.733780682087,1391.6069491387532,1784.8420670628548,Left,0.8696393966674805
79,3160.0,23.913333333333334,1,1509.7306823730469,928.3230113983154,1401.0891723632812,1785.0440454483032,Left,0.8770295977592468,1,1510.9058049191904,933.7268243730068,1389.1383243753091,1787.9142451286316,Left,0.8581199645996094
80,3200.0,23.865555555555556,1,1513.465347290039,934.4172048568726,1386.0298919677734,1790.8672285079956,Left,0.8153287172317505,1,1514.0472047633612,935.4809649288654,1393.0006798658114,1790.4690411686897,Left,0.912878155708313
81,3240.0,23.84,1,1515.3937911987305,930.6672191619873,1403.627586364746,1785.6727123260498,Left,0.9212262630462646,1,1515.457564976682,936.5677705407143,1390.0778454046037,1791.6355043649673,Left,0.8721123933792114
82,3280.0000000000005,23.796666666666667,1,1519.3766784667969,933.271107673645,1396.9865798950195,1788.500747680664,Left,0.9032092094421387,1,1513.4837348463946,938.290686160326,1398.5547484993795,1791.6728487610817,Left,0.8984109163284302
83,3320.0000000000005,23.77888888888889,1,1520.570411682129,935.104193687439,1398.3740615844727,1786.7872667312622,Left,0.9349685907363892,1,1513.9194273864819,937.4365769326687,1392.588538273837,1786.7608577013016,Left,0.85569167137146
84,3360.0000000000005,23.823333333333334,1,1520.3554916381836,932.4801564216614,1394.2140197753906,1787.1921730041504,Left,0.8966422080993652,1,1513.560814762451,934.4530525803566,1402.0210525494806,1793.3378648757935,Left,0.8942908644676208
85,3400.0000000000005,23.804444444444446,1,1517.7477264404297,932.5283074378967,1403.9231872558594,1796.7907047271729,Left,0.9429372549057007,1,1513.9819452659187,935.9516403079033,1391.5150824632901,1790.3028219938278,Left,0.9120514392852783
86,3440.0000000000005,23.81,1,1517.3222351074219,937.1603965759277,1395.699234008789,1797.9831504821777,Left,0.920393705368042,1,1514.2065332195823,938.2067920267582,1396.1665295492444,1800.606423318386,Left,0.9220936894416809
87,3480.0000000000005,23.87,1,1510.8098602294922,937.3412203788757,1394.5685577392578,1790.7929420471191,Left,0.9156537652015686,1,1512.9876368210716,935.4382333159447,1393.0082305514659,1792.1724477410316,Left,0.8810484409332275
88,3520.0000000000005,23.842222222222222,1,1511.1172485351562,935.5307936668396,1399.911117553711,1799.766025543213,Left,0.886160135269165,1,1512.4985950912708,936.0214126110077,1401.8345326359918,1801.4749681949615,Left,0.9245084524154663
89,3560.0000000000005,23.85333333333333,1,1515.7914733886719,937.0204496383667,1396.526985168457,1795.678210258484,Left,0.901008665561676,1,1513.7487279572213,937.435007840395,1397.0311729457985,1793.8733437657356,Left,0.9067925810813904
90,3600.0,23.857777777777777,1,1513.773422241211,935.9709119796753,1406.2085723876953,1792.4957370758057,Left,0.8983471989631653,1,1512.7358574101402,934.0849435329437,1401.7837902306112,1798.2726600766182,Left,0.8857103586196899
91,3640.0,23.866666666666667,1,1516.6091537475586,937.9949283599854,1403.6402893066406,1789.980297088623,Left,0.9171997308731079,1,1516.4435137338403,937.6517517864704,1402.1554367763076,1791.2762868404388,Left,0.9089556336402893
92,3680.0,23.907777777777778,1,1514.1301345825195,934.0094017982483,1405.9231567382812,1797.180676460266,Left,0.8892400860786438,1,1513.732053526401,934.1429476439953,1408.8240405459476,1792.7809417247772,Left,0.9028370380401611
93,3720.0,23.893333333333334,1,1519.8315811157227,935.8860683441162,1400.3781509399414,1786.6994619369507,Left,0.901952862739563,1,1519.4549788623733,937.5021126866341,1404.5972296389439,1798.399965763092,Left,0.9396324753761292
94,3760.0000000000005,23.932222222222222,1,1516.2254333496094,931.4471626281738,1408.6717987060547,1803.5686683654785,Left,0.9388228058815002,1,1529.5101100926104,931.5103769302368,1408.9474583007527,1798.8562577962875,Left,0.8469392657279968
95,3800.0000000000005,23.895555555555557,1,1533.0705642700195,936.0589742660522,1409.8603820800781,1801.3135528564453,Left,0.938712477684021,1,1520.5685701627385,935.8787298202515,1408.4544165053373,1796.6296112537384,Left,0.9224604964256287
96,3840.0000000000005,23.876666666666665,1,1520.061378479004,935.7149648666382,1405.7861709594727,1798.8766479492188,Left,0.9418256282806396,1,1525.0841498514692,934.5919695496559,1403.1150030782326,1797.6078879833221,Left,0.9260076284408569
97,3880.0000000000005,23.814444444444444,1,1537.8673553466797,936.2134695053101,1411.9523620605469,1806.4085483551025,Left,0.9558005332946777,1,1522.6376827548565,930.4886363446712,1403.4831439484465,1805.9908157587051,Left,0.9282437562942505
98,3920.0000000000005,23.865555555555556,1,1537.7826690673828,931.2810158729553,1408.476905822754,1809.4078159332275,Left,0.9451517462730408,1,1536.6447439786277,929.2436139285564,1402.7985035045485,1805.0788593292236,Left,0.9393614530563354
99,3960.0000000000005,23.934444444444445,1,1545.2497100830078,927.464017868042,1409.7190475463867,1801.5769672393799,Left,0.9323409199714661,1,1546.5210857592601,930.8134384453297,1404.2100322763638,1802.126141488552,Left,0.927243173122406
100,4000.0,23.97,1,1542.1268463134766,930.5521202087402,1412.296257019043,1795.3974151611328,Left,0.9627184271812439,1,1542.222588283096,926.6287216544151,1407.2645542909504,1794.4258734583855,Left,0.94497150182724
101,4040.0,24.015555555555554,1,1570.2936172485352,929.3443536758423,1410.513038635254,1795.2283716201782,Left,0.9589822888374329,1,1574.1655841661925,929.6084801852703,1403.885577516008,1795.0256851315498,Left,0.9312260746955872
102,4080.0,23.994444444444444,1,1582.1826553344727,934.6299576759338,1401.5390396118164,1797.7377605438232,Left,0.9475128650665283,1,1577.9165220987336,930.609979480505,1402.1472568668487,1800.97327709198,Left,0.9449593424797058
103,4120.0,23.98777777777778,1,1587.4865341186523,933.1498289108276,1404.0172576904297,1792.92227268219,Left,0.9338337779045105,1,1587.8289993035696,943.8785898685455,1401.587697126382,1793.1642186641693,Left,0.9478424191474915
104,4160.0,23.97888888888889,1,1606.7017364501953,952.0619773864746,1405.1708221435547,1799.6880054473877,Left,0.9619176983833313,1,1616.4175131955433,963.1413419544697,1400.1476735051324,1791.3911443948746,Left,0.9309829473495483
105,4200.0,24.047777777777778,1,1626.7259216308594,958.5171747207642,1396.2245178222656,1798.295874595642,Left,0.896419882774353,1,1622.0080768097746,958.2662245631218,1403.1950043905242,1792.4888813495636,Left,0.894901692867279
106,4240.0,24.085555555555555,1,1610.390510559082,952.9853439331055,1390.1026153564453,1796.1127281188965,Left,0.8722741007804871,1,1605.8414295997038,950.3188244998455,1395.5282718886524,1795.8895227313042,Left,0.8422577381134033
107,4280.0,24.076666666666668,1,1614.55078125,954.0347528457642,1399.0439987182617,1797.4426746368408,Left,0.9462851881980896,1,1618.2580827129404,957.3092874884605,1399.7919373327795,1794.4064167141914,Left,0.9294824600219727
108,4320.0,24.092222222222222,1,1630.188102722168,958.6948442459106,1402.6596450805664,1799.5741939544678,Left,0.9406052827835083,1,1627.4615145791736,962.845045030117,1400.7071883010417,1796.7827546596527,Left,0.8985546827316284
109,4360.0,23.97888888888889,1,1686.0845947265625,1017.4199652671814,1395.193748474121,1799.5396900177002,Left,0.8914542198181152,1,1691.3259329577822,1024.2843174934387,1401.1177568335047,1798.9705923199654,Left,0.9150123596191406
110,4400.0,24.044444444444444,1,1673.3430862426758,988.442645072937,1427.468376159668,1795.0001049041748,Left,0.9533182382583618,1,1675.084408114971,986.2694482505322,1425.8629717273423,1789.4511187076569,Left,0.9573838114738464
111,4440.0,24.032222222222224,1,1688.9362335205078,1000.7651853561401,1414.2525100708008,1787.4653720855713,Left,0.8999423980712891,1,1684.827489282713,995.4655842483044,1422.0380101086525,1790.9864231944084,Left,0.9567346572875977
112,4480.0,24.116666666666667,1,1696.6346740722656,1007.7188229560852,1414.4096374511719,1796.535530090332,Left,0.9200620651245117,1,1698.1465392207765,994.2554479837418,1431.8948010067868,1793.0921450257301,Left,0.9408334493637085
113,4520.000000000001,24.09,1,1697.380142211914,1012.5975894927979,1416.3506698608398,1792.9704236984253,Left,0.8611620664596558,1,1689.2459887273146,1006.766029894352,1426.0826607242418,1791.9646999239922,Left,0.8996596336364746
114,4560.000000000001,24.053333333333335,1,1716.5412139892578,1027.0598244667053,1420.8723449707031,1801.068549156189,Left,0.9386454820632935,1,1704.4743733557,1021.5191061794758,1412.0979818900892,1779.0306723117828,Left,0.9306725263595581
115,4600.000000000001,24.11888888888889,1,1740.0924682617188,1034.4213938713074,1421.6946029663086,1777.6132106781006,Left,0.957414984703064,1,1737.631141957756,1020.8363941311836,1418.7549450193453,1782.3169791698456,Left,0.9280158877372742
116,4640.000000000001,24.113333333333333,1,1890.2108001708984,1262.5515747070312,1407.7781295776367,1778.8732481002808,Left,0.9371249675750732,1,1851.2330953009941,1198.1583090126514,1410.4074373055175,1793.7674823403358,Left,0.9479447603225708
117,4680.000000000001,24.13222222222222,1,1947.8784942626953,1320.5099487304688,1404.9399948120117,1759.7064399719238,Left,0.9829035401344299,1,1961.4233971760113,1374.823506474495,1384.3113687924456,1762.8130576014519,Left,0.9699082374572754
118,4720.000000000001,24.105555555555554,0,,,,,,,1,1916.152721999818,1224.5171763002872,1437.3583513016158,1756.4190065860748,Left,0.9877675771713257
119,4760.000000000001,24.134444444444444,1,1965.4449462890625,1624.281063079834,1408.286247253418,1788.4886455535889,Left,0.9476675987243652,1,1943.2182446174577,1301.4395713806152,1417.853851586685,1732.8284364938736,Left,0.9660763144493103
120,4800.000000000001,24.13888888888889,1,2024.3000793457031,1651.2617254257202,1415.67626953125,1824.7699213027954,Left,0.927476167678833,1,1967.68956737809,1589.3104702234268,1435.1210112308981,1754.9335992336273,Left,0.8399761915206909
121,4840.000000000001,24.112222222222222,1,2004.019546508789,1640.089659690857,1406.5386199951172,1815.4166507720947,Left,0.9087920784950256,1,1983.4716689544714,1670.586625635624,1405.3915348030619,1794.096364080906,Left,0.8459208011627197
122,4880.000000000001,24.057777777777776,1,1999.1276550292969,1658.2853364944458,1393.3598327636719,1823.6579418182373,Left,0.9272882342338562,1,2008.7501959672147,1643.3307605981827,1406.036848759176,1816.220878958702,Left,0.9129736423492432
123,4920.000000000001,23.92222222222222,0,,,,,,,0,,,,,,
124,4960.0,23.84888888888889,1,2119.1551208496094,1231.75359249115,1461.8601608276367,1716.5895223617554,Left,0.6800588369369507,0,,,,,,
125,5000.0,23.775555555555556,1,2137.11181640625,1259.313097000122,1456.457862854004,1768.2462930679321,Left,0.6576662063598633,1,2147.453235210316,1241.5456455945969,1505.8059010388283,1691.1786603927612,Left,0.7174051403999329
126,5040.0,23.81,1,2152.815399169922,1268.237385749817,1451.0037231445312,1814.3647956848145,Left,0.73907470703125,1,2149.9758833318356,1266.785227060318,1457.6225938159723,1760.751793384552,Left,0.7427734732627869
127,5080.0,23.763333333333332,1,2163.163604736328,1287.936429977417,1451.7418670654297,1802.6226425170898,Left,0.5501347780227661,1,2159.935327599225,1273.1977933645248,1450.18975279116,1807.0892849564552,Left,0.701133668422699
128,5120.0,23.761111111111113,1,2165.218505859375,1297.419090270996,1446.1762619018555,1817.9140663146973,Right,0.5463273525238037,1,2167.8516821732696,1302.4698373675346,1432.3579996160438,1832.5386017560959,Left,0.6805801391601562
129,5160.0,23.743333333333332,1,2171.8533325195312,1304.0940570831299,1456.7261123657227,1817.2918367385864,Right,0.5569018721580505,1,2175.04766538023,1308.1235906481743,1445.941952775819,1828.9468449354172,Right,0.6106253266334534
130,5200.0,23.602222222222224,1,2191.1585998535156,1324.2214393615723,1433.847885131836,1825.5984020233154,Right,0.5985830426216125,1,2175.809565518414,1324.3815833330154,1448.1954728872247,1813.5260152816772,Right,0.5435287356376648
131,5240.0,23.747777777777777,1,2186.1486053466797,1329.841718673706,1448.265380859375,1834.6200227737427,Right,0.5237067937850952,1,2177.303882165084,1331.430782675743,1447.903153485458,1820.8603709936142,Right,0.5464068651199341
132,5280.0,23.761111111111113,1,2192.7333068847656,1341.8439388275146,1433.0685424804688,1858.3928489685059,Right,0.6219161748886108,1,2184.768633825698,1348.2804277539253,1447.149163589388,1840.2871978282928,Right,0.5875687003135681
133,5320.0,23.794444444444444,1,2181.4283752441406,1362.9666566848755,1446.7617416381836,1867.3871755599976,Right,0.6200358271598816,1,2174.5631630507332,1365.33007979393,1451.6455070075228,1854.903919994831,Right,0.7319729328155518
134,5360.0,23.77,1,2181.3262939453125,1367.6174783706665,1432.328109741211,1879.3645477294922,Right,0.6159379482269287,1,2170.3659706071003,1363.2435008883476,1457.5663232300235,1862.0839816331863,Right,0.7004662156105042
135,5400.0,182.4111111111111,1,2180.9417724609375,1362.0490837097168,1429.2491912841797,1887.0739889144897,Right,0.512753963470459,1,2167.4996763991862,1363.3448642492294,1449.928400189488,1860.5061024427414,Right,0.5548820495605469
136,5440.0,196.40444444444444,1,2155.3147888183594,1344.5255899429321,1437.7306365966797,1873.5380172729492,Right,0.6671682596206665,1,2160.6784409123875,1344.9919241666794,1445.9257727351305,1854.0852722525597,Right,0.6499713063240051
137,5480.0,197.29,1,2147.713851928711,1297.380723953247,1444.7911834716797,1846.175365447998,Right,0.700516939163208,1,2147.150938116791,1303.298736512661,1434.0954663186112,1838.3208113908768,Right,0.7933660745620728
138,5520.000000000001,25.455555555555556,1,2127.439727783203,1199.8890781402588,1439.4594955444336,1835.4987144470215,Left,0.8041051626205444,1,2117.4753052688006,1202.1672874689102,1431.4809515216286,1847.8021037578583,Left,0.7454302310943604
139,5560.000000000001,24.155555555555555,1,1936.365737915039,1651.7346096038818,1450.8174133300781,1805.843997001648,Left,0.8526498079299927,1,1967.5380143303105,1671.1416658759117,1443.8653344426039,1808.084507882595,Left,0.7477186322212219
140,5600.000000000001,23.90111111111111,0,,,,,,,1,1989.5914996774368,1606.1846977472305,1449.0309472659828,1816.6943264007568,Left,0.8144612908363342
141,5640.000000000001,23.452222222222222,1,1730.7854461669922,930.8011150360107,1474.3052673339844,1702.9155349731445,Left,0.9566183090209961,1,1851.0959245116042,1127.1864348649979,1483.6568186179695,1778.3982235193253,Left,0.9122288227081299
142,5680.000000000001,23.145555555555557,1,1644.5503234863281,935.8671426773071,1489.3343353271484,1733.3490371704102,Left,0.9469924569129944,1,1653.3895353918758,914.3732741475105,1479.8540596106686,1724.4962427020073,Left,0.9581593871116638
143,5720.000000000001,22.823333333333334,1,1593.1922149658203,923.8974952697754,1465.3768157958984,1732.9421997070312,Left,0.9479466080665588,1,1595.7716464437326,916.1834836006165,1453.782261158629,1740.9024623036385,Left,0.9368914365768433
144,5760.000000000001,22.697777777777777,1,1574.2280960083008,918.633713722229,1457.6391220092773,1755.5717611312866,Left,0.9448410272598267,1,1578.3938332990354,918.4191262722015,1452.8759092127452,1758.053477704525,Left,0.9405019879341125
145,5800.000000000001,22.552222222222223,1,1559.7056579589844,918.6617159843445,1465.6816864013672,1776.207947731018,Left,0.9461057782173157,1,1560.6395645409928,918.4206953644753,1462.0990717397067,1772.468100786209,Left,0.9608557224273682
146,5840.000000000001,22.484444444444446,1,1545.6286239624023,924.8843336105347,1462.9950714111328,1787.8075790405273,Left,0.9382231831550598,1,1545.1930190306616,923.3106145262718,1451.954815452012,1786.4324989914894,Left,0.9447399377822876
147,5880.000000000001,22.50888888888889,1,1550.3297424316406,930.4153919219971,1450.6371688842773,1796.2708282470703,Left,0.9373462796211243,1,1556.0764784550192,924.0273235738277,1441.1516719518486,1800.9223338961601,Left,0.9230918288230896
148,5920.000000000001,22.58,1,1571.2263107299805,922.5240325927734,1448.6549377441406,1797.0757484436035,Left,0.9229634404182434,1,1573.9960532954262,929.1280764341354,1436.938659023987,1801.628843843937,Left,0.9179654121398926
149,5960.000000000001,22.73111111111111,1,1571.4176559448242,927.455906867981,1441.0748291015625,1793.1966304779053,Left,0.9027283787727356,1,1572.450904354261,925.4217235744,1433.5126252973764,1801.5740302205086,Left,0.8914575576782227
150,6000.000000000001,22.734444444444446,1,1561.874656677246,938.8843059539795,1440.7466125488281,1795.0734901428223,Left,0.9562862515449524,1,1567.9914154732494,930.3753478825092,1430.900627395612,1804.359587430954,Left,0.9540990591049194
151,6040.000000000001,22.75888888888889,1,1574.9143981933594,931.0219144821167,1427.8108978271484,1804.2022275924683,Left,0.8802797794342041,1,1572.6112215907465,926.1798566579819,1434.732645309824,1803.1348586082458,Left,0.9201416373252869
152,6080.0,22.77,1,1572.2945022583008,933.1735825538635,1434.7087097167969,1809.1351318359375,Left,0.9285499453544617,1,1567.1423228935787,935.3857210278511,1433.2137439902194,1802.495505809784,Left,0.905545175075531
153,6120.0,22.775555555555556,1,1596.7734146118164,932.6837038993835,1427.402687072754,1807.581295967102,Left,0.9168936610221863,1,1593.537901937612,930.8322152495384,1435.2706766072638,1800.9116640686989,Left,0.9454364776611328
154,6160.0,22.824444444444445,1,1639.5650482177734,935.6191778182983,1441.4412689208984,1792.477068901062,Left,0.940935492515564,1,1637.1489993293287,930.2062520384789,1446.894327948549,1784.1605579853058,Left,0.9452030062675476
155,6200.0,22.83222222222222,1,1711.0853576660156,954.6562743186951,1434.0630340576172,1773.130145072937,Left,0.9734359979629517,1,1719.8403782190499,941.9010628759861,1440.8265430231306,1767.4738892912865,Left,0.9692400693893433
156,6240.0,22.964444444444446,1,1854.766616821289,1087.9109287261963,1431.5754318237305,1797.623176574707,Left,0.9814616441726685,1,1928.106985505832,1211.7335200309753,1420.9248233093047,1792.2800874710083,Left,0.9756983518600464
157,6280.0,22.97,1,1990.6024932861328,1661.605954170227,1396.051025390625,1793.8362407684326,Left,0.8439042568206787,1,1989.3694735635486,1629.3991041183472,1388.3675701593038,1764.0406107902527,Left,0.9278953671455383
158,6320.0,23.013333333333332,1,2016.0452270507812,1651.542649269104,1377.5475311279297,1821.8451976776123,Left,0.9061992764472961,1,2018.8335074349836,1650.9464022517204,1377.0913851917978,1805.9956276416779,Left,0.9559516906738281
159,6360.0,23.01,1,2036.4028930664062,1588.611330986023,1338.6811065673828,1820.7777643203735,Left,0.8987129926681519,1,2063.6166240517728,1348.2426649332047,1361.7438075970094,1817.6069104671478,Left,0.8676256537437439
160,6400.0,23.11,1,2058.676071166992,1323.853611946106,1372.17041015625,1800.6877183914185,Left,0.5439214706420898,1,2055.147451420881,1322.1860048174858,1376.2830123811925,1816.4863693714142,Right,0.5860564112663269
161,6440.0,23.276666666666667,1,2081.737060546875,1364.7669124603271,1365.8356475830078,1819.618535041809,Right,0.5635033249855042,1,2076.5961628027285,1373.8749378919601,1357.6507067484704,1818.9707654714584,Right,0.6695584058761597
162,6480.0,23.285555555555554,1,2081.8675231933594,1412.4522542953491,1357.0491027832031,1823.803424835205,Right,0.7827924489974976,1,2086.533404458729,1413.1211784482002,1361.7074923945759,1824.7314262390137,Right,0.8311605453491211
163,6520.000000000001,23.406666666666666,1,2088.3519744873047,1455.525140762329,1352.3419189453125,1833.9590406417847,Right,0.762052059173584,1,2087.9940126872984,1450.3465327620506,1349.927838494322,1830.3728359937668,Right,0.7678479552268982
164,6560.000000000001,23.407777777777778,1,2090.6307220458984,1467.1779441833496,1338.0569458007812,1826.6752338409424,Right,0.7309077382087708,1,2091.152626296979,1471.3202753663063,1336.7503189677232,1822.6517513394356,Right,0.7113490104675293
165,6600.000000000001,23.44,1,2102.1114349365234,1476.537265777588,1330.1796340942383,1823.1706380844116,Right,0.7428884506225586,1,2093.9908751010335,1481.405145227909,1331.9552740206611,1819.0102019906044,Right,0.7121099233627319
166,6640.000000000001,23.447777777777777,1,2097.8659057617188,1488.476014137268,1331.1882019042969,1825.8080005645752,Right,0.686012327671051,1,2091.3767198605105,1485.6792479753494,1327.6066184183637,1828.4503841400146,Right,0.6927703619003296
167,6680.000000000001,23.324444444444445,1,2096.19140625,1487.6665878295898,1318.0941009521484,1831.1355113983154,Right,0.7083129286766052,1,2095.05776900619,1494.8736056685448,1315.5091615522592,1834.9447524547577,Right,0.7411576509475708
168,6720.000000000001,23.286666666666665,1,2105.880889892578,1490.8893585205078,1317.7170181274414,1826.556658744812,Right,0.754443883895874,1,2119.86114215739,1505.5372613668442,1322.1586189404181,1833.5917764902115,Right,0.653447151184082
169,6760.000000000001,23.27,1,2110.542526245117,1492.0068740844727,1308.1281280517578,1842.5993156433105,Right,0.6881506443023682,1,2117.0738604815037,1496.0076409578323,1316.4989755413596,1842.3827728629112,Right,0.7122922539710999
170,6800.000000000001,23.288888888888888,1,2112.099609375,1526.3825798034668,1303.9065170288086,1855.1929950714111,Right,0.6684626340866089,1,2115.752490491968,1513.9856725931168,1330.5534532732588,1831.380716264248,Right,0.7398734092712402
171,6840.000000000001,23.255555555555556,1,2105.551528930664,1513.6362075805664,1336.5592575073242,1846.2635564804077,Right,0.7757130265235901,1,2110.780723544945,1512.3506784439087,1328.9136061495103,1846.2329068779945,Right,0.6352028846740723
172,6880.000000000001,178.1811111111111,1,2101.0716247558594,1515.5984258651733,1315.1060485839844,1855.4041385650635,Right,0.7067016959190369,1,2111.1843256710004,1528.499357700348,1309.6379641212025,1867.496199309826,Right,0.6978380084037781
173,6920.000000000001,197.60111111111112,1,2086.7150115966797,1473.3452653884888,1327.8934478759766,1855.1232147216797,Right,0.8027269244194031,1,2104.8221538941716,1477.6818984746933,1340.3065570773163,1843.368999660015,Right,0.7438559532165527
174,6960.000000000001,29.563333333333333,1,2083.399887084961,1414.1506719589233,1321.3304901123047,1842.5424098968506,Right,0.7358241677284241,1,2080.4068320521437,1420.1292675733566,1326.7035024806175,1853.6925807595253,Right,0.780913233757019
175,7000.000000000001,24.123333333333335,1,2054.6319580078125,1316.932225227356,1330.1599502563477,1831.1812162399292,Left,0.6353827714920044,1,2057.261463625909,1314.1323772072792,1328.8211102502428,1830.0642478466034,Left,0.6753004789352417
176,7040.000000000001,23.58222222222222,1,2007.4067687988281,1475.7523012161255,1343.7476348876953,1792.696967124939,Left,0.9601563215255737,1,1938.833992925646,1641.2384283542633,1346.342925757065,1802.0151543617249,Left,0.9174706339836121
177,7080.000000000001,23.29111111111111,0,,,,,,,1,1971.2770419551227,1689.386966228485,1357.0778434189933,1776.5426149964333,Left,0.8492593765258789
178,7120.000000000001,23.04,1,1926.346206665039,1272.0938444137573,1400.6300354003906,1754.4873332977295,Left,0.799784243106842,1,1918.6486730542022,1164.2068657279015,1398.0328522980703,1781.059194803238,Left,0.9808689951896667
179,7160.0,22.72888888888889,1,1686.833610534668,955.7681894302368,1433.726806640625,1782.5381326675415,Left,0.9772600531578064,1,1671.554912017071,918.2696963846684,1447.059589086356,1740.254531800747,Left,0.9613851308822632
180,7200.0,22.553333333333335,1,1590.1089477539062,931.7150831222534,1412.625732421875,1787.3870944976807,Left,0.9355509281158447,1,1590.118160449047,923.0784411728382,1404.2745726608866,1784.821041226387,Left,0.914472222328186
181,7240.0,22.378888888888888,1,1547.3515319824219,921.6531944274902,1400.1280975341797,1782.3057460784912,Left,0.924696147441864,1,1537.1341003203308,921.8900106847286,1403.4426489021687,1784.1950780153275,Left,0.9642186164855957
182,7280.0,22.19333333333333,1,1527.125587463379,920.6856679916382,1396.9349670410156,1780.1072788238525,Left,0.9039549827575684,1,1520.6416949577376,923.3569027483463,1407.3041055015215,1787.6116195321083,Left,0.9394522905349731
183,7320.0,22.27777777777778,1,1508.0827331542969,914.2801666259766,1403.8829040527344,1783.358244895935,Left,0.9403359293937683,1,1510.7591957727323,920.7199908792973,1407.697595102147,1787.4069052934647,Left,0.9420697093009949
184,7360.0,22.455555555555556,1,1508.9508819580078,918.9397430419922,1408.1190490722656,1786.7747783660889,Left,0.9279724359512329,1,1509.7483926752948,920.1352947950363,1405.2455548804082,1782.1410316228867,Left,0.8918365836143494
185,7400.0,22.70111111111111,1,1513.0974197387695,919.3074417114258,1407.0241928100586,1780.599217414856,Left,0.880342960357666,1,1517.559846652211,920.2271912992001,1396.863170189986,1785.0759664177895,Left,0.9530588388442993
186,7440.0,22.82888888888889,1,1520.1056671142578,917.22980260849,1395.8301544189453,1786.2747287750244,Left,0.9393885731697083,1,1525.454672783229,915.7088331878185,1401.1335773177332,1762.7260252833366,Left,0.8304920792579651
187,7480.0,22.92,1,1528.65234375,914.7723627090454,1402.5204849243164,1783.8845586776733,Left,0.8557716012001038,1,1535.9397885947546,910.8283285796642,1387.4614429362075,1793.179281949997,Left,0.8832874894142151
188,7520.000000000001,22.99222222222222,1,1548.6774444580078,910.3856635093689,1395.5937194824219,1782.909049987793,Left,0.9014121890068054,1,1548.8330337953735,909.8420494794846,1396.5221758324824,1781.6259509325027,Left,0.8955622911453247
189,7560.000000000001,23.002222222222223,1,1569.6886825561523,901.8526339530945,1401.6931915283203,1781.1009407043457,Left,0.8678759336471558,1,1562.2368491688198,903.6885403096676,1397.7797694949725,1776.0459449887276,Left,0.9270415306091309
190,7600.000000000001,22.99,1,1622.4334716796875,900.1130819320679,1414.8167037963867,1779.8165702819824,Left,0.9555303454399109,1,1629.7077986168274,896.234567463398,1403.5317290150685,1782.644501030445,Left,0.9153419137001038
191,7640.000000000001,22.99111111111111,1,1692.6936721801758,893.1869316101074,1399.4649124145508,1778.282175064087,Left,0.9219560027122498,1,1692.6486512840422,889.7265480458736,1402.1318858281948,1784.4574302434921,Left,0.9241949319839478
192,7680.000000000001,23.015555555555554,1,1718.653907775879,893.0956506729126,1410.5542373657227,1797.7235984802246,Left,0.9652664065361023,1,1717.611487725136,899.9890391528606,1403.5954603975572,1797.04196870327,Left,0.9576488137245178
193,7720.000000000001,23.034444444444443,1,1731.4826202392578,919.2746114730835,1427.2361755371094,1793.8607025146484,Left,0.9647923707962036,1,1806.2328065825236,1028.491576910019,1413.4939149004633,1806.3558912277222,Left,0.9802452921867371
194,7760.000000000001,23.051111111111112,1,1929.129867553711,1188.5495138168335,1420.64208984375,1777.0543241500854,Left,0.9837141633033752,1,1849.9343773684216,991.2860977649689,1443.5404302366733,1769.7295117378235,Left,0.9923323392868042
195,7800.000000000001,23.092222222222222,1,1826.411018371582,934.8518514633179,1458.321647644043,1749.4129371643066,Left,0.9888964891433716,1,1891.1050302342262,1029.541613459587,1458.7410840731013,1735.1814472675323,Left,0.9941087365150452
196,7840.000000000001,23.11888888888889,0,,,,,,,0,,,,,,
197,7880.000000000001,23.13888888888889,0,,,,,,,1,1957.4108369744538,1020.5282244086266,1517.8919869318936,1692.058084309101,Left,0.9777326583862305
198,7920.000000000001,23.141111111111112,1,2020.9355163574219,1016.6407942771912,1464.7986602783203,1651.2019872665405,Left,0.9266051054000854,1,2007.5357041353357,1041.8637996912003,1481.0342138006426,1758.0797338485718,Left,0.9621486067771912
199,7960.000000000001,23.16777777777778,1,2045.9598541259766,1051.1143469810486,1455.5099487304688,1726.404218673706,Left,0.877938985824585,1,2039.2024707682388,1058.0852848291397,1440.211207086847,1821.7394810914993,Left,0.925473690032959
200,8000.0,23.364444444444445,1,2085.7933044433594,1088.2689714431763,1449.5529556274414,1791.7608547210693,Left,0.7817164659500122,1,2056.157715183629,1083.2813501358032,1429.044596950446,1842.381099164486,Left,0.8984553217887878
201,8040.000000000001,23.446666666666665,1,2096.0984802246094,1104.4414043426514,1433.8457107543945,1833.2335567474365,Left,0.8130825757980347,1,2056.270615911987,1104.0182121098042,1428.683467431197,1839.7170943021774,Left,0.8857773542404175
202,8080.0,23.52111111111111,1,2092.2784423828125,1123.037610054016,1443.1775665283203,1837.3530435562134,Left,0.8580049276351929,1,2075.6683273583753,1144.2177285254002,1417.7568612316709,1838.191518187523,Left,0.8152210712432861
203,8120.000000000001,23.473333333333333,1,2125.994110107422,1148.7282371520996,1426.611442565918,1855.7017993927002,Left,0.8551583886146545,1,2092.6586285285907,1165.2122354507446,1426.4686445837704,1840.486786365509,Left,0.7511246800422668
204,8160.0,23.494444444444444,1,2129.6640014648438,1154.4503545761108,1434.7622680664062,1849.3609285354614,Left,0.8392555713653564,1,2111.112054822593,1159.5839014649391,1430.665612304616,1849.6329206228256,Left,0.7459191679954529
205,8200.000000000002,23.565555555555555,1,2135.671920776367,1169.5005083084106,1434.9672317504883,1842.0504713058472,Left,0.7148572206497192,1,2131.13638328919,1180.9557750821114,1416.7157655025003,1845.808833539486,Left,0.8043999075889587
206,8240.0,23.58111111111111,1,2131.095428466797,1184.5171880722046,1435.6201171875,1839.168620109558,Left,0.5537251234054565,1,2132.517709318387,1182.8933948278427,1433.9610820917842,1833.739375770092,Left,0.6358945369720459
207,8280.000000000002,23.614444444444445,1,2136.8582153320312,1195.0768089294434,1438.993034362793,1837.9036903381348,Left,0.5843021273612976,1,2135.5926361620636,1191.7358051240444,1438.9495234696276,1838.022788465023,Left,0.5778509378433228
208,8320.0,23.67222222222222,1,2134.606246948242,1204.6320819854736,1446.2848663330078,1831.0290384292603,Left,0.5423250198364258,1,2135.288990731815,1206.3293570280075,1442.2548810594387,1827.6801690459251,Right,0.5174822807312012
209,8360.000000000002,23.65222222222222,1,2141.183395385742,1228.2330322265625,1441.515884399414,1834.2318534851074,Right,0.535538911819458,1,2142.28685832946,1233.041897714138,1439.192358913623,1833.6392676830292,Right,0.5906435251235962
210,8400.0,23.64,1,2137.169952392578,1230.8143901824951,1447.1293258666992,1829.1009378433228,Right,0.6010417342185974,1,2138.450211125829,1227.6815646886826,1446.6602566932597,1829.1653671860695,Right,0.5953444242477417
211,8440.000000000002,23.63111111111111,1,2141.019287109375,1224.6546649932861,1458.3744049072266,1818.6139297485352,Right,0.5599387884140015,1,2135.304271881354,1229.7352972626686,1456.1811319688838,1819.3013209104538,Right,0.6511668562889099
212,8480.0,23.59111111111111,1,2146.915054321289,1228.8032484054565,1458.7817001342773,1817.6501369476318,Right,0.5563579201698303,1,2145.53581049965,1231.2824222445488,1458.4054830624937,1813.7111681699753,Right,0.5470976829528809
213,8520.000000000002,23.506666666666668,1,2143.4154510498047,1238.0693578720093,1463.4313201904297,1817.816219329834,Right,0.6088423728942871,1,2144.1023487837906,1238.3021749556065,1464.179375526634,1812.14385420084,Right,0.5870201587677002
214,8560.0,23.537777777777777,1,2138.1019592285156,1238.7692213058472,1467.2062683105469,1821.3475942611694,Right,0.583523690700531,1,2142.8519013059376,1239.4931682944298,1472.2798230080643,1808.5396492481232,Right,0.5725377798080444
215,8600.000000000002,196.67666666666668,1,2139.225311279297,1237.4275588989258,1465.9268188476562,1810.5140018463135,Right,0.5553576946258545,1,2137.3102373702304,1241.9171020388603,1468.5843916039953,1805.163381099701,Right,0.5872442126274109
216,8640.0,196.79777777777778,1,2134.683609008789,1219.506754875183,1473.3378982543945,1804.1276836395264,Right,0.668759822845459,1,2135.3579356829696,1219.6919560432434,1477.0983739586816,1795.0179442763329,Right,0.6749703884124756
217,8680.000000000002,152.08555555555554,1,2127.330551147461,1175.5862045288086,1494.2241668701172,1782.7082061767578,Left,0.5336074829101562,1,2131.0559325313234,1169.5527631044388,1492.5193909603713,1776.2595507502556,Left,0.523948073387146
218,8720.0,24.77777777777778,1,2074.8170471191406,1082.720274925232,1486.7607879638672,1781.2468099594116,Left,0.9552996754646301,1,2075.962084985981,1074.4606456160545,1489.7345812351455,1785.8503657579422,Left,0.9446494579315186
219,8760.000000000002,24.356666666666666,1,1945.8787536621094,1302.2809267044067,1478.5055923461914,1770.9790563583374,Left,0.9300410151481628,1,1929.6306060039703,1275.3958824276924,1482.8218386293436,1772.4455058574677,Left,0.9255959391593933
220,8800.0,23.92,1,1915.5154037475586,1110.4564189910889,1510.1760864257812,1739.0751457214355,Left,0.9484233260154724,1,1886.0493068538544,1414.4109722971916,1482.0513091361256,1755.4426127672195,Left,0.7929461002349854
221,8840.0,23.456666666666667,0,,,,,,,1,1938.4428853865666,1296.960545182228,1502.3067425172187,1768.8257145881653,Left,0.8590514659881592
222,8880.0,23.1,0,,,,,,,1,1854.9228636908224,1215.962380617857,1513.0441770743653,1759.3793606758118,Left,0.9249845743179321
223,8920.0,22.782222222222224,1,1713.438491821289,918.8605642318726,1509.1460037231445,1710.9922885894775,Left,0.8193307518959045,1,1698.5175115981108,913.1106255948544,1518.2472287141145,1732.9912036657333,Left,0.9560341238975525
224,8960.0,22.513333333333332,1,1658.968505859375,924.4621109962463,1504.2640686035156,1717.3647022247314,Left,0.9719253182411194,1,1656.1261645514967,918.9253677427769,1490.7583283651336,1713.195744752884,Left,0.968814492225647
225,9000.0,22.444444444444443,1,1623.4341430664062,924.178032875061,1497.3913192749023,1696.7939186096191,Left,0.9520043730735779,1,1624.8028192822007,925.09681686759,1493.367539704335,1702.8705945611,Left,0.95512455701828
226,9040.000000000002,22.52777777777778,1,1593.493766784668,928.0854105949402,1492.4542236328125,1703.4211206436157,Left,0.9564682841300964,1,1594.8963062425012,925.7973119616508,1493.0341859216007,1705.883565545082,Left,0.939154863357544
227,9080.0,22.59,1,1576.3079452514648,924.1337442398071,1473.3417892456055,1715.43119430542,Left,0.9370213747024536,1,1574.9952157524797,925.1757945120335,1474.3807563468692,1711.797788143158,Left,0.924648106098175
228,9120.000000000002,22.813333333333333,1,1553.6521911621094,930.208432674408,1474.3350219726562,1726.7399883270264,Left,0.913157045841217,1,1552.6558380753047,928.8228879868984,1471.7273645076773,1724.2449787259102,Left,0.913992702960968
229,9160.0,22.948888888888888,1,1535.6007385253906,929.1120958328247,1471.541976928711,1727.3505020141602,Left,0.8731971383094788,1,1535.9147994208029,930.1777991652489,1473.0641055358672,1729.0761092305183,Left,0.8449251651763916
230,9200.000000000002,23.072222222222223,1,1515.7627487182617,931.8162775039673,1476.9713973999023,1734.596586227417,Left,0.7877326011657715,1,1519.8199736135646,932.946200966835,1477.3702435868008,1733.0820018053055,Left,0.8438702821731567
231,9240.0,23.105555555555554,1,1515.0091552734375,933.7996745109558,1475.4591751098633,1741.7803573608398,Left,0.8691835403442383,1,1510.1986921965586,935.401464253664,1479.9314990831847,1741.9882741570473,Left,0.8040271401405334
232,9280.000000000002,23.127777777777776,1,1538.5124588012695,948.6606359481812,1459.617691040039,1736.925344467163,Left,0.9078148007392883,1,1507.6532571844032,939.8619228601456,1474.4988256993356,1741.1687895655632,Left,0.8630342483520508
233,9320.0,23.036666666666665,1,1496.2126922607422,939.2165994644165,1472.6303100585938,1741.6832828521729,Left,0.8241768479347229,1,1514.3605582180223,940.5254396796227,1466.034462136093,1738.3664953708649,Left,0.8908718228340149
234,9360.000000000002,23.006666666666668,1,1506.3236618041992,939.4544577598572,1476.053237915039,1743.7499141693115,Left,0.8550229072570801,1,1499.1361736552517,937.4774779379368,1468.43400711471,1744.2026817798615,Left,0.827126145362854
235,9400.0,23.01222222222222,1,1500.9820175170898,940.9024000167847,1471.7277145385742,1746.7691373825073,Left,0.8380377888679504,1,1503.0908003222341,938.8528396189213,1479.1300477344294,1751.7826527357101,Left,0.8639053106307983
236,9440.000000000002,22.975555555555555,1,1499.0283966064453,938.4797859191895,1479.8904418945312,1750.134687423706,Left,0.8832315802574158,1,1503.7558449390765,939.3562567234039,1466.2575219748028,1753.1084311008453,Left,0.8563191294670105
237,9480.0,23.015555555555554,1,1502.1286010742188,937.9657030105591,1468.9677429199219,1749.1061353683472,Left,0.8032855987548828,1,1508.6708918545758,935.6385540962219,1472.0995953326208,1753.4526899456978,Left,0.8867387771606445
238,9520.000000000002,22.99111111111111,1,1504.9283981323242,933.9548134803772,1472.6251602172852,1747.8399181365967,Left,0.907194197177887,1,1514.6097308446206,936.0896158218384,1459.25003624186,1753.8542729616165,Left,0.9020054340362549
239,9560.0,23.02888888888889,1,1516.6949844360352,939.2536783218384,1463.2154846191406,1755.5344247817993,Left,0.8894115090370178,1,1504.749793827464,937.1107287704945,1464.6046409293888,1759.6377378702164,Left,0.8414977788925171
240,9600.000000000002,23.00888888888889,1,1513.037109375,937.483549118042,1454.3761825561523,1756.312952041626,Left,0.907669723033905,1,1509.0738647568269,934.2818646132946,1481.417096485706,1763.8645586371422,Left,0.8784929513931274
241,9640.0,22.982222222222223,1,1518.5688400268555,935.070333480835,1456.713638305664,1758.7292575836182,Left,0.8780277371406555,1,1517.6774665591026,934.1143378615379,1459.6907176278262,1767.1396726369858,Left,0.8978248834609985
242,9680.000000000002,22.97888888888889,1,1513.505859375,934.9113965034485,1468.4153366088867,1765.2662086486816,Left,0.8868039846420288,1,1518.5457954093692,937.4939534068108,1464.4729533760099,1765.120041668415,Left,0.8835461735725403
243,9720.0,23.006666666666668,1,1518.812141418457,936.0501551628113,1465.5253601074219,1762.0923614501953,Left,0.8678037524223328,1,1512.4360322672765,929.3203948438168,1463.8679546879437,1771.732196509838,Left,0.862759530544281
244,9760.000000000002,22.996666666666666,1,1515.138931274414,928.9640378952026,1471.1983108520508,1769.0873908996582,Left,0.8848856687545776,1,1510.7813534395636,932.4787160754204,1473.374222982391,1769.9855875968933,Left,0.8607614636421204
245,9800.0,22.944444444444443,1,1523.6397171020508,930.0031471252441,1451.1625671386719,1766.3539838790894,Left,0.8895365595817566,1,1516.9135439158324,925.3973503410816,1475.0495763065387,1773.1951135396957,Left,0.8651746511459351
246,9840.000000000002,22.97222222222222,1,1526.6267395019531,931.1394596099854,1469.1230392456055,1775.6678581237793,Left,0.8765631914138794,1,1524.431330154258,932.4187244474888,1466.1354076121645,1769.6630868315697,Left,0.846653938293457
247,9880.0,23.051111111111112,1,1523.2482147216797,928.0859899520874,1458.266944885254,1770.7919883728027,Left,0.8663309812545776,1,1514.7438004595454,930.8107186853886,1472.4144769022362,1766.4854657649994,Left,0.8349065780639648
248,9920.0,23.105555555555554,1,1517.533836364746,930.1200485229492,1467.0097732543945,1772.681336402893,Left,0.8635987639427185,1,1520.7575170823307,924.1896200180054,1479.182138476534,1768.7679719924927,Left,0.8625533580780029
249,9960.0,23.112222222222222,1,1522.2504043579102,925.2699279785156,1471.7119216918945,1770.3099632263184,Left,0.8362928032875061,1,1525.7954424179452,927.7790232002735,1461.0730324372876,1768.942350447178,Left,0.8338403105735779
250,10000.0,23.066666666666666,1,1511.4867782592773,923.9093399047852,1471.692237854004,1779.77472782135,Left,0.8602914214134216,1,1527.672327137776,927.5452807545662,1470.4037922348255,1767.9545545578003,Left,0.8462998867034912
251,10040.000000000002,23.063333333333333,1,1528.39599609375,922.3909091949463,1478.8279724121094,1768.4936141967773,Left,0.847270667552948,1,1511.386756628647,921.9196665287018,1471.7368028647454,1779.5632222294807,Left,0.848052978515625
252,10080.0,23.073333333333334,1,1516.6156768798828,919.3871355056763,1481.964225769043,1780.5774593353271,Left,0.9240279197692871,1,1528.7289287392728,924.6340915560722,1482.742421596299,1776.3222098350525,Left,0.8921225666999817
253,10120.000000000002,23.15222222222222,1,1533.7233352661133,924.9897122383118,1458.2200241088867,1769.3381881713867,Left,0.8732939958572388,1,1531.0481577936957,923.4244260191917,1466.7676427020558,1775.0462239980698,Left,0.8866132497787476
254,10160.0,23.122222222222224,1,1526.5996170043945,920.6550908088684,1476.0246276855469,1777.3239183425903,Left,0.8735535144805908,1,1534.8436807272442,922.9942332208157,1466.8023399004203,1776.6227433085442,Left,0.8810265064239502
255,10200.000000000002,23.09777777777778,1,1533.9248657226562,919.155650138855,1465.685920715332,1779.2216348648071,Left,0.8648439645767212,1,1547.7868143866517,928.9932391047478,1465.1316608102493,1773.9752662181854,Left,0.8801343441009521
256,10240.0,23.072222222222223,1,1543.7471008300781,920.9364652633667,1466.7820358276367,1780.7936239242554,Left,0.879386842250824,1,1535.0531223650414,917.6901783049107,1469.1140632137465,1778.30522865057,Left,0.8606474995613098
257,10280.000000000002,23.066666666666666,1,1537.0880126953125,919.1882228851318,1457.8108978271484,1771.8910932540894,Left,0.8943728804588318,1,1540.035631061299,918.6240497231483,1465.9125275516844,1777.24117487669,Left,0.8974518775939941
258,10320.0,23.087777777777777,1,1544.9418640136719,916.2510752677917,1476.2101364135742,1776.4573287963867,Left,0.887795627117157,1,1546.2284068010338,915.9186731278896,1468.129058292295,1777.4444246292114,Left,0.9175170660018921
259,10360.000000000002,23.067777777777778,1,1579.8730087280273,904.9951314926147,1470.124626159668,1756.828064918518,Left,0.9074220061302185,1,1585.0577628346987,906.1429667472839,1470.2888240568243,1752.119589149952,Left,0.9090632200241089
260,10400.0,23.115555555555556,1,1665.3343963623047,934.0731954574585,1491.1422729492188,1747.1135330200195,Left,0.8363895416259766,1,1666.304758481096,933.9800235629082,1496.4231853328583,1741.193790435791,Left,0.8667156100273132
261,10440.000000000002,23.128888888888888,1,1735.4118347167969,905.7194566726685,1495.8443069458008,1716.8283462524414,Left,0.9835001826286316,1,1745.9729417127853,914.414332062006,1500.2888217760558,1719.2679226398468,Left,0.9777241349220276
262,10480.0,23.16111111111111,1,1967.8475189208984,1581.5035200119019,1448.2778549194336,1790.1944017410278,Left,0.7359633445739746,1,1959.0721675966718,1514.3275254964828,1450.2787879595023,1788.982692360878,Left,0.7588909268379211
263,10520.000000000002,23.147777777777776,1,1987.9115295410156,1630.748233795166,1452.6951599121094,1815.1549100875854,Left,0.7603114247322083,1,1989.8289867190936,1652.5374618172646,1449.1621404292296,1811.6681054234505,Left,0.7469918727874756
264,10560.0,23.15,1,1968.0409240722656,1652.0737266540527,1433.0973815917969,1820.0069618225098,Left,0.706327497959137,1,1936.7837121031068,1627.667035460472,1437.7384923686736,1821.324299275875,Left,0.6486213803291321
265,10600.000000000002,23.182222222222222,1,1912.5709533691406,1532.9272556304932,1433.3031463623047,1815.7483005523682,Left,0.7527362108230591,1,1898.041144009911,1586.7833948135376,1444.2868245025313,1827.792516052723,Left,0.7390797138214111
266,10640.0,23.156666666666666,1,1973.8886260986328,1634.2318439483643,1454.3928909301758,1827.5683450698853,Left,0.7337415218353271,1,2008.692217488082,1533.323270380497,1445.368640000767,1822.175270318985,Left,0.8473232984542847
267,10680.000000000002,23.335555555555555,1,2043.2363891601562,1093.1123971939087,1461.112174987793,1820.0049018859863,Left,0.923094630241394,1,2042.1611709863053,1100.0187528133392,1464.8055431012672,1825.3432676196098,Left,0.9261475205421448
268,10720.0,23.33,1,2089.852752685547,1141.2171936035156,1433.0807876586914,1838.991208076477,Left,0.830295979976654,1,2096.6670538308613,1128.8702800869942,1456.5667562719527,1810.43594956398,Left,0.9074380397796631
269,10760.000000000002,23.38,0,,,,,,,1,2125.283792904924,1174.040262401104,1429.1992062281333,1839.775359928608,Left,0.8398424983024597
270,10800.0,23.371111111111112,1,2154.023208618164,1199.749517440796,1500.2513122558594,1666.1048555374146,Left,0.5104213953018188,1,2155.668111535058,1211.4275993406773,1420.1080908110105,1852.5580224394798,Left,0.8355733156204224
271,10840.000000000002,23.26888888888889,1,2173.2366943359375,1241.2386989593506,1470.8448028564453,1736.8340635299683,Left,0.7771528959274292,1,2167.929076701228,1241.671852916479,1422.8593269518085,1846.38678252697,Left,0.8259291648864746
272,10880.0,23.26888888888889,1,2201.3907623291016,1278.2932233810425,1444.4543838500977,1802.4376344680786,Left,0.63054358959198,1,2172.1079317654144,1272.8767047822475,1438.9705125779647,1836.1682260036469,Left,0.5678473711013794
273,10920.000000000002,23.285555555555554,1,2182.8101348876953,1290.8072090148926,1426.8910217285156,1832.7378845214844,Right,0.5091793537139893,1,2182.675475895335,1283.2251298427582,1439.461531868294,1843.3746483922005,Right,0.505183219909668
274,10960.0,23.32888888888889,1,2188.5580444335938,1302.095274925232,1441.9801712036133,1832.5846767425537,Right,0.5191313028335571,1,2181.5779298019856,1297.0377445220947,1437.3834303646825,1842.909360229969,Right,0.6279712915420532
275,11000.000000000002,23.244444444444444,1,2183.7625122070312,1304.4784927368164,1457.6948547363281,1830.5157279968262,Right,0.5686172246932983,1,2188.099295201363,1302.2175273299217,1456.4446868538716,1839.0553557872772,Right,0.5274684429168701
276,11040.000000000002,23.216666666666665,1,2191.4994049072266,1312.3868465423584,1470.5252838134766,1825.8566665649414,Right,0.6488747000694275,1,2195.0826906515035,1304.3801549077034,1459.423746956471,1844.9657079577446,Right,0.6275203227996826
277,11080.0,23.18888888888889,1,2193.2169342041016,1331.0322332382202,1473.2173919677734,1826.69029712677,Right,0.6219918727874756,1,2193.667116869516,1329.1067478060722,1469.9638749063365,1841.1230009794235,Right,0.6664373874664307
278,11120.000000000002,23.163333333333334,1,2193.258590698242,1344.2897272109985,1483.8920974731445,1827.2072124481201,Right,0.7066006660461426,1,2186.9627372321324,1341.4670106768608,1477.5258416447523,1837.0619809627533,Right,0.7118253707885742
279,11160.0,68.14888888888889,1,2182.367706298828,1346.2569665908813,1493.122787475586,1821.0580444335938,Right,0.7016044855117798,1,2186.4590885211546,1349.6947029232979,1483.702662066586,1827.842413187027,Right,0.7028510570526123
280,11200.000000000002,195.11777777777777,1,2185.151138305664,1344.5331859588623,1484.9901580810547,1818.8412952423096,Right,0.6454967260360718,1,2175.7637220697975,1340.2660274505615,1500.590624479448,1823.2139047980309,Right,0.6631637811660767
281,11240.0,195.36555555555555,1,2176.10595703125,1322.3577117919922,1495.7457733154297,1807.933030128479,Right,0.6287099123001099,1,2178.5855211658186,1320.7058277726173,1485.8715965208387,1812.3506605625153,Right,0.7438566088676453
282,11280.000000000002,142.28222222222223,1,2169.7533416748047,1279.4422817230225,1484.2300415039062,1785.139446258545,Right,0.564653217792511,1,2163.254752835523,1275.506555736065,1500.2879228849065,1785.3035894036293,Right,0.5469414591789246
283,11320.0,24.475555555555555,1,2131.3130950927734,1193.5300540924072,1498.370704650879,1778.2062149047852,Left,0.6419898271560669,1,2129.7111913719045,1190.7375486195087,1500.0425256011354,1772.9815077781677,Left,0.6411702036857605
284,11360.000000000002,23.905555555555555,1,2003.2239532470703,1093.9228534698486,1492.763557434082,1752.770118713379,Left,0.9846739768981934,1,2006.242739106119,1082.0591841638088,1491.6936246060263,1757.5325390696526,Left,0.9836099147796631
285,11400.0,23.543333333333333,0,,,,,,,0,,,,,,
286,11440.000000000002,23.16777777777778,0,,,,,,,0,,,,,,
287,11480.0,22.682222222222222,1,1680.1520919799805,922.1726846694946,1476.5016174316406,1692.856092453003,Left,0.9519634246826172,1,1673.5857767907844,933.5353951156139,1498.4629940735078,1672.7492532134056,Left,0.9593070149421692
288,11520.000000000002,22.455555555555556,1,1667.5947189331055,938.0643224716187,1488.4041595458984,1709.2359352111816,Left,0.8888967037200928,1,1656.0881414558796,940.3792002797127,1490.0475301887898,1685.6207263469696,Left,0.9363269209861755
289,11560.0,22.281111111111112,1,1617.2582244873047,947.7556157112122,1486.860008239746,1693.4462642669678,Left,0.9075103402137756,1,1648.624423520087,948.0196335911751,1491.6510171655473,1696.7626413702965,Left,0.8441030979156494
290,11600.000000000002,22.442222222222224,1,1611.3439178466797,947.315239906311,1488.1690979003906,1698.3866357803345,Left,0.8783316016197205,1,1607.6500884812992,950.1969060301781,1483.30297011703,1693.1958854198456,Left,0.8858586549758911
291,11640.0,22.601111111111113,1,1602.3431396484375,950.6025123596191,1490.486068725586,1700.8983421325684,Left,0.8916728496551514,1,1598.6769974720855,945.8226428925991,1490.70835001723,1699.0462982654572,Left,0.8897328972816467
292,11680.000000000002,22.712222222222223,1,1588.227882385254,953.2519769668579,1492.2775268554688,1709.244818687439,Left,0.8847675919532776,1,1587.601534898228,950.5326394736767,1492.85710436518,1703.7046194076538,Left,0.892203152179718
293,11720.0,22.84,1,1571.2046813964844,948.451681137085,1488.0317687988281,1711.936640739441,Left,0.8575170636177063,1,1573.5528100696845,952.4946324527264,1496.1403492327172,1709.0505167841911,Left,0.8582602143287659
294,11760.000000000002,22.872222222222224,1,1561.1342239379883,949.5796251296997,1485.1119232177734,1718.8053703308105,Left,0.8147333860397339,1,1559.310239364785,950.2029731869698,1489.3996094483423,1714.4707891345024,Left,0.8433612585067749
295,11800.0,22.982222222222223,1,1555.1506805419922,952.4251699447632,1483.7238693237305,1721.1585903167725,Left,0.7512951493263245,1,1554.9744828504806,951.929497718811,1485.2460132254525,1718.3810716867447,Left,0.7849137783050537
296,11840.000000000002,22.936666666666667,1,1552.0883560180664,952.3439311981201,1485.6104278564453,1719.5029163360596,Left,0.7488313913345337,1,1552.447025661312,950.7067564129829,1489.25893298347,1718.5493829846382,Left,0.8084108233451843
297,11880.0,22.92,1,1551.5711975097656,950.575475692749,1486.7337799072266,1720.8040237426758,Left,0.7880756258964539,1,1552.6609168102984,951.1057242751122,1489.5358364020256,1718.3260488510132,Left,0.7869073748588562
298,11920.000000000002,22.924444444444443,1,1555.4760360717773,950.0645470619202,1484.776268005371,1719.2673110961914,Left,0.7916269302368164,1,1555.4626706336894,950.9565559029579,1491.336135595932,1718.4946739673615,Left,0.7907801270484924
299,11960.0,22.91888888888889,1,1562.0317840576172,948.2676386833191,1481.4644622802734,1717.7201700210571,Left,0.848048746585846,1,1558.6507678730686,949.6212583780289,1487.7127053729255,1719.9562311172485,Left,0.8064259886741638
300,12000.000000000002,22.91,1,1560.0956726074219,947.362232208252,1482.6603698730469,1721.5775299072266,Left,0.7742209434509277,1,1560.8822202067581,951.1213105916977,1487.816841912577,1719.8807054758072,Left,0.7776753902435303
301,12040.000000000002,22.891111111111112,1,1569.1450881958008,946.8473768234253,1479.4500732421875,1720.7997751235962,Left,0.777523398399353,1,1564.088654825584,951.0264328122139,1485.8105168672407,1718.47804158926,Left,0.7646008133888245
302,12080.000000000002,22.904444444444444,1,1570.0613021850586,951.4248132705688,1480.5037307739258,1719.4745922088623,Left,0.7600088715553284,1,1565.6058482520045,951.1061950027943,1485.1643040199772,1714.1869926452637,Left,0.8073027729988098
303,12120.000000000002,22.846666666666668,1,1567.8561401367188,945.9238815307617,1484.8382949829102,1724.5798873901367,Left,0.7811115980148315,1,1571.539428728826,946.2960380315781,1487.2917546476876,1716.3694953918457,Left,0.7441783547401428
304,12160.0,22.90222222222222,1,1633.3355712890625,937.4653959274292,1483.4266662597656,1710.1605892181396,Left,0.8592893481254578,1,1630.0335567693498,942.1480903029442,1477.8238690053172,1698.7515181303024,Left,0.8756449222564697
305,12200.000000000002,22.905555555555555,1,1679.736557006836,947.2412109375,1474.2523956298828,1703.3671760559082,Left,0.9471758604049683,1,1675.7820375359772,943.0806541442871,1474.0823694298444,1705.1393973827362,Left,0.9576859474182129
306,12240.0,22.927777777777777,1,1720.5306243896484,932.6808071136475,1487.5662231445312,1711.747899055481,Left,0.9789180755615234,1,1716.8328682115741,931.9113323092461,1497.111151674009,1723.698516190052,Left,0.9782629609107971
307,12280.000000000002,22.923333333333332,0,,,,,,,0,,,,,,
308,12320.0,22.973333333333333,0,,,,,,,0,,,,,,
309,12360.000000000002,22.99222222222222,0,,,,,,,1,2006.8607267712932,1088.484146296978,1470.2485087887762,1660.0415933132172,Left,0.9322040677070618
310,12400.0,22.976666666666667,0,,,,,,,1,2061.721581730725,1150.1624438166618,1460.8835911275632,1722.7695089578629,Left,0.8751273155212402
311,12440.000000000002,22.977777777777778,0,,,,,,,0,,,,,,
312,12480.0,23.153333333333332,1,2101.127471923828,1236.7409563064575,1465.5459594726562,1744.0460300445557,Left,0.688084065914154,1,2105.023505511625,1223.8549147546291,1496.61640198541,1704.906857907772,Left,0.7159268856048584
313,12520.000000000002,23.214444444444446,1,2103.625030517578,1250.1329898834229,1449.591293334961,1815.8546447753906,Left,0.6871136426925659,1,2104.907728331589,1242.1074329316616,1462.8987253061632,1750.2912828326225,Left,0.7548474073410034
314,12560.0,23.213333333333335,1,2117.878189086914,1267.981824874878,1418.2127380371094,1860.46875,Left,0.5765995979309082,1,2116.651471530427,1257.1339496970177,1436.6762726974935,1815.8514100313187,Left,0.6885741949081421
315,12600.000000000002,23.175555555555555,1,2101.233444213867,1282.4452829360962,1417.8076171875,1878.281021118164,Right,0.5307790040969849,1,2111.631344239569,1267.8779429197311,1423.2157372925235,1846.358538866043,Left,0.6842762231826782
316,12640.0,23.144444444444446,1,2123.317108154297,1294.3204307556152,1417.7801513671875,1861.4161920547485,Right,0.5112569332122803,1,2121.338020315763,1289.8638546466827,1416.6190448148309,1855.929583311081,Left,0.5200003385543823
317,12680.000000000002,23.074444444444445,1,2121.847457885742,1297.0988988876343,1427.2248458862305,1837.9264783859253,Right,0.5681087970733643,1,2122.1448650114144,1293.3138701319695,1419.2933808178025,1871.3444504141808,Left,0.520264744758606
318,12720.0,23.094444444444445,1,2120.969696044922,1301.41845703125,1434.0113067626953,1815.788083076477,Left,0.5326581597328186,1,2130.3718763666725,1309.5664232969284,1421.5571033437534,1844.3891188502312,Right,0.5874423980712891
319,12760.000000000002,23.125555555555554,1,2120.478286743164,1297.1708679199219,1439.2467498779297,1809.616641998291,Right,0.5571742653846741,1,2121.947378625903,1303.2703882455826,1429.180599181342,1821.9293412566185,Right,0.6324502825737
320,12800.0,177.85666666666665,1,2123.800506591797,1297.8673839569092,1447.0783996582031,1821.4257431030273,Right,0.6624990105628967,1,2115.199672435121,1301.8433511257172,1443.9930668749255,1823.085343837738,Right,0.6644318103790283
321,12840.000000000002,197.21777777777777,1,2123.1097412109375,1281.62362575531,1449.8373413085938,1825.70152759552,Right,0.6656596064567566,1,2120.165596589673,1283.889692723751,1452.4201264554702,1827.6464858651161,Right,0.6918472051620483
322,12880.0,29.634444444444444,1,2103.351287841797,1250.0466012954712,1441.5752792358398,1822.6389169692993,Left,0.706619381904602,1,2104.759950626637,1251.076207458973,1442.778709876719,1819.1011047363281,Left,0.6630837321281433
323,12920.000000000002,23.33888888888889,0,,,,,,,0,,,,,,
324,12960.0,23.19,0,,,,,,,0,,,,,,
325,13000.000000000002,23.01222222222222,0,,,,,,,0,,,,,,
326,13040.000000000002,22.794444444444444,1,1807.3228454589844,1219.1682815551758,1464.9984741210938,1726.2275791168213,Left,0.739995002746582,0,,,,,,
327,13080.000000000002,22.586666666666666,1,1710.1441955566406,953.2680702209473,1489.6820068359375,1727.1192741394043,Left,0.9522811770439148,1,1700.7219522527625,936.1462077498436,1502.4887679749609,1694.09612596035,Left,0.8945081233978271
328,13120.000000000002,22.384444444444444,1,1666.2619400024414,941.5132999420166,1494.8196029663086,1714.1304731369019,Left,0.963150143623352,1,1668.6212908620712,946.8576684594154,1489.9834392498415,1708.5412940382957,Left,0.9248381853103638
329,13160.000000000002,22.226666666666667,1,1627.9071807861328,935.3171396255493,1488.372688293457,1694.7163438796997,Left,0.9576305747032166,1,1625.837353105981,941.6027784347534,1490.0742722004827,1701.218340396881,Left,0.9066706299781799
330,13200.000000000002,22.165555555555557,1,1597.8852081298828,937.180609703064,1489.9995803833008,1703.8852500915527,Left,0.952426552772522,1,1596.113674526058,939.6958082914352,1491.9827079996553,1715.288390815258,Left,0.9016894698143005
331,13240.0,22.19333333333333,1,1572.7678298950195,935.463330745697,1485.5084609985352,1717.5691509246826,Left,0.9173861145973206,1,1567.512216601534,934.3063947558403,1489.5505782168748,1722.624734044075,Left,0.8727070093154907
332,13280.000000000002,22.32111111111111,1,1550.1797103881836,938.5451889038086,1484.4305419921875,1732.7884769439697,Left,0.9185842275619507,1,1550.3243841012504,933.8123399019241,1478.1997403394155,1733.0755162239075,Left,0.8973448872566223
333,13320.0,22.51222222222222,1,1540.1712799072266,934.7396492958069,1476.2591171264648,1739.0387105941772,Left,0.8740880489349365,1,1541.5084192649422,935.6672161817551,1477.0555417954154,1739.3540820479393,Left,0.8789659738540649
334,13360.000000000002,22.697777777777777,1,1524.6760940551758,937.2707319259644,1479.7544860839844,1744.3869495391846,Left,0.8080767393112183,1,1527.7751153407035,937.8692802786827,1474.6720420238141,1745.0437152385712,Left,0.8625360727310181
335,13400.0,22.817777777777778,1,1526.627082824707,936.9007158279419,1485.0360488891602,1746.1649322509766,Left,0.8592149019241333,1,1523.3171545746459,937.9317824542522,1480.673309004181,1747.4634647369385,Left,0.8336385488510132
336,13440.000000000002,22.845555555555556,1,1524.7319412231445,936.9344472885132,1479.668083190918,1748.5086250305176,Left,0.8205496072769165,1,1532.5088559113801,936.2423931062222,1479.8986446116762,1747.675187587738,Left,0.8535900115966797
337,13480.0,22.817777777777778,1,1542.7066040039062,930.4486083984375,1476.943359375,1747.903389930725,Left,0.9020432233810425,1,1533.870810836309,935.5453500151634,1479.0669455757454,1749.092600941658,Left,0.8266221880912781
338,13520.000000000002,22.8,1,1541.122169494629,935.8662414550781,1465.308494567871,1750.3736400604248,Left,0.8900934457778931,1,1542.6148194361124,935.8131417632103,1477.5123133329546,1751.2456047534943,Left,0.8534506559371948
339,13560.0,22.817777777777778,1,1555.2779388427734,937.7572631835938,1462.5612258911133,1752.3298072814941,Left,0.9124945402145386,1,1547.182130310488,932.7030439674854,1473.8713547325358,1754.5685237646103,Left,0.881158709526062
340,13600.000000000002,22.842222222222222,1,1544.8361206054688,929.0970969200134,1475.8138275146484,1755.137243270874,Left,0.9008191823959351,1,1564.2656015483324,942.0163911581039,1459.5439736476956,1755.242605805397,Left,0.9160363674163818
341,13640.0,22.904444444444444,1,1561.4590072631836,932.8642702102661,1471.819725036621,1753.5436248779297,Left,0.9201077818870544,1,1554.5127224670625,927.3493534326553,1477.6978894107367,1754.9432229995728,Left,0.8836073279380798
342,13680.000000000002,22.913333333333334,1,1614.5495223999023,934.1805696487427,1467.1683883666992,1734.8463535308838,Left,0.9308879375457764,1,1607.6391669538348,932.7821262180805,1477.5608534550192,1733.8421747088432,Left,0.9216399192810059
343,13720.0,23.002222222222223,1,1599.869270324707,936.716673374176,1488.8941955566406,1731.462779045105,Left,0.9049763679504395,1,1607.3124200210482,937.136304974556,1481.8079343574407,1733.805771768093,Left,0.9228155612945557
344,13760.000000000002,22.99888888888889,1,1634.856834411621,940.7102465629578,1470.6325149536133,1712.453556060791,Left,0.9305640459060669,1,1623.690306651215,935.4188288748264,1475.4554256604677,1724.5920619368553,Left,0.9108254909515381
345,13800.0,22.975555555555555,1,1677.978286743164,940.7015562057495,1486.7963790893555,1717.5110864639282,Left,0.9293414950370789,1,1677.405165284348,944.4801798462868,1479.8682620908282,1722.6730620861053,Left,0.9505664110183716
346,13840.000000000002,22.985555555555557,1,1707.4812698364258,937.9983401298523,1486.2540435791016,1716.4318084716797,Left,0.9580667018890381,1,1711.57471454437,941.5371903777122,1492.369186249316,1725.2177113294601,Left,0.9658092856407166
347,13880.0,22.94,1,1727.4002838134766,949.6849393844604,1495.924072265625,1719.7557735443115,Left,0.976039707660675,1,1712.024339897272,947.5758419930935,1495.4005618168069,1717.2364711761475,Left,0.9688166379928589
348,13920.000000000002,22.965555555555557,1,1745.5106735229492,959.7147703170776,1496.1738967895508,1722.5735092163086,Left,0.9767601490020752,1,1751.894836604665,960.8897468447685,1501.4034468012426,1727.1558541059494,Left,0.980280876159668
349,13960.0,23.02888888888889,1,1957.6780700683594,1561.1472272872925,1449.8273849487305,1770.9410762786865,Left,0.6432375907897949,1,1930.7369612305833,1448.6206358671188,1454.3010112409156,1761.4395788311958,Left,0.763131856918335
350,14000.000000000002,23.037777777777777,1,2001.8119812011719,1654.2156744003296,1436.2266540527344,1819.3372249603271,Left,0.7388156652450562,1,1951.8281836023364,1532.1733349561691,1444.5390533590373,1800.7226407527924,Left,0.7731150388717651
351,14040.000000000002,23.003333333333334,1,1951.2918090820312,1652.5154542922974,1423.260269165039,1834.2730522155762,Left,0.7767964005470276,1,1986.9205345162752,1669.0220314264297,1419.4158547369007,1823.7044030427933,Left,0.8213140368461609
352,14080.000000000002,22.98111111111111,1,1998.2954406738281,1657.0726776123047,1413.933334350586,1854.5401239395142,Left,0.9397274255752563,1,1979.5377617284812,1655.0056439638138,1410.9149512484373,1838.5582673549652,Left,0.8991183042526245
353,14120.000000000002,22.982222222222223,1,1959.7604370117188,1623.443055152893,1379.4287109375,1839.5462322235107,Left,0.9228648543357849,1,1920.116562301081,1590.001393854618,1386.646598109327,1842.1116337180138,Left,0.923209547996521
354,14160.000000000002,23.038888888888888,1,1982.3934173583984,1646.9836235046387,1387.957534790039,1835.726466178894,Left,0.957924485206604,1,1988.830228763057,1640.7408168911934,1387.7463015414346,1833.351600766182,Left,0.9688313007354736
355,14200.000000000002,23.122222222222224,1,1942.9664611816406,1598.2873678207397,1386.2688446044922,1822.587547302246,Left,0.9602364897727966,1,2024.5603429474556,1589.0151670575142,1375.9817040679322,1826.9495996832848,Left,0.9496079087257385
356,14240.000000000002,23.245555555555555,1,1963.567886352539,1470.5904865264893,1386.6357421875,1812.1045303344727,Left,0.9471482038497925,0,,,,,,
357,14280.000000000002,23.343333333333334,0,,,,,,,0,,,,,,
358,14320.0,23.31888888888889,1,2068.572235107422,1328.9873600006104,1416.2416076660156,1791.0638236999512,Left,0.6204502582550049,1,2062.1954771446594,1310.139246582985,1469.4170344756328,1734.7494238615036,Left,0.879152238368988
359,14360.000000000002,23.274444444444445,1,2060.913848876953,1352.9556226730347,1415.1766204833984,1824.4273281097412,Right,0.511389970779419,1,2068.8003495318108,1346.9462808966637,1432.0915682793782,1757.2308549284935,Left,0.8262354731559753
360,14400.0,23.25888888888889,1,2078.844451904297,1377.3448848724365,1412.134780883789,1836.548252105713,Right,0.6274330019950867,1,2075.1902071560394,1350.3536170721054,1422.163585202216,1813.2449385523796,Left,0.6559706330299377
361,14440.000000000002,23.25,1,2082.9299926757812,1402.0672130584717,1398.3570098876953,1842.1862983703613,Right,0.6384097933769226,1,2084.4780898457534,1395.6316575407982,1402.6367030976664,1820.792063176632,Right,0.5135464668273926
362,14480.0,23.265555555555554,1,2081.4404296875,1412.3460388183594,1400.3733444213867,1845.9164571762085,Right,0.7111903429031372,1,2083.4567697218686,1400.2148714661598,1403.440581452525,1826.3857725262642,Right,0.5287157297134399
363,14520.000000000002,196.67555555555555,1,2098.675003051758,1409.2630863189697,1404.543228149414,1848.9622020721436,Right,0.6490060687065125,1,2094.5711992270503,1406.1803510785103,1406.508227277892,1835.2529221773148,Right,0.7064957618713379
364,14560.0,196.71555555555557,1,2081.278610229492,1387.3720121383667,1393.1792449951172,1855.9397220611572,Left,0.5027719736099243,1,2087.4294191563954,1387.6286593079567,1400.5856582176505,1844.5040810108185,Left,0.510481595993042
365,14600.000000000002,150.34555555555556,0,,,,,,,0,,,,,,
366,14640.0,24.23111111111111,1,1906.823387145996,1309.7578525543213,1434.953384399414,1682.0406532287598,Left,0.7812274098396301,1,2051.3416361836726,1220.5104991793633,1460.9721319057737,1717.9745721817017,Left,0.7565822005271912
367,14680.000000000002,23.384444444444444,1,1975.5091094970703,1134.6291303634644,1490.6366729736328,1675.081672668457,Left,0.9753875136375427,0,,,,,,
368,14720.0,23.043333333333333,0,,,,,,,0,,,,,,
369,14760.000000000002,22.703333333333333,1,1758.0047607421875,978.5159397125244,1476.0017395019531,1730.288486480713,Left,0.8886067867279053,1,1770.2672728061118,979.0920540690422,1465.7367943319878,1699.8212206363678,Left,0.9282901287078857
370,14800.0,22.357777777777777,1,1714.4556427001953,981.4696311950684,1489.6660995483398,1733.2739782333374,Left,0.959229588508606,1,1702.6009943113518,959.7147582471371,1475.6167316772176,1717.8587731719017,Left,0.9393550157546997
371,14840.000000000002,22.20111111111111,1,1635.186996459961,938.8504457473755,1471.819839477539,1723.2236766815186,Left,0.9631617069244385,1,1648.0531332501214,948.3874288201332,1460.0722969207227,1724.2513597011566,Left,0.965379536151886
372,14880.0,22.053333333333335,1,1594.2653274536133,934.857451915741,1465.8023071289062,1732.632179260254,Left,0.9461884498596191,1,1588.990726224982,927.9876078665257,1471.766780884576,1732.3520600795746,Left,0.9559457898139954
373,14920.000000000002,22.244444444444444,1,1572.4481964111328,931.1316061019897,1461.998062133789,1737.6204442977905,Left,0.9492504596710205,1,1572.9959470026658,932.1881201863289,1453.8813189632867,1737.2020196914673,Left,0.9645220041275024
374,14960.0,22.461111111111112,1,1553.6842346191406,934.2967629432678,1448.7174224853516,1753.3002948760986,Left,0.940044641494751,1,1559.8045396078094,935.1562151312828,1449.6860591356249,1744.346306025982,Left,0.9578077793121338
375,15000.000000000002,22.691111111111113,1,1539.9732971191406,932.4672174453735,1458.0070495605469,1756.6480779647827,Left,0.908266007900238,1,1543.3777083545608,936.1122630536556,1449.2526587679686,1756.2131416797638,Left,0.945827841758728
376,15040.000000000002,22.97111111111111,1,1533.8064193725586,932.7190446853638,1466.6473388671875,1766.8456649780273,Left,0.9363234639167786,1,1536.213995339862,935.3045466542244,1455.425703846975,1761.228902041912,Left,0.9153873920440674
377,15080.000000000002,23.121111111111112,1,1539.1939544677734,936.975839138031,1444.050064086914,1764.1812658309937,Left,0.90401291847229,1,1532.4022024765104,933.2783254981041,1465.4660483178052,1762.6583451032639,Left,0.9153937697410583
378,15120.000000000002,23.19,1,1533.0960845947266,931.2302255630493,1460.526008605957,1773.0718231201172,Left,0.9346209168434143,1,1533.6410542585365,937.2379821538925,1457.1216417784428,1768.7111708521843,Left,0.928479015827179
379,15160.000000000002,23.19,1,1545.8708953857422,934.2770648002625,1446.8768692016602,1778.3059930801392,Left,0.9421670436859131,1,1545.0838936451312,936.8585756421089,1443.53463238876,1768.4199473261833,Left,0.9505420923233032
380,15200.000000000002,23.232222222222223,1,1538.5370635986328,932.5355815887451,1451.3436126708984,1782.9680156707764,Left,0.9245370626449585,1,1531.6608869456463,933.7092505395412,1456.6336337734638,1772.601892054081,Left,0.8697376847267151
381,15240.000000000002,23.27888888888889,1,1553.4990692138672,919.0200805664062,1459.4436264038086,1778.5251188278198,Left,0.9290810823440552,1,1545.9395031856345,923.2543887197971,1459.838090831761,1766.4011532068253,Left,0.938123881816864
382,15280.000000000002,23.3,1,1679.5756530761719,1018.5746240615845,1484.787483215332,1751.0048818588257,Left,0.9176807403564453,1,1651.0414069870012,950.2976417541504,1466.4364912026374,1751.3826388120651,Left,0.9217849373817444
383,15320.000000000002,23.295555555555556,1,1708.3140563964844,905.0566077232361,1472.8131866455078,1683.2100534439087,Left,0.9845480918884277,1,1702.5867918311922,904.9808970093727,1481.134485108352,1718.3696696162224,Left,0.9794222116470337
384,15360.000000000002,23.324444444444445,1,1761.1425018310547,928.8772630691528,1476.1516571044922,1714.5822429656982,Left,0.9818099141120911,1,1775.3688396351,949.6126806735992,1492.3929169756586,1755.6156313419342,Left,0.9851191639900208
385,15400.000000000002,23.281111111111112,0,,,,,,,0,,,,,,
386,15440.000000000002,23.272222222222222,0,,,,,,,0,,,,,,
387,15480.0,23.282222222222224,0,,,,,,,0,,,,,,
388,15520.000000000002,23.346666666666668,1,2012.6799774169922,1046.1848545074463,1455.5834197998047,1701.1586666107178,Left,0.9430111646652222,1,2017.4623388757739,1067.823176085949,1492.0419898709547,1685.680038034916,Left,0.9315472841262817
389,15560.0,23.27111111111111,0,,,,,,,1,2076.152739798757,1120.7390347123146,1485.7925839888114,1757.8078624606133,Left,0.8659838438034058
390,15600.000000000002,23.3,1,2125.128936767578,1169.18701171875,1512.1897888183594,1711.2779760360718,Left,0.7246671915054321,1,2101.692214912155,1172.6414689421654,1463.26646167536,1801.6961055994034,Left,0.816607654094696
391,15640.0,23.34111111111111,1,2136.5341186523438,1215.515112876892,1491.2674713134766,1762.903847694397,Left,0.5162738561630249,1,2141.713725332638,1220.8016180992126,1452.5235438822024,1839.4907265901566,Left,0.5414780378341675
392,15680.000000000002,23.423333333333332,1,2188.1185913085938,1273.2905387878418,1455.5031967163086,1817.2935104370117,Right,0.5690125226974487,1,2171.056768455371,1255.6306546926498,1458.8102986916008,1851.7129093408585,Left,0.5229296684265137
393,15720.0,23.484444444444446,1,2185.5679321289062,1283.375859260559,1462.7799224853516,1849.6051597595215,Right,0.5173304677009583,1,2186.720665845614,1279.9885109066963,1478.0461647865502,1851.1526387929916,Right,0.6048623323440552
394,15760.000000000002,23.345555555555556,1,2206.6722106933594,1314.1300678253174,1481.6210174560547,1851.6005945205688,Right,0.7830420732498169,1,2203.296757974211,1309.39382314682,1468.102900559849,1878.0081760883331,Right,0.6689187288284302
395,15800.0,23.43111111111111,1,2213.074951171875,1331.8997240066528,1466.5838241577148,1875.9991264343262,Right,0.7413680553436279,1,2206.783736520747,1324.8220798373222,1457.5288394690958,1887.162469625473,Right,0.6986361145973206
396,15840.000000000002,23.41,1,2214.4031524658203,1339.7343063354492,1457.4081802368164,1882.9472923278809,Right,0.6930807828903198,1,2206.9572225125703,1340.9473273158073,1461.9068888119768,1888.744323849678,Right,0.6198432445526123
397,15880.0,23.462222222222223,1,2213.2381439208984,1351.4801931381226,1455.2888488769531,1902.1778297424316,Right,0.7479661703109741,1,2205.59441364105,1345.372585952282,1453.1236436135046,1897.0847815275192,Right,0.5674704313278198
398,15920.000000000002,23.51888888888889,1,2202.7576446533203,1357.3788213729858,1458.848648071289,1899.1250038146973,Right,0.5472931861877441,1,2199.770318106219,1356.5794613957405,1454.6401179270056,1902.6602894067764,Left,0.5048395991325378
399,15960.0,23.57,1,2197.533416748047,1361.58353805542,1464.4659805297852,1905.1982116699219,Right,0.6593551635742188,1,2191.1610083451446,1362.3057067394257,1452.481385887298,1910.8640268445015,Right,0.5486240983009338
400,16000.0,23.645555555555557,1,2192.201385498047,1375.949149131775,1453.8879776000977,1915.9703922271729,Right,0.5620356798171997,1,2194.2945428917583,1366.2807404994965,1464.8831174074555,1899.6192839741707,Right,0.5078968405723572
401,16040.000000000002,23.66888888888889,1,2195.921401977539,1376.476879119873,1470.0224304199219,1902.6521301269531,Right,0.5841881632804871,1,2193.0619833477776,1387.357310950756,1458.6004525527865,1906.7388832569122,Right,0.5380816459655762
402,16080.000000000002,23.72222222222222,1,2194.833984375,1396.4854288101196,1464.0772247314453,1903.652744293213,Right,0.6102774143218994,1,2191.333056111129,1381.2294825911522,1471.4727535896257,1901.9568130373955,Right,0.6271310448646545
403,16120.000000000002,23.754444444444445,1,2195.0253295898438,1400.1600980758667,1461.0436248779297,1911.208848953247,Right,0.6233111619949341,1,2191.5730600480038,1396.0113778710365,1467.2820781068253,1895.0332456827164,Right,0.62199866771698
404,16160.0,148.39444444444445,1,2197.954330444336,1389.0050268173218,1456.3158416748047,1923.225359916687,Right,0.7519345283508301,1,2191.744388701069,1401.2854108214378,1459.4412753338831,1904.6896487474442,Right,0.7647201418876648
405,16200.000000000004,195.9322222222222,1,2186.150894165039,1371.8088054656982,1462.3221588134766,1901.0932731628418,Right,0.5098638534545898,1,2187.2459778332905,1377.263758778572,1456.225087746087,1908.82713586092,Right,0.5875475406646729
406,16240.000000000002,197.05333333333334,1,2186.1495208740234,1339.7924995422363,1451.180763244629,1900.3032875061035,Right,0.5000307559967041,1,2186.792936694021,1339.901056587696,1450.3097547595974,1901.8696761131287,Right,0.5122300386428833
407,16280.000000000002,24.223333333333333,1,2166.2429809570312,1275.7385158538818,1469.4493103027344,1884.8509311676025,Right,0.54636549949646,1,2162.7378005355354,1275.9200638532639,1468.3830399865421,1880.6402760744095,Left,0.5029741525650024
408,16320.0,24.023333333333333,1,2126.653060913086,1197.1055889129639,1478.1245040893555,1870.7604503631592,Left,0.6803218126296997,1,2122.9628559573175,1193.9571690559387,1484.2039736605752,1863.3258658647537,Left,0.6768474578857422
409,16360.000000000004,23.626666666666665,1,2065.151824951172,1099.6808910369873,1482.9620361328125,1846.0323286056519,Left,0.8804587125778198,1,2066.8208114427252,1101.3000735640526,1480.4986544538635,1843.1037184596062,Left,0.864734411239624
410,16400.000000000004,23.17222222222222,1,1872.305030822754,1198.1174039840698,1504.105453491211,1810.7461309432983,Left,0.9185944199562073,1,1871.722959493836,1197.0096811652184,1504.6868265024523,1813.5488194227219,Left,0.9094647169113159
411,16440.0,22.883333333333333,1,1918.8600540161133,1475.4031419754028,1491.3747024536133,1771.3473987579346,Left,0.837347686290741,1,1895.2692333726782,1428.9768558740616,1493.667185068969,1776.614270210266,Left,0.834344744682312
412,16480.0,22.595555555555556,1,1869.2602157592773,1311.0911464691162,1516.658592224121,1769.9602890014648,Left,0.9437702298164368,1,1880.5862060046,1451.7797416448593,1512.401739569929,1781.934329867363,Left,0.7542658448219299
413,16520.000000000004,22.391111111111112,1,1675.4324340820312,945.3095054626465,1525.949821472168,1719.3115997314453,Left,0.9322117567062378,1,1804.1926832299719,1233.3786249160767,1499.4107849013762,1771.929379105568,Left,0.8881268501281738
414,16560.000000000004,22.24,1,1594.3989944458008,931.7730188369751,1496.8231201171875,1704.393539428711,Left,0.938781201839447,1,1612.6923734389884,920.2198688685894,1507.573300816669,1728.8203471899033,Left,0.95391845703125
415,16600.0,22.34888888888889,1,1573.8557052612305,935.2796745300293,1496.0751342773438,1723.5599613189697,Left,0.9099663496017456,1,1579.6046846217596,931.375330388546,1487.580568373972,1728.3314180374146,Left,0.9588474631309509
416,16640.0,22.503333333333334,1,1558.6506271362305,931.3372778892517,1487.8365325927734,1726.7101192474365,Left,0.89839106798172,1,1555.411928228309,933.0559328198433,1484.8508157316435,1733.5721862316132,Left,0.9401951432228088
417,16680.0,22.615555555555556,1,1547.618637084961,935.1904535293579,1482.659683227539,1731.827130317688,Left,0.8805099129676819,1,1551.4162222358016,935.2556955814362,1478.861324225333,1736.800332069397,Left,0.9259694218635559
418,16720.000000000004,22.81,1,1537.5493240356445,937.2199416160583,1482.0621871948242,1738.7021684646606,Left,0.8787163496017456,1,1536.6863626388424,935.7115691900253,1481.3561966103377,1743.586656153202,Left,0.8868290781974792
419,16760.0,22.891111111111112,1,1530.838508605957,938.4818458557129,1479.9301528930664,1743.3377981185913,Left,0.863640308380127,1,1535.4931295826455,939.5473721623421,1478.1529081105348,1742.1469616889954,Left,0.8428953886032104
420,16800.0,22.99111111111111,1,1543.480453491211,947.40149974823,1484.9680709838867,1741.4690494537354,Left,0.7649735808372498,1,1547.7910841196112,943.6386233568192,1491.0650749698473,1739.8755437135696,Left,0.8025416135787964
421,16840.0,23.002222222222223,1,1546.9068145751953,952.1343326568604,1496.2084579467773,1738.398199081421,Left,0.7656410932540894,1,1549.9423104182217,948.2470473647118,1488.086104756363,1733.7747037410736,Left,0.7645114660263062
422,16880.000000000004,23.01888888888889,1,1557.3096084594727,953.397331237793,1492.0087051391602,1729.1495990753174,Left,0.799639880657196,1,1560.032183791381,950.7119344174862,1491.0430521366884,1729.4494485855103,Left,0.7382153868675232
423,16920.0,22.968888888888888,1,1566.9091415405273,950.7844305038452,1491.7478942871094,1725.9021091461182,Left,0.7157360315322876,1,1567.274414947975,953.6287723481655,1490.5109085762767,1724.1929894685745,Left,0.7396404147148132
424,16960.0,22.993333333333332,1,1567.137107849121,951.7102432250977,1493.6702728271484,1723.605408668518,Left,0.7801568508148193,1,1566.7837102695478,952.0786660909653,1496.3185993476322,1724.667273759842,Left,0.7450635433197021
425,17000.0,22.962222222222223,1,1569.6918869018555,951.8396329879761,1490.390739440918,1720.4846048355103,Left,0.7823270559310913,1,1568.7733608840638,952.2939455509186,1490.526144781258,1721.7993915081024,Left,0.7771569490432739
426,17040.000000000004,22.932222222222222,1,1571.18408203125,951.8006229400635,1497.2963333129883,1717.81183719635,Left,0.7762539982795715,1,1571.560417837163,952.2061809897423,1496.8246301201555,1718.9054623246193,Left,0.7627226710319519
427,17080.000000000004,22.936666666666667,1,1572.121238708496,950.1528024673462,1497.6698684692383,1716.9715118408203,Left,0.817798912525177,1,1571.4066175615103,949.0099400281906,1497.8067136453715,1717.7764481306076,Left,0.8181599974632263
428,17120.0,22.914444444444445,1,1572.2650909423828,948.4930086135864,1499.4225311279297,1718.9379787445068,Left,0.827590823173523,1,1572.7175154691565,949.727538228035,1498.0081551519397,1719.4684526324272,Left,0.8105510473251343
429,17160.0,22.89666666666667,1,1576.9505310058594,947.4902701377869,1497.7775573730469,1718.8378143310547,Left,0.8092548251152039,1,1577.8460040880675,947.7240689098835,1494.530659907029,1720.806051492691,Left,0.8211337924003601
430,17200.000000000004,22.856666666666666,1,1628.891716003418,937.8530502319336,1487.5471115112305,1707.7673292160034,Left,0.8827741742134094,1,1632.1493667566763,938.2491052150726,1484.2348056269977,1707.0712637901306,Left,0.8866599798202515
431,17240.000000000004,22.86111111111111,1,1718.3991622924805,942.4015831947327,1481.462516784668,1714.8936796188354,Left,0.9453871250152588,1,1717.9674486202764,942.572372853756,1483.1324954105569,1716.6900086402893,Left,0.9481656551361084
432,17280.0,22.858888888888888,0,,,,,,,0,,,,,,
433,17320.0,22.854444444444443,0,,,,,,,0,,,,,,
434,17360.000000000004,22.86888888888889,1,1950.252685546875,1624.3025636672974,1458.3757781982422,1774.5624446868896,Left,0.7509146928787231,0,,,,,,
435,17400.000000000004,22.885555555555555,1,1947.0160675048828,1648.5214948654175,1461.0399627685547,1841.6418313980103,Left,0.8025341629981995,0,,,,,,
436,17440.0,22.9,1,1954.727783203125,1650.3762102127075,1434.4551086425781,1846.0927104949951,Left,0.8201813697814941,1,1916.5191100322907,1266.6653484106064,1487.8207520890767,1705.8124333620071,Left,0.7698668241500854
437,17480.0,22.898888888888887,1,1959.4029235839844,1647.7824926376343,1432.6072311401367,1847.6376628875732,Left,0.8914052248001099,1,1937.4381947489444,1403.1487601995468,1482.9581105275843,1710.0008636713028,Left,0.895697832107544
438,17520.000000000004,22.982222222222223,1,1887.9219818115234,1505.3801107406616,1423.751106262207,1843.3674144744873,Left,0.8935680985450745,1,1937.2938328303599,1456.4824157953262,1469.803557669851,1702.0743325352669,Left,0.9210311770439148
439,17560.000000000004,22.988888888888887,1,1894.9645614624023,1628.6864948272705,1428.5773086547852,1837.9580211639404,Left,0.8930795192718506,1,1935.4289932519303,1418.818343281746,1468.580796039398,1723.8915145397186,Left,0.9540019035339355
440,17600.0,22.99,1,1988.4770965576172,1674.0011072158813,1437.6981353759766,1850.8810329437256,Left,0.8887284398078918,1,1854.5848806186689,1486.613171696663,1468.6349092865885,1744.5144081115723,Left,0.9573726654052734
441,17640.0,22.952222222222222,1,1991.0753631591797,1656.8758249282837,1414.1241073608398,1842.1002960205078,Left,0.8989766836166382,1,1810.8342303760166,1501.9899621605873,1462.4281557894815,1769.6774178743362,Left,0.888032853603363
442,17680.0,22.892222222222223,1,1892.0624542236328,1612.3746299743652,1430.9595108032227,1852.7520990371704,Left,0.9020861983299255,1,1904.2837632638768,1597.890475988388,1453.8155201311547,1805.7990726828575,Left,0.92635577917099
443,17720.000000000004,22.91777777777778,1,1947.8791809082031,1658.7730264663696,1424.6841430664062,1851.3447761535645,Left,0.9507603645324707,1,1925.0068897099736,1616.1070096492767,1431.48944604299,1821.9355130195618,Left,0.955081045627594
444,17760.0,22.895555555555557,1,1897.390365600586,1481.259799003601,1413.2108688354492,1828.674144744873,Left,0.9350975155830383,1,1918.4661981508852,1447.2017580270767,1417.1399522358759,1817.6159065961838,Left,0.9423971772193909
445,17800.0,22.91111111111111,1,2045.3764343261719,1268.9735555648804,1416.5858459472656,1831.6897630691528,Left,0.6475135087966919,1,2044.8620692227398,1261.1566838622093,1440.6148092129026,1791.2128955125809,Left,0.7448650598526001
446,17840.0,22.93777777777778,1,2044.7547912597656,1277.525897026062,1412.7857208251953,1846.3020515441895,Left,0.5214649438858032,1,2062.217050532244,1281.4797762036324,1438.6061021060207,1810.9309458732605,Left,0.5122921466827393
447,17880.000000000004,137.9411111111111,1,2035.2708435058594,1294.2122840881348,1405.9157180786133,1842.502498626709,Left,0.6878224611282349,1,2054.3704499113883,1292.2719928622246,1434.8829848545518,1821.3813096284866,Left,0.6384657621383667
448,17920.0,195.87777777777777,0,,,,,,,0,,,,,,
449,17960.0,190.3388888888889,1,1782.8306579589844,1410.7292461395264,1446.1637878417969,1700.1854753494263,Left,0.74235999584198,1,1995.265929835902,1246.8500666320324,1495.6563862379103,1676.66497528553,Left,0.6761331558227539
450,18000.0,25.996666666666666,0,,,,,,,0,,,,,,
451,18040.000000000004,22.58888888888889,1,1808.0914306640625,1292.6557445526123,1453.5417938232422,1742.6468181610107,Left,0.8388721942901611,0,,,,,,
452,18080.000000000004,22.531111111111112,1,1773.2457733154297,1055.012390613556,1492.1167373657227,1753.7361001968384,Left,0.9128064513206482,1,1753.5938307660406,1006.8706360459328,1479.9304204138055,1691.5509536862373,Left,0.8286584615707397
453,18120.0,22.351111111111113,1,1716.9355773925781,974.7237253189087,1500.4828262329102,1682.1056699752808,Left,0.9265211820602417,1,1719.4829790980707,976.7739817500114,1480.2307399468014,1702.0704621076584,Left,0.9173333644866943
454,18160.0,22.058888888888887,1,1688.1983184814453,970.37841796875,1490.1132202148438,1687.695951461792,Left,0.8898787498474121,1,1687.8801236258862,969.7712275385857,1489.9466296572757,1699.6003970503807,Left,0.9241750836372375
455,18200.000000000004,22.022222222222222,1,1643.0136108398438,957.28919506073,1492.7851867675781,1693.0762481689453,Left,0.8650904893875122,1,1645.3540777405428,956.1344558000565,1492.4932332279254,1701.1070394515991,Left,0.8779761791229248
456,18240.000000000004,21.975555555555555,1,1602.8545761108398,961.4263200759888,1484.6279525756836,1699.355320930481,Left,0.8963370323181152,1,1605.0403378074082,960.4161947965622,1485.4569829782035,1700.5574387311935,Left,0.9417117238044739
457,18280.0,22.43888888888889,1,1576.66259765625,954.1385221481323,1485.6644439697266,1715.0221681594849,Left,0.8843569755554199,1,1575.7289805976895,954.7437170147896,1486.089712458227,1717.937332391739,Left,0.8961217403411865
458,18320.0,22.526666666666667,1,1554.1414260864258,949.422619342804,1488.9152526855469,1723.1276321411133,Left,0.8422309756278992,1,1556.1084340353784,952.7858036756516,1492.6562021933016,1723.0697286128998,Left,0.8564494848251343
459,18360.000000000004,22.69,1,1546.5242385864258,949.668459892273,1486.3415908813477,1727.8629112243652,Left,0.8280041217803955,1,1542.614100323193,949.3887189030647,1485.6444916719568,1729.8467427492142,Left,0.7624464631080627
460,18400.000000000004,22.814444444444444,1,1543.2958602905273,949.7175121307373,1476.7215728759766,1734.1426277160645,Left,0.8582561612129211,1,1540.7426089502583,946.5219873189926,1479.9095661391407,1743.805492222309,Left,0.8712881803512573
461,18440.0,22.92888888888889,1,1536.2821197509766,953.2036972045898,1475.8697891235352,1734.8484134674072,Left,0.7477807402610779,1,1537.5328933787373,950.6042423844337,1479.1917116672744,1744.5667111873627,Left,0.8048356175422668
462,18480.0,23.044444444444444,1,1530.9624481201172,947.7594137191772,1481.0876083374023,1740.3659534454346,Left,0.8166603446006775,1,1530.318617736888,944.8688963055611,1479.2204761840535,1744.6133655309677,Left,0.7768974900245667
463,18520.000000000004,22.994444444444444,1,1534.489974975586,950.771427154541,1478.829574584961,1741.153621673584,Left,0.801581859588623,1,1530.4950251249468,950.9294106066227,1488.4197282064422,1754.0301159024239,Left,0.8233014345169067
464,18560.000000000004,22.976666666666667,1,1530.981101989746,948.8397216796875,1480.3842544555664,1741.5200328826904,Left,0.7877670526504517,1,1528.4241596950876,949.8219975829124,1483.6596051805325,1752.6411554217339,Left,0.8323014378547668
465,18600.0,22.92888888888889,1,1536.1610412597656,950.3096795082092,1480.5097961425781,1743.114423751831,Left,0.803875207901001,1,1531.2684760144,947.2050654888153,1482.4622372250485,1752.2783812880516,Left,0.8219972848892212
466,18640.0,22.98111111111111,1,1530.7049560546875,945.3185820579529,1479.283790588379,1743.5481691360474,Left,0.7904147505760193,1,1531.3229038734928,945.2781155705452,1479.6283929876258,1750.0682625174522,Left,0.8053277134895325
467,18680.000000000004,22.89666666666667,1,1534.6772003173828,953.5465478897095,1483.458251953125,1745.915937423706,Left,0.8023161292076111,1,1533.1506192474544,942.92071133852,1485.2389119853729,1749.7341504693031,Left,0.8070342540740967
468,18720.000000000004,22.89,1,1542.7582168579102,947.1925449371338,1480.232276916504,1737.339391708374,Left,0.7332794070243835,1,1549.7362396222345,946.9599732756615,1480.8228395468743,1746.9002652168274,Left,0.8302263617515564
469,18760.0,22.865555555555556,1,1556.4088439941406,947.7267122268677,1479.2088317871094,1732.181568145752,Left,0.7916218042373657,1,1552.5096783744214,944.8287798464298,1475.5063028995205,1744.4064545631409,Left,0.8115593791007996
470,18800.0,22.85333333333333,1,1623.0790328979492,937.115592956543,1476.038475036621,1716.044282913208,Left,0.8749880790710449,1,1621.2403338791198,932.865863442421,1474.5228710375804,1727.7228194475174,Left,0.8910115361213684
471,18840.0,22.86111111111111,1,1737.4812698364258,939.4247174263,1488.9178848266602,1726.564121246338,Left,0.9676755666732788,1,1738.9491860500393,936.1022731661797,1482.4325288725627,1736.1351415514946,Left,0.9739305973052979
472,18880.000000000004,22.82888888888889,0,,,,,,,0,,,,,,
473,18920.0,22.755555555555556,0,,,,,,,1,1970.88332763171,1064.3233680725098,1486.9641987128666,1713.9490136504173,Left,0.9540765881538391
474,18960.0,22.8,1,2053.377685546875,1126.8201684951782,1468.472671508789,1702.6116943359375,Left,0.8909730315208435,1,2053.6492695422694,1130.298467874527,1458.782882511546,1792.544427216053,Left,0.8560826778411865
475,19000.0,22.803333333333335,0,,,,,,,1,2074.853122975035,1192.5986489653587,1438.3320301945855,1831.828116774559,Left,0.8574432730674744
476,19040.000000000004,22.872222222222224,1,2120.2322387695312,1243.469738960266,1471.2162780761719,1742.2659873962402,Left,0.7447384595870972,1,2103.4105352332417,1254.4646099209785,1425.4401333306905,1856.0159879922867,Left,0.637549877166748
477,19080.000000000004,22.955555555555556,1,2129.637451171875,1297.0907878875732,1447.0501327514648,1804.6788454055786,Left,0.565437912940979,1,2142.355443724155,1310.2262789011002,1426.758177422974,1836.2875816226006,Left,0.5424000024795532
478,19120.0,23.02111111111111,1,2145.8766174316406,1339.3883657455444,1425.3117370605469,1847.9557943344116,Right,0.5898838043212891,1,2145.3726617560437,1341.0109278559685,1428.4200473798817,1834.9265509843826,Right,0.6068844795227051
479,19160.0,23.013333333333332,1,2143.3238983154297,1362.114486694336,1431.0823059082031,1853.4632921218872,Right,0.7389309406280518,1,2140.096080820278,1353.7053027749062,1428.6564557521592,1840.3763222694397,Right,0.7708583474159241
480,19200.000000000004,23.002222222222223,1,2148.3087158203125,1371.835970878601,1423.9787292480469,1845.8813095092773,Right,0.6873043775558472,1,2160.5471129154685,1370.0380888581276,1422.2119455460506,1841.1237332224846,Right,0.6564959287643433
481,19240.000000000004,22.995555555555555,1,2163.7589263916016,1382.8792905807495,1425.853385925293,1846.8144607543945,Right,0.6751539707183838,1,2162.036395771702,1381.1409857869148,1420.3380271670128,1847.2522938251495,Right,0.719978928565979
482,19280.0,22.886666666666667,1,2167.199478149414,1378.3789730072021,1422.934799194336,1850.899314880371,Right,0.698272705078125,1,2160.193848693776,1374.0278720855713,1424.0274360003812,1862.1674573421478,Right,0.6860557794570923
483,19320.0,22.947777777777777,1,2160.282211303711,1386.2936353683472,1425.5540084838867,1871.282901763916,Right,0.6712297201156616,1,2165.171188765925,1387.4327319860458,1419.8843568039388,1877.343927025795,Right,0.6066479682922363
484,19360.000000000004,22.948888888888888,1,2160.1785278320312,1395.1765966415405,1422.3369598388672,1884.9755573272705,Right,0.6170876026153564,1,2162.075857093158,1391.545427441597,1425.2691642340853,1878.30442070961,Right,0.6169467568397522
485,19400.000000000004,194.9411111111111,1,2162.5872802734375,1393.904972076416,1407.9169464111328,1885.2703857421875,Right,0.5197792053222656,1,2159.371543070356,1389.7388792037964,1396.3128240838,1879.4685825705528,Right,0.5479587316513062
486,19440.0,196.91666666666666,1,2143.1781005859375,1362.3195791244507,1404.9751281738281,1883.7108850479126,Right,0.5689126253128052,1,2141.908425155586,1362.579879462719,1414.8231052429987,1883.8246965408325,Right,0.5644392371177673
487,19480.0,28.715555555555557,1,2128.5887145996094,1302.6660060882568,1433.093032836914,1868.5841274261475,Left,0.5699485540390015,1,2129.535098595748,1305.322551727295,1430.3977876866688,1864.1811257600784,Right,0.5009084939956665
488,19520.000000000004,23.387777777777778,1,2074.9703979492188,1182.027883529663,1437.0674514770508,1855.2658653259277,Left,0.8774197101593018,1,2074.0561660820267,1182.7204285562038,1437.9719793447157,1853.386189341545,Left,0.8940069079399109
489,19560.000000000004,23.29888888888889,1,1852.0046997070312,1402.9025173187256,1445.936508178711,1791.2091779708862,Left,0.8959847688674927,1,1864.3824345900612,1484.0661165118217,1436.066240218991,1805.2788662910461,Left,0.8466290831565857
490,19600.0,23.066666666666666,0,,,,,,,1,1886.7840604793284,1186.402931213379,1474.4944211327038,1807.354879975319,Left,0.9320204854011536
491,19640.0,22.65111111111111,1,1778.8211059570312,1338.6874723434448,1470.450439453125,1737.1030139923096,Left,0.6799811124801636,1,1855.2882629430308,1239.1823311150074,1498.6359407306416,1750.4369992017746,Left,0.882948637008667
492,19680.000000000004,22.495555555555555,1,1840.4799270629883,1400.1568794250488,1472.1417617797852,1765.6507730484009,Left,0.7535848617553711,0,,,,,,
493,19720.000000000004,22.254444444444445,1,1714.1181564331055,984.1711091995239,1507.7468490600586,1732.4211645126343,Left,0.9095495343208313,1,1723.3460537014923,966.5567328035831,1499.5308318143714,1674.4157338142395,Left,0.9186896681785583
494,19760.0,22.27111111111111,1,1692.3030853271484,970.9052467346191,1510.1126861572266,1712.2026300430298,Left,0.9381629824638367,1,1690.3546810709158,969.9425201117992,1499.9970417089787,1693.7446492910385,Left,0.9099801182746887
495,19800.0,22.223333333333333,1,1665.0136184692383,969.36119556427,1509.4402313232422,1705.7483339309692,Left,0.9158329367637634,1,1665.279663014384,966.7158387601376,1499.776498765487,1694.311719238758,Left,0.8595466017723083
496,19840.0,22.322222222222223,1,1645.0716018676758,969.989025592804,1497.235450744629,1697.5580263137817,Left,0.8982232809066772,1,1635.0639763638674,968.6144927144051,1496.926069986359,1688.8021132349968,Left,0.8682489991188049
497,19880.000000000004,22.416666666666668,1,1636.3821029663086,964.8542475700378,1502.8286361694336,1701.6360569000244,Left,0.833714485168457,1,1634.3192001020782,964.3198871612549,1500.569051091864,1693.3573973178864,Left,0.8706113696098328
498,19920.0,22.58888888888889,1,1647.9304504394531,971.0932159423828,1499.626121520996,1696.5771102905273,Left,0.8650864362716675,1,1648.3730486101729,970.3437893092632,1498.040335455086,1687.5230938196182,Left,0.8577141761779785
499,19960.0,22.74222222222222,1,1639.4843673706055,969.8494648933411,1495.616455078125,1701.2934637069702,Left,0.8679307699203491,1,1636.781937128494,965.7714021205902,1495.9851107312254,1696.070776283741,Left,0.8625212907791138
500,20000.0,22.783333333333335,1,1638.2450866699219,962.2584056854248,1500.5909729003906,1699.688515663147,Left,0.8465683460235596,1,1633.6763131520672,966.1133596301079,1497.3590658529981,1700.3033503890038,Left,0.8511049747467041
501,20040.000000000004,22.79,1,1635.1533508300781,967.4818253517151,1499.2758178710938,1694.2894220352173,Left,0.8800045251846313,1,1630.4692942539943,964.2347377538681,1500.771840935156,1695.7639664411545,Left,0.8543469905853271
502,20080.000000000004,22.81222222222222,1,1635.4078674316406,961.3468194007874,1503.8836669921875,1703.2429361343384,Left,0.8662612438201904,1,1626.6233884715252,962.6062814891338,1502.8403243034693,1701.288008093834,Left,0.8584980964660645
503,20120.0,22.82111111111111,1,1643.4894561767578,961.4500093460083,1503.4692764282227,1703.17045211792,Left,0.859279990196228,1,1649.1032628353428,960.2448499202728,1498.9737889691226,1701.229324042797,Left,0.8581911325454712
504,20160.0,22.814444444444444,1,1651.241226196289,963.6632823944092,1499.5756530761719,1701.199607849121,Left,0.8616211414337158,1,1659.6180869993543,967.0815941691399,1498.983452048978,1701.6551756858826,Left,0.8715066909790039
505,20200.000000000004,22.801111111111112,1,1670.1736450195312,964.0479111671448,1495.1046752929688,1694.144582748413,Left,0.8805645108222961,1,1665.622230431399,961.0469175875187,1500.2657202735177,1702.7224722504616,Left,0.8943984508514404
506,20240.000000000004,22.774444444444445,1,1697.991600036621,960.677661895752,1499.6501541137695,1701.5841722488403,Left,0.9482094645500183,1,1697.9423111516453,960.5813679099083,1503.5856848445055,1705.999364554882,Left,0.9401524066925049
507,20280.0,22.787777777777777,0,,,,,,,0,,,,,,
508,20320.0,22.796666666666667,0,,,,,,,0,,,,,,
509,20360.000000000004,22.787777777777777,1,1856.484031677246,1385.138783454895,1470.1510620117188,1741.311206817627,Left,0.8712448477745056,1,1920.0047402421028,1205.1031637191772,1501.4835380026493,1716.7664757370949,Left,0.821591317653656
510,20400.000000000004,22.761111111111113,1,1847.962417602539,1573.5199785232544,1448.5961151123047,1802.0662021636963,Left,0.9601201415061951,1,1767.3409326694216,1380.9634691476822,1468.9843981654535,1683.1621679663658,Left,0.9349840879440308
511,20440.0,22.76,0,,,,,,,0,,,,,,
512,20480.0,22.796666666666667,0,,,,,,,0,,,,,,
513,20520.000000000004,22.90222222222222,1,2087.7749633789062,1408.1236839294434,1411.9210052490234,1792.5988626480103,Right,0.5781843662261963,0,,,,,,
514,20560.000000000004,22.944444444444443,1,2067.8455352783203,1402.8328657150269,1425.7537078857422,1845.1805448532104,Right,0.6539591550827026,0,,,,,,
515,20600.0,22.927777777777777,1,2081.561050415039,1417.8550815582275,1418.5276794433594,1849.7221899032593,Right,0.7926165461540222,1,2073.7962067616363,1436.9959634542465,1458.0157688046954,1791.1873716115952,Left,0.8379672169685364
516,20640.0,22.86111111111111,1,2076.808319091797,1425.3837633132935,1427.1439361572266,1869.4108057022095,Right,0.7945267558097839,1,2079.8293843778047,1435.5324187874794,1424.2904964952368,1828.6296790838242,Left,0.7685335874557495
517,20680.000000000004,22.84777777777778,1,2074.1878509521484,1446.7503261566162,1419.8263549804688,1865.1942443847656,Right,0.7934677004814148,1,2089.2112011926256,1439.2330706119537,1414.1950499969519,1847.4246847629547,Left,0.5111337900161743
518,20720.000000000004,180.0522222222222,1,2068.39599609375,1433.887825012207,1421.034049987793,1857.4553203582764,Right,0.7951709628105164,1,2074.9502032191645,1451.0328537225723,1414.0387328260808,1850.7771027088165,Right,0.5253268480300903
519,20760.0,196.23666666666668,1,2071.9242095947266,1424.9940490722656,1411.1851501464844,1868.1142044067383,Right,0.7708973288536072,1,2077.8081377393896,1449.1098788380623,1430.2368412263788,1848.51489007473,Right,0.7795771360397339
520,20800.0,197.25,1,2066.557846069336,1416.662893295288,1425.2202987670898,1861.19384765625,Right,0.7974300980567932,1,2088.3627378367596,1420.3726860880852,1433.7204039865474,1854.3723115324974,Right,0.7763698101043701
521,20840.000000000004,28.205555555555556,1,2062.1028900146484,1397.9217195510864,1421.7390060424805,1868.1131744384766,Right,0.7892554998397827,1,2070.6019071733267,1413.7239190936089,1429.3331410093856,1862.632327079773,Right,0.7851338386535645
522,20880.000000000004,23.544444444444444,1,2053.816909790039,1342.8735208511353,1426.7431640625,1859.502124786377,Left,0.5245260000228882,1,2067.948919835152,1348.7403810024261,1418.9470830025175,1853.8914370536804,Right,0.6027724146842957
523,20920.0,22.765555555555554,1,1885.3659439086914,1498.271656036377,1438.8674926757812,1795.851502418518,Left,0.892983078956604,1,1885.3023283087493,1564.0106356143951,1446.0229428683747,1812.40589261055,Left,0.9375032186508179
524,20960.0,22.47222222222222,1,1895.7115173339844,1446.2664985656738,1454.4311141967773,1789.7401857376099,Left,0.9026719331741333,1,1923.6239456767075,1529.8718950152397,1439.3493951974133,1796.8553513288498,Left,0.8563675880432129
525,21000.0,22.24,0,,,,,,,1,1978.0497373198568,1634.16768014431,1478.7720643342032,1807.6125249266624,Left,0.6732301115989685
526,21040.000000000004,21.995555555555555,1,1797.2486114501953,1094.5700597763062,1489.3899536132812,1740.9415769577026,Left,0.7478742599487305,1,1848.9637547053599,1193.6600352823734,1488.142645009657,1792.9041677713394,Left,0.9536274075508118
527,21080.000000000004,21.814444444444444,1,1710.618782043457,973.4834504127502,1485.9443664550781,1711.8667316436768,Left,0.9262920618057251,1,1684.3686952400878,961.1174221336842,1498.9590471542733,1715.3543972969055,Left,0.9530746936798096
528,21120.0,21.755555555555556,1,1678.8670349121094,981.8143486976624,1490.1797103881836,1715.403127670288,Left,0.9141775369644165,1,1654.1566940432836,972.5924031436443,1493.539317802975,1694.566749036312,Left,0.907900333404541
529,21160.0,21.916666666666668,1,1627.1586227416992,971.8037009239197,1484.1753387451172,1695.464744567871,Left,0.9168853759765625,1,1623.6819020189685,964.9559971690178,1481.930138609194,1702.088035941124,Left,0.8818724155426025
530,21200.000000000004,22.133333333333333,1,1585.1129150390625,967.6486158370972,1486.8983459472656,1710.97580909729,Left,0.8947594165802002,1,1581.6054814865274,963.392553627491,1496.7860676898488,1711.2676441669464,Left,0.8578374981880188
531,21240.000000000004,22.35,1,1563.6443710327148,963.7392425537109,1494.180793762207,1711.7034816741943,Left,0.7835211157798767,1,1562.8521851051034,962.8496477007866,1487.9003039557936,1720.8500906825066,Left,0.7776371836662292
532,21280.0,22.47888888888889,1,1559.0744018554688,963.7331914901733,1488.0500793457031,1718.9480209350586,Left,0.7656046152114868,1,1562.5838660970244,963.6533890664577,1480.067546258638,1725.3511887788773,Left,0.8113778829574585
533,21320.0,22.616666666666667,1,1556.4828872680664,962.3664236068726,1476.5541458129883,1721.7595767974854,Left,0.7907475233078003,1,1557.978666960704,964.2697808146477,1483.259194118057,1732.7453792095184,Left,0.7611859440803528
534,21360.000000000004,22.674444444444443,1,1555.597801208496,966.888370513916,1484.9794006347656,1726.6949272155762,Left,0.730061948299408,1,1555.0422142985838,963.3295807242393,1491.7671539020428,1729.804377257824,Left,0.7424041032791138
535,21400.000000000004,22.746666666666666,1,1553.9450454711914,958.8349199295044,1484.545783996582,1729.23508644104,Left,0.7127712965011597,1,1555.149496957258,961.6947957873344,1484.911760551569,1729.3945303559303,Left,0.7510731816291809
536,21440.0,22.714444444444446,1,1556.2045669555664,959.2546319961548,1485.9387588500977,1729.0805912017822,Left,0.7036868333816528,1,1556.4362146929868,962.8839585185051,1491.7190182809952,1724.7486573457718,Left,0.7509028315544128
537,21480.0,22.714444444444446,1,1557.9002380371094,962.8707218170166,1494.0256118774414,1727.3065996170044,Left,0.6859476566314697,1,1558.8448834167696,964.0457144379616,1488.1647577319306,1718.4919542074203,Left,0.758882462978363
538,21520.000000000004,22.70111111111111,1,1563.376121520996,959.6023750305176,1479.7621536254883,1728.5486125946045,Left,0.8014283180236816,1,1563.5639271171542,966.3724690675735,1483.8996540619648,1715.5192565917969,Left,0.770615816116333
539,21560.000000000004,22.717777777777776,1,1563.4887313842773,958.1239199638367,1485.674171447754,1728.1719017028809,Left,0.7491475939750671,1,1563.3872051171932,964.5707327127457,1489.8125150977937,1713.9576959609985,Left,0.7524065971374512
540,21600.0,22.80666666666667,1,1575.4121017456055,958.6085844039917,1480.3173065185547,1726.875557899475,Left,0.7503871917724609,1,1578.1736499120034,966.1323979496956,1474.265788168868,1708.8468486070633,Left,0.8062931299209595
541,21640.0,22.75888888888889,1,1578.2804489135742,954.9055910110474,1486.0065078735352,1727.7868223190308,Left,0.7909033298492432,1,1575.521246853076,963.9635463058949,1487.0080196563972,1714.3389853835106,Left,0.8106131553649902
542,21680.000000000004,22.733333333333334,1,1586.6497421264648,958.5939073562622,1483.3019256591797,1721.0949897766113,Left,0.8484534621238708,1,1583.5696934815169,962.3036558926105,1485.9783398448233,1712.6306623220444,Left,0.8059811592102051
543,21720.000000000004,22.752222222222223,1,1625.1468658447266,951.9355487823486,1478.5419845581055,1708.190517425537,Left,0.9058451056480408,1,1619.714556042223,952.5127816200256,1484.956615219921,1704.5858216285706,Left,0.8617752194404602
544,21760.0,22.752222222222223,1,1733.4387588500977,955.7152104377747,1463.130226135254,1716.084451675415,Left,0.9707827568054199,1,1734.88413060536,956.5392816066742,1466.6956864655508,1703.4857833385468,Left,0.9659624695777893
545,21800.0,22.73111111111111,0,,,,,,,0,,,,,,
546,21840.000000000004,22.754444444444445,1,1934.1169738769531,1469.4088554382324,1437.952537536621,1761.0430812835693,Left,0.7631933689117432,0,,,,,,
547,21880.000000000004,22.78,1,1869.129295349121,1609.379482269287,1433.3269500732422,1821.919355392456,Left,0.930503785610199,1,1810.9568391287871,1449.0906313061714,1439.380901332198,1742.290062904358,Left,0.8952542543411255
548,21920.0,22.767777777777777,1,1913.4292602539062,1553.4010934829712,1387.9771041870117,1822.6032543182373,Left,0.9554325342178345,0,,,,,,
549,21960.0,22.744444444444444,1,2081.667709350586,1363.403491973877,1397.2861862182617,1838.8704442977905,Right,0.5577073097229004,0,,,,,,
550,22000.000000000004,22.82,1,2070.6383514404297,1395.217022895813,1385.1912689208984,1859.6667909622192,Right,0.7582811117172241,1,2072.4964101596847,1379.1606867313385,1455.5577509568138,1770.608517229557,Left,0.8555088639259338
551,22040.000000000004,22.884444444444444,1,2071.7745208740234,1425.6581211090088,1390.6408309936523,1862.7385425567627,Right,0.7665689587593079,1,2073.794768535797,1436.9397899508476,1420.0111903451113,1800.0310894846916,Left,0.6214359998703003
552,22080.000000000004,22.923333333333332,1,2078.3514404296875,1449.9449014663696,1397.9582977294922,1870.3756284713745,Right,0.7790916562080383,1,2076.849380439499,1450.8994808793068,1412.0880041983314,1846.3892930746078,Right,0.5771092176437378
553,22120.0,22.944444444444443,1,2075.3153228759766,1456.6960859298706,1389.331283569336,1878.9157390594482,Right,0.6471860408782959,1,2076.246404256519,1457.8657275438309,1400.3645759394692,1856.4107716083527,Right,0.745195209980011
554,22160.0,22.942222222222224,1,2064.1246032714844,1474.2912912368774,1380.0794219970703,1887.9467582702637,Right,0.6963825225830078,1,2067.6257684669627,1476.1887502670288,1390.9619947390986,1862.3390114307404,Right,0.7037498950958252
555,22200.000000000004,22.93111111111111,1,2060.5210876464844,1476.5467929840088,1392.4992370605469,1888.0371379852295,Right,0.7569581270217896,1,2065.5737797512397,1482.7947333455086,1387.6830196045207,1868.9695769548416,Right,0.648023247718811
556,22240.000000000004,188.42888888888888,1,2063.0152130126953,1462.6319217681885,1392.967529296875,1870.6757354736328,Right,0.8144357204437256,0,,,,,,
557,22280.0,196.95666666666668,1,2067.660598754883,1467.0252513885498,1403.6659240722656,1861.0702514648438,Right,0.8902333378791809,1,2077.1036767456485,1425.3279840946198,1426.255337714031,1800.7180380821228,Left,0.9141546487808228
558,22320.0,197.3177777777778,1,2064.9078369140625,1431.9323015213013,1390.630874633789,1860.2558040618896,Right,0.7988409996032715,1,2064.516683759611,1419.7223496437073,1410.8552648761208,1829.3330508470535,Left,0.8223052620887756
559,22360.000000000004,29.057777777777776,1,2044.0292358398438,1358.9022731781006,1392.8226470947266,1832.7910566329956,Left,0.6984655261039734,1,2045.301896662114,1342.085337638855,1412.1363645421661,1802.8738662600517,Left,0.7313177585601807
560,22400.000000000004,22.92888888888889,1,1898.5382080078125,1621.0833978652954,1425.6932830810547,1809.2302751541138,Left,0.9250473976135254,0,,,,,,
561,22440.0,22.776666666666667,0,,,,,,,1,1959.055088664834,1133.8350449502468,1467.8701776412838,1752.2169774770737,Left,0.9305014610290527
562,22480.0,22.397777777777776,1,1884.788932800293,1437.4407005310059,1423.6054229736328,1746.8954372406006,Left,0.6568045616149902,0,,,,,,
563,22520.000000000004,22.125555555555554,1,1732.2094345092773,996.1859464645386,1478.825912475586,1759.1409873962402,Left,0.9419991970062256,1,1739.0858175047397,991.9752430915833,1483.8915640416208,1680.672436952591,Left,0.8829600811004639
564,22560.000000000004,21.99222222222222,1,1675.8498001098633,965.1831293106079,1481.0807418823242,1738.800916671753,Left,0.914781928062439,1,1678.2867977236249,973.8418713212013,1475.1213078202563,1705.6194350123405,Left,0.9386147260665894
565,22600.0,21.89666666666667,1,1644.2074584960938,956.0560655593872,1468.8676071166992,1738.3943367004395,Left,0.9266013503074646,1,1644.01135908621,959.7308152914047,1459.0618084351875,1716.2218961119652,Left,0.9120138883590698
566,22640.0,22.055555555555557,1,1618.8450622558594,960.0041913986206,1468.2610702514648,1739.040641784668,Left,0.9323949813842773,1,1614.5000435403194,950.6992247700691,1474.3065978270483,1729.5382592082024,Left,0.8982973694801331
567,22680.000000000004,22.31222222222222,1,1592.3081588745117,949.4923996925354,1471.7169570922852,1740.095329284668,Left,0.8770091533660889,1,1591.8754027569,949.4798308610916,1475.0833746137541,1730.7567116618156,Left,0.8835276961326599
568,22720.000000000004,22.46,1,1579.1063690185547,945.9196329116821,1474.1032791137695,1749.24569606781,Left,0.9235634803771973,1,1578.7207150654945,944.202136695385,1476.3436200051347,1742.3460271954536,Left,0.8767083883285522
569,22760.0,22.66777777777778,1,1568.1574630737305,940.4699420928955,1475.4521942138672,1745.959324836731,Left,0.8652292490005493,1,1570.696448608971,942.6525534689426,1475.718935600898,1753.8720560073853,Left,0.8919183611869812
570,22800.0,22.73777777777778,1,1573.4497833251953,937.7735495567322,1473.3494567871094,1748.9014291763306,Left,0.8965025544166565,1,1571.1742991439623,937.8588196635246,1473.449819728051,1748.463499546051,Left,0.8388227820396423
571,22840.000000000004,22.802222222222223,1,1573.2374954223633,935.6713199615479,1471.9576263427734,1744.9650192260742,Left,0.8748763799667358,1,1574.379475315179,938.8971403241158,1473.982098122135,1748.4255275130272,Left,0.8585088849067688
572,22880.000000000004,22.80666666666667,1,1577.5643920898438,937.4944925308228,1473.9713287353516,1741.5200328826904,Left,0.8768919110298157,1,1574.6080633344573,939.143121689558,1477.4245815567785,1750.7173436880112,Left,0.8856037259101868
573,22920.0,22.807777777777776,1,1612.1944427490234,936.8570065498352,1472.4223709106445,1738.0526447296143,Left,0.9113086462020874,1,1609.398836267791,932.9996547102928,1485.688672171947,1744.200275838375,Left,0.9094257354736328
574,22960.0,22.81888888888889,1,1673.9738845825195,951.8867540359497,1482.183494567871,1738.5749673843384,Left,0.9057462811470032,1,1679.923408839236,962.9118883609772,1483.2108337742222,1737.5029715895653,Left,0.8960496783256531
575,23000.000000000004,22.802222222222223,1,1679.9723052978516,937.3387098312378,1478.5652160644531,1726.2580919265747,Left,0.9618846774101257,1,1679.5346384171444,938.4550224244595,1478.075783249921,1720.1287266612053,Left,0.9714882969856262
576,23040.000000000004,22.85,1,1718.3742141723633,939.4704222679138,1470.1433944702148,1730.2542400360107,Left,0.9538503289222717,1,1717.2594819510527,933.6106069386005,1471.806871429837,1734.0771201252937,Left,0.9761722683906555
577,23080.000000000004,22.82888888888889,1,1734.0243530273438,935.2980852127075,1463.8174438476562,1738.459997177124,Left,0.984704852104187,1,1747.101499550787,947.4729618430138,1473.991716257433,1741.4115804433823,Left,0.9828266501426697
578,23120.0,22.852222222222224,1,1774.661865234375,947.4204897880554,1473.9896392822266,1745.1948308944702,Left,0.9908654093742371,1,1763.4332730649924,935.4903271794319,1472.3802291494462,1727.7862107753754,Left,0.9884227514266968
579,23160.0,22.95,0,,,,,,,1,1843.5523400971927,991.1665852367878,1465.134042871795,1727.282218337059,Left,0.981039822101593
580,23200.000000000004,23.03,0,,,,,,,0,,,,,,
581,23240.000000000004,23.06111111111111,0,,,,,,,0,,,,,,
582,23280.0,23.12,0,,,,,,,0,,,,,,
583,23320.0,23.147777777777776,0,,,,,,,0,,,,,,
584,23360.000000000004,23.174444444444443,0,,,,,,,0,,,,,,
585,23400.000000000004,23.176666666666666,0,,,,,,,0,,,,,,
586,23440.0,23.24222222222222,0,,,,,,,0,,,,,,
587,23480.0,23.247777777777777,0,,,,,,,0,,,,,,
588,23520.000000000004,23.211111111111112,0,,,,,,,0,,,,,,
589,23560.000000000004,23.273333333333333,0,,,,,,,0,,,,,,
590,23600.0,23.194444444444443,0,,,,,,,0,,,,,,
591,23640.0,23.225555555555555,0,,,,,,,0,,,,,,
592,23680.000000000004,23.23,0,,,,,,,0,,,,,,
593,23720.000000000004,23.25777777777778,0,,,,,,,0,,,,,,
594,23760.0,23.254444444444445,0,,,,,,,0,,,,,,
595,23800.0,23.23,0,,,,,,,0,,,,,,
596,23840.000000000004,23.22111111111111,0,,,,,,,0,,,,,,
597,23880.000000000004,23.183333333333334,0,,,,,,,0,,,,,,
598,23920.0,180.02555555555554,0,,,,,,,0,,,,,,
599,23960.0,195.49777777777777,0,,,,,,,0,,,,,,
600,24000.000000000004,197.06555555555556,0,,,,,,,0,,,,,,
601,24040.000000000004,24.664444444444445,1,2048.5938262939453,929.2311215400696,1549.4890594482422,1536.184401512146,Left,0.9040204882621765,0,,,,,,
602,24080.000000000004,23.261111111111113,0,,,,,,,0,,,,,,
603,24120.0,23.01,0,,,,,,,0,,,,,,
604,24160.000000000004,22.645555555555557,0,,,,,,,1,1773.049430802447,855.5384856462479,1498.8522139411739,1561.5688142180443,Left,0.8941128849983215
605,24200.000000000004,22.423333333333332,0,,,,,,,1,1689.122301305165,847.1753284335136,1490.4128844964407,1617.2086170315742,Left,0.9257320165634155
606,24240.000000000004,22.26222222222222,0,,,,,,,1,1650.834662022652,855.346062630415,1467.7920640004058,1664.216738641262,Left,0.9260222911834717
607,24280.0,22.284444444444443,1,1649.934196472168,868.8772344589233,1466.5587615966797,1732.97438621521,Left,0.9574949741363525,1,1622.0815162166762,871.7864361405373,1451.7705427663966,1695.1872727274895,Left,0.9402074217796326
608,24320.0,22.33222222222222,1,1622.5973510742188,871.4869165420532,1470.8367919921875,1753.451828956604,Left,0.9653432369232178,1,1605.6434038795032,880.1919588446617,1455.4498840188924,1724.1150578856468,Left,0.9230258464813232
609,24360.000000000004,22.371111111111112,1,1619.051856994629,875.7929563522339,1464.0141677856445,1756.2127876281738,Left,0.9725374579429626,1,1618.486401064874,878.8600087165833,1463.075896751699,1733.287239074707,Left,0.9274712800979614
610,24400.000000000004,22.49,1,1609.1356658935547,877.6172876358032,1468.670425415039,1754.18954372406,Left,0.9497678279876709,1,1601.3635583946882,884.4162690639496,1477.5447183588885,1746.3280695676804,Left,0.8908396363258362
611,24440.0,22.614444444444445,1,1592.7115631103516,887.7920866012573,1477.1525573730469,1755.1306772232056,Left,0.9503105282783508,1,1596.7598424287642,888.9670027792454,1471.3600775840553,1740.1312011480331,Left,0.9286559820175171
612,24480.0,22.805555555555557,1,1586.6847610473633,889.0565013885498,1488.4067916870117,1751.8587255477905,Left,0.8994784951210022,1,1594.1035741378946,890.9465172886848,1485.7436843102869,1749.7344642877579,Left,0.9000985622406006
613,24520.000000000004,22.794444444444444,1,1597.6230239868164,899.7589015960693,1473.5586547851562,1742.1033811569214,Left,0.8890482187271118,1,1589.8309197822741,896.8127256631851,1475.591967226053,1740.1443815231323,Left,0.928335964679718
614,24560.000000000004,22.84111111111111,1,1580.6902313232422,896.7122554779053,1485.2224731445312,1743.14519405365,Left,0.8975799679756165,1,1580.9087509566707,897.1962118148804,1486.230074311197,1745.2889120578766,Left,0.8396044969558716
615,24600.0,22.805555555555557,1,1600.7894897460938,905.7875633239746,1473.717041015625,1734.7647285461426,Left,0.9138973951339722,1,1597.948715862887,907.205765247345,1474.7590097425132,1731.7713913321495,Left,0.8967249989509583
616,24640.0,22.787777777777777,1,1583.2863235473633,904.0493631362915,1484.2412567138672,1738.778772354126,Left,0.8836989402770996,1,1583.8668668954901,904.7142559289932,1490.6719449256816,1733.0827340483665,Left,0.8909871578216553
617,24680.000000000004,22.78,1,1596.8722915649414,903.3062410354614,1488.1766510009766,1736.240930557251,Left,0.8811741471290588,1,1601.2715119409952,905.3241097927094,1488.9704338690879,1728.5872846841812,Left,0.8905216455459595
618,24720.000000000004,22.776666666666667,1,1603.7381744384766,908.4017515182495,1485.8039474487305,1732.930612564087,Left,0.8901455402374268,1,1598.7568190061472,903.7836796045303,1490.0646540651846,1736.0785496234894,Left,0.8661780953407288
619,24760.0,22.732222222222223,1,1615.1890182495117,910.7270336151123,1487.5942611694336,1729.163761138916,Left,0.8615907430648804,1,1621.8375122141865,906.5179798007011,1475.9032981756284,1722.5902140140533,Left,0.8941152095794678
620,24800.0,22.677777777777777,1,1639.4682312011719,911.505560874939,1486.0697937011719,1728.3054113388062,Left,0.8847224712371826,1,1632.6327454722361,913.2331717014313,1486.003913298022,1734.0594416856766,Left,0.8707423806190491
621,24840.000000000004,22.682222222222222,1,1736.095962524414,929.8414421081543,1479.1836547851562,1723.4201431274414,Left,0.95973140001297,1,1728.5616898173325,925.4204159975052,1473.0473861604894,1709.905985891819,Left,0.9594778418540955
622,24880.000000000004,22.657777777777778,0,,,,,,,0,,,,,,
623,24920.0,22.636666666666667,0,,,,,,,0,,,,,,
624,24960.0,22.606666666666666,0,,,,,,,0,,,,,,
625,25000.000000000004,22.468888888888888,0,,,,,,,0,,,,,,
626,25040.000000000004,22.45888888888889,1,2099.3417358398438,1257.3188209533691,1463.4846496582031,1734.387502670288,Right,0.5564520359039307,0,,,,,,
627,25080.000000000004,22.566666666666666,0,,,,,,,0,,,,,,
628,25120.0,22.711111111111112,0,,,,,,,0,,,,,,
629,25160.000000000004,22.607777777777777,1,2126.1167907714844,1342.205457687378,1445.0156021118164,1770.7845211029053,Right,0.6864692568778992,0,,,,,,
630,25200.000000000004,22.63222222222222,1,2103.716583251953,1338.7557077407837,1414.1436767578125,1831.6999340057373,Left,0.6182950735092163,0,,,,,,
631,25240.000000000004,22.641111111111112,1,2095.115432739258,1359.1511392593384,1406.9222259521484,1824.4288730621338,Right,0.6201626062393188,0,,,,,,
632,25280.0,22.626666666666665,1,2090.287857055664,1369.3518161773682,1391.8531036376953,1825.5767726898193,Right,0.6300615072250366,0,,,,,,
633,25320.000000000004,22.601111111111113,1,2088.65478515625,1382.7598142623901,1394.809684753418,1829.8761177062988,Right,0.6679661273956299,0,,,,,,
634,25360.000000000004,22.57,1,2098.392105102539,1396.2117147445679,1398.9033508300781,1828.578872680664,Right,0.648757815361023,1,2111.9654620797805,1391.2545177340508,1437.901011888475,1719.0992975234985,Left,0.5400818586349487
635,25400.000000000004,188.05333333333334,1,2098.8153076171875,1384.4736814498901,1410.5947494506836,1822.3995780944824,Right,0.7375234365463257,1,2109.7673136631743,1397.2042018175125,1429.2051838542764,1765.5257043242455,Right,0.6765936613082886
636,25440.0,197.2577777777778,1,2101.3346099853516,1364.2675065994263,1418.306007385254,1819.5320177078247,Right,0.7480292320251465,0,,,,,,
637,25480.0,186.02333333333334,1,2094.811248779297,1309.8791313171387,1414.5248794555664,1823.382682800293,Right,0.5173453688621521,0,,,,,,
638,25520.000000000004,23.892222222222223,0,,,,,,,0,,,,,,
639,25560.000000000004,23.256666666666668,0,,,,,,,1,1986.452032449237,1060.467114597559,1477.7035524249775,1667.5588005781174,Left,0.9227262139320374
640,25600.0,22.906666666666666,0,,,,,,,0,,,,,,
641,25640.0,22.141111111111112,0,,,,,,,0,,,,,,
642,25680.000000000004,21.874444444444446,1,1686.5242767333984,950.6594181060791,1470.2026748657227,1720.872130393982,Left,0.924811840057373,1,1685.6337047545599,941.3617135584354,1478.1864816949628,1691.1338889598846,Left,0.8559665679931641
643,25720.000000000004,21.64,1,1611.6534805297852,934.4949674606323,1476.4906311035156,1750.071988105774,Left,0.955748975276947,1,1593.131648082666,936.5954911708832,1474.9866539260847,1717.1755903959274,Left,0.9216086864471436
644,25760.0,21.525555555555556,1,1553.8314056396484,936.2277603149414,1469.641342163086,1765.9772729873657,Left,0.8944318294525146,1,1548.0552232838459,944.3149021267891,1468.5037610678992,1735.8274948596954,Left,0.8166916370391846
645,25800.0,21.532222222222224,1,1523.7715530395508,945.6805515289307,1467.9256439208984,1767.3227977752686,Left,0.8329786658287048,1,1512.8087574823521,947.5342087447643,1468.1046084530328,1742.4883961677551,Left,0.7747163772583008
646,25840.000000000004,21.62,1,1501.1553955078125,945.5830907821655,1464.034767150879,1764.721097946167,Left,0.7791411280632019,1,1496.961171685741,949.12437915802,1473.7355322798699,1747.925719320774,Left,0.816105842590332
647,25880.000000000004,21.895555555555557,1,1489.0708923339844,946.657862663269,1472.9541778564453,1758.3945178985596,Left,0.7945646047592163,1,1490.438502894197,948.0237132310867,1472.0053016510547,1741.9272887706757,Left,0.7885825634002686
648,25920.0,22.1,1,1486.2685775756836,947.1909999847412,1480.008316040039,1754.4296550750732,Left,0.7894439697265625,1,1487.170674009871,946.9646282494068,1482.959054363291,1741.4129403233528,Left,0.7815560698509216
649,25960.0,22.24111111111111,1,1485.5321502685547,949.9976634979248,1473.8539123535156,1748.429832458496,Left,0.827266275882721,1,1484.8750408481183,951.6800120472908,1471.5158554202367,1735.2860534191132,Left,0.7486440539360046
650,26000.000000000004,22.26888888888889,1,1484.7211074829102,949.4824862480164,1475.8685302734375,1743.5816431045532,Left,0.7747665643692017,1,1487.023210916821,947.1558482944965,1472.5430183365925,1732.4564570188522,Left,0.7880866527557373
651,26040.000000000004,22.287777777777777,1,1481.7313385009766,945.685830116272,1481.7430114746094,1739.5758390426636,Left,0.7581526041030884,1,1486.5212251544697,946.8179181218147,1478.6442869573239,1734.7013050317764,Left,0.7816722393035889
652,26080.000000000004,22.27888888888889,1,1486.223030090332,947.0510530471802,1480.6687545776367,1735.6775379180908,Left,0.7813928723335266,1,1485.2577886995089,947.4537143111229,1476.978551768474,1734.9849969148636,Left,0.7663528323173523
653,26120.0,22.30666666666667,1,1490.1332473754883,946.9814658164978,1479.2892837524414,1735.5263900756836,Left,0.7932027578353882,1,1489.0372664260417,943.8776484131813,1478.1850434691237,1736.2319022417068,Left,0.7807130813598633
654,26160.000000000004,22.25777777777778,1,1494.4159698486328,943.9441537857056,1481.2922286987305,1735.934772491455,Left,0.7692127227783203,1,1494.7804617574318,940.0976005196571,1479.3409275980655,1734.6017199754715,Left,0.8141510486602783
655,26200.000000000004,22.174444444444443,1,1506.0725784301758,938.6804366111755,1471.655158996582,1737.745327949524,Left,0.8202098608016968,1,1499.4892580987141,941.7034095525742,1476.996844203363,1733.6237570643425,Left,0.7394856214523315
656,26240.000000000004,22.163333333333334,1,1525.246353149414,924.336519241333,1484.3451690673828,1728.8493633270264,Left,0.8236520290374756,1,1533.2806887967645,922.9557381570339,1476.8175603636264,1727.8111070394516,Left,0.8524871468544006
657,26280.0,22.202222222222222,1,1604.7919464111328,900.1541519165039,1475.5581665039062,1716.107497215271,Left,0.9233891367912292,1,1602.475891247444,902.5336360931396,1477.4877736045776,1719.5299610495567,Left,0.9300035834312439
658,26320.000000000004,22.185555555555556,1,1685.4975128173828,902.2048187255859,1455.1908874511719,1700.2804899215698,Left,0.9482725858688354,1,1682.838962282134,897.1180710196495,1460.2117598825434,1701.8767315149307,Left,0.9461420774459839
659,26360.000000000004,22.19333333333333,1,1731.3510131835938,886.6962003707886,1462.463150024414,1695.058422088623,Left,0.9732009768486023,1,1736.5225395032696,894.2426571249962,1459.6494135795137,1701.683000922203,Left,0.9772583246231079
660,26400.000000000004,22.157777777777778,0,,,,,,,0,,,,,,
661,26440.0,22.05,0,,,,,,,0,,,,,,
662,26480.0,22.06,0,,,,,,,0,,,,,,
663,26520.000000000004,22.09777777777778,0,,,,,,,0,,,,,,
664,26560.000000000004,22.09111111111111,0,,,,,,,0,,,,,,
665,26600.0,22.154444444444444,0,,,,,,,0,,,,,,
666,26640.0,22.23,0,,,,,,,0,,,,,,
667,26680.000000000004,22.387777777777778,0,,,,,,,0,,,,,,
668,26720.000000000004,22.43888888888889,0,,,,,,,0,,,,,,
669,26760.0,22.47111111111111,0,,,,,,,0,,,,,,
670,26800.0,22.51222222222222,0,,,,,,,0,,,,,,
671,26840.000000000004,22.47888888888889,0,,,,,,,0,,,,,,
672,26880.000000000004,22.465555555555557,1,2151.170883178711,959.2151069641113,1546.6171646118164,1507.945761680603,Left,0.5163504481315613,0,,,,,,
673,26920.0,22.43888888888889,1,2145.169143676758,970.9480547904968,1538.496208190918,1554.9829959869385,Left,0.5576988458633423,0,,,,,,
674,26960.0,22.47111111111111,1,2136.8174743652344,978.0494928359985,1541.7544555664062,1589.243860244751,Left,0.515495240688324,0,,,,,,
675,27000.000000000004,22.48,1,2130.6021881103516,1001.9674801826477,1533.6098098754883,1616.2563228607178,Right,0.6467559337615967,0,,,,,,
676,27040.000000000004,181.86444444444444,1,2113.6473083496094,1004.4845294952393,1536.7556762695312,1610.9862327575684,Right,0.6674959659576416,0,,,,,,
677,27080.000000000004,194.1588888888889,1,2110.8155822753906,1000.8424973487854,1548.1338500976562,1598.9341878890991,Right,0.6449239253997803,0,,,,,,
678,27120.0,197.62222222222223,1,2101.040496826172,984.2714023590088,1550.8062744140625,1579.7572088241577,Right,0.6238934993743896,0,,,,,,
679,27160.000000000004,24.615555555555556,1,2087.5021362304688,937.2668695449829,1555.9746551513672,1571.953525543213,Left,0.7443704605102539,0,,,,,,
680,27200.000000000004,23.165555555555557,1,2023.5360717773438,901.6626691818237,1549.7949600219727,1557.890338897705,Left,0.834841251373291,0,,,,,,
681,27240.000000000004,22.871111111111112,0,,,,,,,0,,,,,,
682,27280.0,22.56,0,,,,,,,0,,,,,,
683,27320.000000000004,22.247777777777777,0,,,,,,,1,1713.6930414269148,845.5741220712662,1516.2377575497555,1547.8728353977203,Left,0.8799289464950562
684,27360.000000000004,22.08888888888889,1,1718.2337951660156,984.8237872123718,1513.9070892333984,1677.5860404968262,Left,0.8328440189361572,1,1679.9694320660822,872.5659611821175,1510.1589162632001,1608.3868664503098,Left,0.9377639889717102
685,27400.000000000004,21.967777777777776,1,1663.2867050170898,916.1722183227539,1505.9428024291992,1682.5229358673096,Left,0.8658566474914551,1,1643.965470693036,890.0095599889755,1508.8923336892167,1650.402241051197,Left,0.9089347124099731
686,27440.0,22.115555555555556,1,1626.020393371582,896.8823289871216,1511.0957336425781,1680.7570552825928,Left,0.9450883865356445,1,1634.007509596043,888.970088660717,1517.6651517503567,1675.8523947000504,Left,0.9312745928764343
687,27480.000000000004,22.282222222222224,1,1606.336669921875,899.4733428955078,1505.621566772461,1691.5813779830933,Left,0.9487718343734741,1,1610.0036102330698,900.8811727166176,1503.4848742021065,1679.2424708604813,Left,0.9445255994796753
688,27520.000000000004,22.645555555555557,1,1596.5242767333984,903.7999176979065,1500.7665252685547,1691.0269975662231,Left,0.9430655241012573,1,1596.348285116037,906.3621166348457,1507.797843825775,1689.034652709961,Left,0.9451760053634644
689,27560.000000000004,22.948888888888888,1,1587.2629165649414,906.4433312416077,1509.2515182495117,1697.3636198043823,Left,0.9211190938949585,1,1594.423489497946,907.1925848722458,1503.8820942010018,1697.3641267418861,Left,0.9188802242279053
690,27600.0,23.16111111111111,1,1591.2528991699219,907.2225666046143,1503.8591766357422,1708.6661052703857,Left,0.9106731414794922,1,1595.1510519942253,905.0654710829258,1508.157894675645,1707.1521243453026,Left,0.9152565598487854
691,27640.0,23.203333333333333,1,1591.1120223999023,904.0134429931641,1497.2592544555664,1698.9968919754028,Left,0.9286329746246338,1,1586.3106822632121,905.8283114433289,1506.5192161103905,1704.8785096406937,Left,0.9153233766555786
692,27680.000000000004,23.261111111111113,1,1581.5264511108398,911.4628171920776,1505.3118896484375,1707.2765493392944,Left,0.9342445731163025,1,1588.201904296875,908.6774691939354,1498.0079304291523,1699.8077264428139,Left,0.9292551279067993
693,27720.000000000004,23.20777777777778,1,1585.030746459961,909.1954708099365,1497.0085144042969,1701.512975692749,Left,0.9081408381462097,1,1577.6826755662316,912.6974312961102,1504.413698426724,1704.1858077049255,Left,0.9234312772750854
694,27760.0,23.16888888888889,1,1578.534278869629,914.0278244018555,1507.3746871948242,1707.2522163391113,Left,0.9168392419815063,1,1582.2004575382782,910.3843277692795,1495.7946356966795,1701.874430179596,Left,0.9072050452232361
695,27800.0,23.17222222222222,1,1584.3299102783203,912.2283411026001,1493.4819030761719,1705.0529766082764,Left,0.9048014879226685,1,1586.4428192621658,909.0900358557701,1500.2540346885762,1707.276291847229,Left,0.8986316323280334
696,27840.000000000004,23.185555555555556,1,1597.056655883789,910.1175498962402,1498.2182693481445,1703.3357620239258,Left,0.8956918716430664,1,1599.836791777527,908.892434835434,1498.0010089673024,1704.1594469547272,Left,0.914155125617981
697,27880.000000000004,23.218888888888888,1,1637.604103088379,910.9713935852051,1497.9717636108398,1699.1419887542725,Left,0.9016836881637573,1,1629.6510785853038,913.66519510746,1505.5718747280966,1701.787816286087,Left,0.8740979433059692
698,27920.0,23.196666666666665,1,1631.3542556762695,917.6907777786255,1502.8850555419922,1702.173056602478,Left,0.9143012166023254,1,1643.2803358590058,916.1288791894913,1502.2814836759221,1698.993681371212,Left,0.913879930973053
699,27960.0,23.16888888888889,1,1671.7245483398438,929.4216656684875,1503.7297439575195,1697.138056755066,Left,0.8977529406547546,1,1668.93788032487,926.3436175882816,1506.5798013738563,1690.5041599273682,Left,0.9173339009284973
700,28000.000000000004,23.076666666666668,1,1689.2784118652344,923.7986183166504,1503.5141372680664,1699.5947885513306,Left,0.9554807543754578,1,1686.5541692914885,920.5185717344284,1502.5753311926428,1696.7075139284134,Left,0.9573362469673157
701,28040.000000000004,22.99,1,1720.0215911865234,924.8261404037476,1501.732177734375,1697.9965353012085,Left,0.9625498652458191,1,1721.3235486154679,925.1469232141972,1501.5678989370151,1701.2554755806923,Left,0.9624805450439453
702,28080.000000000004,23.01222222222222,0,,,,,,,0,,,,,,
703,28120.0,22.965555555555557,1,1825.7435989379883,1418.4252977371216,1455.8142471313477,1772.4703216552734,Left,0.7895538806915283,0,,,,,,
704,28160.000000000004,23.00888888888889,1,1819.1427612304688,1434.4113063812256,1429.6147155761719,1803.8735389709473,Left,0.897568941116333,1,1809.78774129995,1322.7199146151543,1453.0468783093504,1707.6164710521698,Left,0.9088245630264282
705,28200.000000000004,23.017777777777777,1,1922.16796875,1411.544852256775,1387.1989059448242,1770.3424072265625,Left,0.8462285399436951,1,2069.1735691370186,1289.8288115859032,1453.7241029012664,1720.535539984703,Right,0.7568342685699463
706,28240.000000000004,23.011111111111113,1,2063.847198486328,1349.9728345870972,1404.2643356323242,1772.301664352417,Right,0.580708384513855,0,,,,,,
707,28280.0,23.124444444444446,1,2059.0413665771484,1375.8505296707153,1387.4987411499023,1798.1833505630493,Right,0.6489033699035645,1,2041.388304376099,1326.5656551718712,1403.7619350384157,1782.9939901828766,Left,0.9251836538314819
708,28320.000000000004,23.25888888888889,1,2053.9027404785156,1400.6103229522705,1368.423843383789,1803.0507230758667,Right,0.6406291723251343,1,2054.744748185975,1396.431999206543,1375.7461496422468,1823.95828217268,Left,0.5467923283576965
709,28360.000000000004,23.303333333333335,1,2054.7681427001953,1426.0809230804443,1351.6728973388672,1805.6767559051514,Right,0.5708914995193481,1,2051.3365125041214,1423.737552165985,1356.767770917027,1810.8690190315247,Right,0.5520902872085571
710,28400.000000000004,23.358888888888888,1,2044.6158599853516,1424.2067670822144,1344.8787689208984,1815.337085723877,Right,0.5587798357009888,1,2052.0602097684587,1431.8626257777214,1342.1164744065209,1809.3655148148537,Right,0.5735086798667908
711,28440.0,23.304444444444446,1,2046.357650756836,1441.459379196167,1334.5686721801758,1809.630160331726,Right,0.5560632944107056,1,2047.137072832615,1443.3887591958046,1331.6256056916393,1815.63048183918,Right,0.5748233795166016
712,28480.000000000004,23.308888888888887,1,2044.0118408203125,1452.8326749801636,1321.7310333251953,1816.4566612243652,Right,0.5784611105918884,1,2040.1174520691561,1450.4657837748528,1323.1658264732584,1820.9433236718178,Right,0.6000005006790161
713,28520.000000000004,23.282222222222224,1,2042.7605438232422,1458.880648612976,1319.7847366333008,1823.7823104858398,Right,0.5746569037437439,1,2041.3744614523991,1461.1700266599655,1319.1440076928625,1823.3380722999573,Right,0.5595957040786743
714,28560.000000000004,179.98888888888888,1,2044.4329833984375,1458.2921504974365,1324.9122619628906,1829.6309852600098,Right,0.6789857745170593,1,2051.1419924594034,1459.2048954963684,1322.236912359526,1833.271472454071,Right,0.686342716217041
715,28600.0,196.86777777777777,1,2049.114532470703,1455.6469345092773,1325.5824279785156,1833.925437927246,Right,0.516495406627655,1,2046.78758395375,1458.3940932154655,1328.1152110306627,1833.4554746747017,Right,0.5169053077697754
716,28640.0,196.84333333333333,1,2043.9788818359375,1442.9028797149658,1327.660903930664,1849.1082000732422,Right,0.6664964556694031,1,2049.026452139422,1448.0262637138367,1322.4252300553137,1850.5572205781937,Right,0.6626591682434082
717,28680.000000000004,27.784444444444443,1,2040.0535583496094,1402.0054149627686,1332.2509002685547,1834.428448677063,Right,0.5945857763290405,1,2034.8503094904588,1407.1970182657242,1323.3629533023097,1840.9271782636642,Right,0.5760830640792847
718,28720.000000000004,24.567777777777778,1,2038.3488464355469,1311.9753742218018,1339.3239212036133,1817.861795425415,Left,0.6946849822998047,1,2058.043858482298,1307.8824734687805,1339.0426262322233,1819.1397044062614,Left,0.7072756290435791
719,28760.0,23.087777777777777,1,1758.3676528930664,1507.4991416931152,1347.846908569336,1778.4389877319336,Left,0.8658246397972107,1,1779.2236444399477,1518.5278809070587,1345.7777928914722,1785.6582042574883,Left,0.8598268628120422
720,28800.0,22.897777777777776,1,1802.2037887573242,1519.4738101959229,1370.4999160766602,1760.54753780365,Left,0.8779159784317017,1,1789.8207620886817,1515.578928887844,1372.8352254887677,1764.5144766569138,Left,0.8755277395248413
721,28840.000000000004,22.57111111111111,0,,,,,,,0,,,,,,
722,28880.000000000004,22.26888888888889,1,1803.8459014892578,1452.5585746765137,1383.171615600586,1747.3338174819946,Left,0.5217649340629578,0,,,,,,
723,28920.0,22.105555555555554,1,1778.7166213989258,1099.1880512237549,1430.0040435791016,1747.3988342285156,Left,0.8893077373504639,1,1782.4327757322214,958.1507916748524,1421.70231920893,1700.5095291137695,Left,0.9453856348991394
724,28960.0,22.014444444444443,1,1758.042984008789,949.4470810890198,1454.6209716796875,1709.1818618774414,Left,0.9723309278488159,1,1762.7699812858912,960.6270807981491,1453.9552977048777,1727.7388241887093,Left,0.9195226430892944
725,29000.000000000004,22.124444444444446,0,,,,,,,1,1786.611451018178,982.7010709047318,1450.7124579945034,1711.4417088031769,Left,0.9245814681053162
726,29040.000000000004,22.307777777777776,1,1788.5009765625,1301.1657285690308,1424.128303527832,1693.4590101242065,Left,0.6502553224563599,1,1796.572782956981,1006.0448750853539,1461.928641977791,1686.2224209308624,Left,0.9403788447380066
727,29080.000000000004,22.63,0,,,,,,,1,1787.6205462224318,944.7863620519638,1482.569070438148,1667.664975821972,Left,0.9677015542984009
728,29120.0,22.823333333333334,1,1756.259651184082,1429.833483695984,1409.9733352661133,1722.572865486145,Left,0.6699504852294922,0,,,,,,
729,29160.000000000004,23.04,1,1786.3711166381836,1413.4179782867432,1422.6101303100586,1744.910044670105,Left,0.6150504946708679,0,,,,,,
730,29200.000000000004,23.128888888888888,1,1772.889747619629,1474.434199333191,1414.2607498168945,1756.7241668701172,Left,0.5714744329452515,0,,,,,,
731,29240.000000000004,23.15888888888889,0,,,,,,,0,,,,,,
732,29280.0,23.226666666666667,1,1808.551254272461,1548.3960914611816,1386.8140411376953,1758.6278057098389,Left,0.612247109413147,0,,,,,,
733,29320.000000000004,23.282222222222224,1,1887.0771789550781,1600.573124885559,1402.4712753295898,1788.1606006622314,Right,0.5243896245956421,0,,,,,,
734,29360.000000000004,23.27777777777778,1,1787.0963287353516,1541.9094800949097,1387.8928756713867,1798.283772468567,Right,0.5544108152389526,0,,,,,,
735,29400.000000000004,23.288888888888888,1,1847.7366256713867,1593.1769227981567,1389.305763244629,1785.819354057312,Left,0.5217107534408569,0,,,,,,
736,29440.0,23.32777777777778,1,1804.7084426879883,1481.5359592437744,1391.6179275512695,1778.5163640975952,Left,0.5606504678726196,1,1808.715813604357,965.2280777692795,1440.4924251829195,1702.9106587171555,Left,0.938007116317749
737,29480.000000000004,23.374444444444446,1,1828.099250793457,1356.4985847473145,1400.7344055175781,1764.090371131897,Left,0.5962665677070618,0,,,,,,
738,29520.000000000004,23.36777777777778,1,1822.0045852661133,1498.4198427200317,1393.3186340332031,1773.168511390686,Left,0.5018329620361328,1,1809.9668004168996,965.772448182106,1437.4713419190884,1702.4883636832237,Left,0.9130455851554871
739,29560.000000000004,23.373333333333335,1,1807.0222091674805,1385.629563331604,1404.4382858276367,1768.275260925293,Left,0.5668772459030151,0,,,,,,
740,29600.0,23.374444444444446,1,1831.9034957885742,1358.9152765274048,1396.746826171875,1759.1300439834595,Left,0.7513545155525208,0,,,,,,
741,29640.000000000004,23.40111111111111,1,1813.341407775879,1060.8411741256714,1429.7044372558594,1749.4870948791504,Left,0.9286519289016724,0,,,,,,
742,29680.000000000004,23.391111111111112,1,1769.80224609375,941.5697550773621,1441.4267349243164,1688.8271141052246,Left,0.9663512706756592,1,1785.4441509716396,943.072704076767,1437.2737656444626,1706.358477473259,Left,0.9166176915168762
743,29720.000000000004,23.322222222222223,1,1747.9876327514648,942.2995519638062,1431.0272598266602,1701.1934280395508,Left,0.9521447420120239,1,1749.0200029308323,942.3252931237221,1423.4936744359006,1714.4492402672768,Left,0.9352611303329468
744,29760.0,23.284444444444443,1,1674.4075012207031,926.0167837142944,1430.0089645385742,1718.8460540771484,Left,0.9699624180793762,1,1677.458559418619,927.0348027348518,1423.7782184292255,1724.0377539396286,Left,0.9603657126426697
745,29800.0,23.256666666666668,1,1610.295066833496,910.9209251403809,1428.9874649047852,1738.1659412384033,Left,0.9552175402641296,1,1611.4318583802628,914.7073861956596,1422.4704216960447,1737.6661571860313,Left,0.9540804624557495
746,29840.000000000004,23.285555555555554,1,1573.0944442749023,911.2621021270752,1423.3575439453125,1745.2516078948975,Left,0.9282858967781067,1,1571.934806000865,912.6561118662357,1419.3715394032379,1749.3872764706612,Left,0.9284946918487549
747,29880.000000000004,23.253333333333334,1,1551.4221954345703,909.3161702156067,1443.1557083129883,1752.7983140945435,Left,0.8891141414642334,1,1552.4769587365852,909.2822496592999,1440.3344001188648,1755.8770421147346,Left,0.8960282802581787
748,29920.0,23.336666666666666,1,1548.8364028930664,920.7743740081787,1425.7960510253906,1768.1911897659302,Left,0.892417311668396,1,1548.172303856048,916.8571472167969,1430.7275908493632,1764.2206379771233,Left,0.8618400692939758
749,29960.0,23.41888888888889,1,1543.0952453613281,919.4128847122192,1420.1707077026367,1763.423466682434,Left,0.8827648162841797,1,1535.817359620214,920.0926154851913,1426.3254062791223,1768.6561480164528,Left,0.8690268397331238
750,30000.000000000004,23.302222222222223,1,1525.4204177856445,921.8178606033325,1427.2616958618164,1772.2586631774902,Left,0.8615025281906128,1,1526.6395012071796,918.6474291980267,1429.6557530428852,1770.8073735237122,Left,0.8612896203994751
751,30040.000000000004,23.29111111111111,1,1522.1940994262695,921.0997152328491,1423.8166809082031,1771.7659521102905,Left,0.8504917621612549,1,1525.82321815446,920.560832619667,1426.665052299902,1769.2631775140762,Left,0.8512579202651978
752,30080.000000000004,23.284444444444443,1,1520.4473876953125,924.2778754234314,1432.6249694824219,1770.1310062408447,Left,0.82672518491745,1,1521.8835130805567,925.1715579628944,1435.2392603615942,1771.1998558044434,Left,0.8255240321159363
753,30120.0,23.32777777777778,1,1520.3702545166016,925.3203964233398,1431.7589950561523,1772.294840812683,Left,0.821878969669342,1,1517.5888358917773,923.1375436484814,1427.8470941612898,1769.9081790447235,Left,0.8589757680892944
754,30160.000000000004,23.294444444444444,1,1521.4337539672852,924.986686706543,1428.6593627929688,1771.7257833480835,Left,0.838742196559906,1,1517.1833011497506,922.9413548111916,1432.4885186109286,1773.9470225572586,Left,0.8550258874893188
755,30200.000000000004,23.351111111111113,1,1522.5630569458008,921.9281959533691,1428.4246444702148,1771.9970512390137,Left,0.8491215109825134,1,1522.806269789916,920.1133798062801,1430.0836701745304,1770.5937677621841,Left,0.8404266834259033
756,30240.000000000004,23.26888888888889,1,1522.9876327514648,923.270115852356,1430.1768493652344,1770.61354637146,Left,0.8366653323173523,1,1525.164061274646,921.3938637077808,1430.1697839466376,1768.862954378128,Left,0.8358204960823059
757,30280.0,23.29111111111111,1,1521.709327697754,926.2266397476196,1431.7227172851562,1771.039309501648,Left,0.8475297689437866,1,1523.9211195378903,923.7922735512257,1429.7152596369717,1767.9151180386543,Left,0.8101619482040405
758,30320.000000000004,23.301111111111112,1,1534.6711349487305,916.2750864028931,1423.01513671875,1767.1177053451538,Left,0.8540856242179871,1,1524.6258951435334,925.4883053898811,1436.0384644824762,1771.1950439214706,Left,0.8796665668487549
759,30360.000000000004,23.316666666666666,1,1582.9551315307617,914.0981197357178,1423.9811325073242,1764.767575263977,Left,0.9064225554466248,1,1579.8030698984198,908.1777656078339,1423.1698039547919,1751.1815857887268,Left,0.8886356353759766
760,30400.000000000004,23.314444444444444,1,1723.2704544067383,926.0559225082397,1411.7409896850586,1735.896921157837,Left,0.9723532795906067,1,1729.0356751203817,926.9313995540142,1407.6935950365323,1734.3556863069534,Left,0.9755761623382568
761,30440.0,23.288888888888888,1,1845.424575805664,1454.4427728652954,1369.1282272338867,1763.6705303192139,Left,0.7643624544143677,0,,,,,,
762,30480.000000000004,23.314444444444444,1,1878.922348022461,1607.8690338134766,1343.2553100585938,1805.2991437911987,Left,0.8250880241394043,0,,,,,,
763,30520.000000000004,23.34111111111111,0,,,,,,,1,2076.722906454786,1273.2363930344582,1368.5218064195246,1775.4519912600517,Left,0.9414924383163452
764,30560.000000000004,23.373333333333335,1,2104.097213745117,1401.7123889923096,1354.8726654052734,1753.9948797225952,Right,0.6611180305480957,1,2083.7129536994316,1393.389320075512,1337.7790998881476,1822.9681849479675,Left,0.5882803201675415
765,30600.0,23.376666666666665,1,2082.0135498046875,1455.0288248062134,1328.393440246582,1814.1119384765625,Right,0.7058358192443848,1,2097.582844133813,1453.24286788702,1322.3232059098632,1823.8583832979202,Right,0.6501640677452087
766,30640.000000000004,23.44333333333333,1,2089.2819213867188,1477.7752876281738,1316.4492416381836,1817.2263050079346,Right,0.626469612121582,1,2093.6838138844178,1481.2740737199783,1317.6349492313434,1821.1576616764069,Right,0.6834213733673096
767,30680.000000000004,23.555555555555557,1,2089.712448120117,1497.4296569824219,1315.2140808105469,1822.5919246673584,Right,0.6341749429702759,1,2089.4414072159725,1495.3967410326004,1311.7937747646747,1823.1983184814453,Right,0.563959002494812
768,30720.000000000004,23.565555555555555,1,2092.4388885498047,1519.4185781478882,1309.7216033935547,1806.6708040237427,Right,0.5774451494216919,1,2088.051182164397,1513.5692355036736,1311.435836309006,1811.2808534502983,Right,0.6304672956466675
769,30760.0,23.58888888888889,1,2087.721633911133,1523.310956954956,1311.0619354248047,1800.7451391220093,Right,0.5728051662445068,1,2087.1621788176953,1522.8541821241379,1307.8958231846584,1804.1530948877335,Right,0.6313449740409851
770,30800.000000000004,23.57888888888889,1,2092.716293334961,1530.8732414245605,1297.8059005737305,1804.7196578979492,Right,0.6109155416488647,1,2090.977522301087,1527.1384316682816,1303.3566925478149,1797.5102904438972,Right,0.5956693887710571
771,30840.000000000004,179.72666666666666,1,2096.605911254883,1534.430751800537,1294.3389129638672,1807.0493173599243,Right,0.644244909286499,1,2092.576739544885,1527.6487004756927,1302.910438036723,1805.2366054058075,Right,0.6200416088104248
772,30880.000000000004,196.62666666666667,1,2081.2525177001953,1502.1981525421143,1310.7194137573242,1824.6172285079956,Right,0.6915963292121887,1,2084.0517457736196,1496.4134082198143,1316.6586635540407,1819.8677632212639,Right,0.7052140235900879
773,30920.0,198.30555555555554,1,2080.9151458740234,1446.5405988693237,1314.485206604004,1822.6230812072754,Right,0.7150018215179443,1,2083.314744920272,1439.2144507169724,1317.7279844653006,1816.5050938725471,Right,0.6544651985168457
774,30960.0,24.397777777777776,0,,,,,,,0,,,,,,
775,31000.000000000004,23.75777777777778,1,1792.4313354492188,1466.687421798706,1342.3084259033203,1694.4247341156006,Left,0.7904098033905029,0,,,,,,
776,31040.000000000004,23.50777777777778,0,,,,,,,0,,,,,,
777,31080.000000000004,23.17222222222222,1,1847.4457168579102,1305.5222368240356,1368.5588836669922,1729.5445919036865,Left,0.7192987203598022,1,1832.1509845371402,968.3855621516705,1396.924429621814,1705.1385605335236,Left,0.9525790810585022
778,31120.0,22.857777777777777,1,1701.8499755859375,1001.2838387489319,1399.9161529541016,1734.375400543213,Left,0.9343661069869995,1,1695.1674341736198,948.0996572971344,1417.803064236747,1726.616923213005,Left,0.9393724799156189
779,31160.000000000004,22.634444444444444,1,1637.8104400634766,935.9037065505981,1397.1903991699219,1745.8362436294556,Left,0.8929319381713867,1,1635.256428958942,924.3498243391514,1398.8834729926946,1748.7531539797783,Left,0.88432776927948
780,31200.000000000004,22.398888888888887,1,1605.9187316894531,925.1122140884399,1382.2755432128906,1758.9491558074951,Left,0.892160177230835,1,1604.826851159439,925.8447508513927,1380.9939211166757,1761.1333966255188,Left,0.8755483627319336
781,31240.000000000004,22.3,1,1595.409049987793,925.3588914871216,1378.7370300292969,1770.4127025604248,Left,0.9055531024932861,1,1604.1190642684453,918.8683573901653,1387.8092239218888,1756.3589626550674,Left,0.9143571853637695
782,31280.0,22.42,1,1588.6322021484375,924.2108631134033,1397.0917510986328,1769.760217666626,Left,0.9186514019966125,1,1585.5545799729414,923.379445374012,1400.6408950787775,1761.3193863630295,Left,0.9424377083778381
783,31320.000000000004,22.566666666666666,1,1576.5646362304688,930.6991481781006,1410.4053497314453,1772.1340370178223,Left,0.9217895269393921,1,1588.223837240919,928.8102829456329,1408.87244583434,1760.60806453228,Left,0.949897050857544
784,31360.000000000004,22.81222222222222,1,1583.1528854370117,932.8291869163513,1414.010353088379,1773.4623098373413,Left,0.896838903427124,1,1582.1161864930273,925.5640925467014,1409.0650782076443,1766.0665181279182,Left,0.9111322164535522
785,31400.000000000004,23.023333333333333,1,1575.3996276855469,932.3081517219543,1422.9121398925781,1766.5530252456665,Left,0.8944348692893982,1,1574.1520109098374,928.2997526228428,1426.8710332067742,1770.1988795399666,Left,0.8778005242347717
786,31440.0,23.154444444444444,1,1580.7847595214844,923.4920740127563,1421.7546844482422,1761.806674003601,Left,0.8685550689697266,1,1583.8225515618274,918.3693337440491,1422.9307887981813,1755.8927330374718,Left,0.8962755799293518
787,31480.000000000004,23.19,1,1583.580436706543,915.9972524642944,1422.868537902832,1755.6562185287476,Left,0.9115673303604126,1,1582.8341308540084,916.3803523778915,1421.034982419657,1759.258540570736,Left,0.8872491121292114
788,31520.000000000004,23.196666666666665,1,1582.5215148925781,922.3127603530884,1415.8946228027344,1753.073959350586,Left,0.8916065692901611,1,1578.7131194352824,919.9531754851341,1420.1625636146607,1754.6063911914825,Left,0.8674623966217041
789,31560.000000000004,23.195555555555554,1,1579.3207168579102,918.7618160247803,1423.8555908203125,1757.1196746826172,Left,0.9071627259254456,1,1578.2031784862595,919.057589918375,1424.959765900481,1750.0704592466354,Left,0.8788366913795471
790,31600.0,23.33111111111111,1,1584.1831970214844,922.0821762084961,1422.861671447754,1748.8147830963135,Left,0.9167216420173645,1,1582.2905713760001,917.934904396534,1425.5471912665776,1748.6271035671234,Left,0.9173344969749451
791,31640.000000000004,23.37,1,1581.163215637207,916.3272285461426,1428.694953918457,1751.839542388916,Left,0.9211852550506592,1,1584.3355487407582,917.3151129484177,1422.015043439787,1748.1018760800362,Left,0.9223788976669312
792,31680.000000000004,23.377777777777776,1,1587.5003814697266,917.0581197738647,1422.7301788330078,1752.4163246154785,Left,0.9297230839729309,1,1585.5952997420065,919.3107891082764,1431.7966870378357,1750.9641095995903,Left,0.8851466774940491
793,31720.000000000004,23.453333333333333,1,1592.1886825561523,918.1358528137207,1417.7105712890625,1747.464108467102,Left,0.9153934121131897,1,1583.0958879566974,915.5505640804768,1431.5337164320952,1751.7368352413177,Left,0.9066675305366516
794,31760.0,23.373333333333335,1,1588.088150024414,913.5018968582153,1423.7321090698242,1749.8468112945557,Left,0.9178711771965027,1,1586.1107239270407,918.0875247716904,1424.0570095191947,1748.3208167552948,Left,0.9225068688392639
795,31800.000000000004,23.407777777777778,1,1583.0067443847656,911.7823004722595,1426.3014221191406,1753.2990074157715,Left,0.913388192653656,1,1583.6426834428437,915.1965245604515,1426.814448008923,1747.280403971672,Left,0.9095937013626099
796,31840.000000000004,23.384444444444444,1,1591.9697570800781,911.8975925445557,1417.1794509887695,1745.9330606460571,Left,0.923417866230011,1,1582.921997463857,913.2902866601944,1429.1628910256998,1746.7105096578598,Left,0.9116976261138916
797,31880.000000000004,23.435555555555556,1,1587.1711349487305,913.8319373130798,1425.6829833984375,1747.9028749465942,Left,0.9138936400413513,1,1584.134871291667,913.7562024593353,1426.0887282395,1742.315482199192,Left,0.9156274199485779
798,31920.0,23.465555555555557,1,1584.2153549194336,908.3751010894775,1428.8328552246094,1751.9031429290771,Left,0.9127354621887207,1,1586.3194913964758,911.3750003278255,1426.726985900092,1741.3179579377174,Left,0.9062938690185547
799,31960.0,23.475555555555555,1,1597.2335815429688,905.5096650123596,1422.2878646850586,1746.6055011749268,Left,0.9252611398696899,1,1594.281374807235,907.8262889385223,1427.3487489080933,1740.4095581173897,Left,0.919715404510498
800,32000.0,23.47222222222222,1,1630.693130493164,911.6273546218872,1432.3778915405273,1740.1155424118042,Left,0.9321787357330322,1,1632.928255937583,914.9235025048256,1429.0739008019148,1728.229740858078,Left,0.9302303791046143
801,32040.0,23.447777777777777,1,1694.589500427246,905.5388903617859,1426.1909866333008,1727.6184225082397,Left,0.9553772211074829,1,1695.4881585357057,908.1873893737793,1424.4221391040583,1726.1951512098312,Left,0.9696773290634155
802,32080.000000000004,23.475555555555555,1,1768.7560272216797,915.733323097229,1425.6908798217773,1728.1349515914917,Left,0.958890974521637,1,1768.8461258989985,921.277280151844,1424.6382325363606,1739.5284605026245,Left,0.9652799963951111
803,32120.000000000004,23.476666666666667,1,1758.3311462402344,1359.5042896270752,1408.6734008789062,1731.8949794769287,Left,0.637489914894104,1,1779.6886408315036,1279.5610901713371,1412.7271158055153,1728.4152075648308,Left,0.7091723084449768
804,32160.000000000004,23.488888888888887,1,1790.7159805297852,1395.5070877075195,1420.0529479980469,1744.7805261611938,Left,0.5984653234481812,0,,,,,,
805,32200.000000000004,23.462222222222223,0,,,,,,,0,,,,,,
806,32240.000000000004,23.49,1,2064.5626831054688,1041.2084341049194,1492.042007446289,1600.7401084899902,Left,0.612696647644043,0,,,,,,
807,32280.0,23.551111111111112,1,2065.7544708251953,1057.942714691162,1492.4432373046875,1665.537085533142,Left,0.768703818321228,0,,,,,,
808,32320.0,23.696666666666665,1,2097.894515991211,1062.415738105774,1498.5138702392578,1684.6776294708252,Left,0.7265050411224365,0,,,,,,
809,32360.0,23.79,1,2115.838394165039,1087.9728555679321,1502.881736755371,1702.3454475402832,Left,0.6840251684188843,0,,,,,,
810,32400.000000000007,23.79,1,2128.168487548828,1111.7342233657837,1506.4434814453125,1731.020793914795,Left,0.6113368272781372,0,,,,,,
811,32440.000000000004,23.795555555555556,1,2134.6973419189453,1111.753535270691,1504.9749755859375,1762.758493423462,Left,0.6794143319129944,0,,,,,,
812,32480.000000000004,23.79888888888889,1,2130.7058715820312,1132.8284883499146,1500.5324935913086,1791.6324949264526,Left,0.530510425567627,0,,,,,,
813,32520.000000000004,23.86888888888889,1,2132.091064453125,1133.3451461791992,1501.0661315917969,1783.3362293243408,Left,0.5666555762290955,0,,,,,,
814,32560.000000000004,23.81111111111111,1,2135.683364868164,1141.447262763977,1504.1734313964844,1792.25266456604,Right,0.5324349403381348,1,2169.4030784079227,1138.7429040670395,1535.808415653278,1649.5499101281166,Right,0.5813571214675903
815,32600.0,23.77,1,2135.2201080322266,1159.6170616149902,1499.1851806640625,1793.597674369812,Right,0.6852970123291016,1,2153.0516191775464,1163.0757594108582,1516.5010427673983,1732.4874204397202,Left,0.5494574308395386
816,32640.0,182.92666666666668,1,2128.2225036621094,1171.9692134857178,1484.4914245605469,1774.0491342544556,Right,0.7080913782119751,1,2137.796267814681,1175.8984860777855,1504.4108669196037,1760.6841132044792,Right,0.5933865308761597
817,32680.0,197.03555555555556,1,2122.324676513672,1158.7892246246338,1512.630615234375,1761.082091331482,Right,0.668781578540802,1,2118.6858419796226,1162.266003191471,1523.1362077862827,1747.0309183001518,Right,0.6868864297866821
818,32720.000000000007,197.01777777777778,1,2113.7498474121094,1128.4612941741943,1520.9186553955078,1750.475993156433,Right,0.5914092063903809,1,2107.6639083737086,1132.9764899611473,1534.4648430523532,1727.4888154864311,Right,0.6392123699188232
819,32760.000000000004,29.04888888888889,1,2082.9501342773438,1036.5330862998962,1524.6739196777344,1741.3533067703247,Left,0.8595941662788391,1,2086.64873219319,1041.1447370052338,1528.9900116735998,1727.1049109101295,Left,0.8646758794784546
820,32800.00000000001,24.144444444444446,1,1984.0962982177734,959.1668272018433,1516.6678619384766,1712.4448013305664,Left,0.9453413486480713,1,1989.2857867975447,968.7065461277962,1524.438071837878,1699.412942826748,Left,0.9105209708213806
821,32840.0,23.90222222222222,0,,,,,,,0,,,,,,
822,32880.0,23.49222222222222,0,,,,,,,1,1727.4989308114627,901.9588252902031,1525.9585911615513,1590.4452377557755,Left,0.8639364242553711
823,32920.0,23.236666666666668,0,,,,,,,1,1699.4454369315788,905.6771032512188,1527.5529543931432,1611.8677407503128,Left,0.9229605793952942
824,32960.0,22.946666666666665,1,1719.719467163086,971.8817210197449,1508.569450378418,1687.68874168396,Left,0.7859742641448975,1,1669.6071047855569,906.5738917887211,1520.8848450136352,1617.0436531305313,Left,0.9199974536895752
825,33000.0,22.698888888888888,1,1639.8839950561523,939.0415692329407,1522.4272155761719,1691.4897108078003,Left,0.8520484566688538,1,1643.4246078884755,899.1104520857334,1525.533190925124,1621.998428106308,Left,0.9288585186004639
826,33040.00000000001,22.496666666666666,1,1633.3804321289062,901.0974740982056,1525.0767517089844,1649.2992496490479,Left,0.8661859631538391,1,1608.8855694215156,906.4205914735794,1519.4246862306404,1626.1459574103355,Left,0.9039261341094971
827,33080.00000000001,22.514444444444443,1,1596.613426208496,906.4606475830078,1512.451400756836,1648.901424407959,Left,0.9292080402374268,1,1614.4208062855048,907.1933171153069,1523.7849375287644,1639.3473583459854,Left,0.8721544742584229
828,33120.00000000001,22.648888888888887,1,1595.3070831298828,914.582462310791,1518.815689086914,1656.1445474624634,Left,0.865243136882782,1,1586.160117995697,916.5882048010826,1515.7265132085658,1655.4851585626602,Left,0.9158075451850891
829,33160.00000000001,22.886666666666667,1,1567.9116439819336,923.3427286148071,1507.950782775879,1660.559892654419,Left,0.8809983730316162,1,1578.6581072969425,923.5194084048271,1511.5034776443892,1665.441258251667,Left,0.863045334815979
830,33200.0,22.97,1,1551.0118103027344,929.7148847579956,1506.3727569580078,1666.9086170196533,Left,0.884527862071991,1,1551.3956376284816,929.2584156990051,1500.8521568593499,1671.102647781372,Left,0.9020734429359436
831,33240.0,23.026666666666667,1,1536.4912033081055,930.6697940826416,1508.642349243164,1668.407220840454,Left,0.8892878293991089,1,1537.2933388874371,932.3354056477547,1504.6416572221976,1670.9677058458328,Left,0.8902970552444458
832,33280.0,23.04,1,1532.9072570800781,928.7409210205078,1512.5192642211914,1670.2400493621826,Left,0.8486568927764893,1,1525.9600743319477,928.3370447158813,1513.955427977013,1672.076112627983,Left,0.8503327965736389
833,33320.0,23.023333333333333,1,1539.0312194824219,933.1609654426575,1514.7198486328125,1665.953450202942,Left,0.8591232299804688,1,1526.8530777442636,930.1067715883255,1515.0024114432117,1670.1157933473587,Left,0.8722864389419556
834,33360.0,22.98777777777778,1,1529.7355270385742,937.4933338165283,1520.0220108032227,1666.418480873108,Left,0.8598417043685913,1,1532.2790094444929,932.5609365105629,1518.502109299511,1668.1763952970505,Left,0.8302664756774902
835,33400.00000000001,23.052222222222223,1,1526.9621658325195,932.7532911300659,1515.952262878418,1659.792308807373,Left,0.8657136559486389,1,1525.4446052023563,933.9390179514885,1519.0129940842407,1664.336303472519,Left,0.801307201385498
836,33440.00000000001,23.026666666666667,1,1541.0077285766602,941.7518663406372,1511.114730834961,1659.2582702636719,Left,0.8603764772415161,1,1547.3366047545028,944.6104145050049,1509.6331548299488,1663.3002841472626,Left,0.8158091902732849
837,33480.00000000001,23.087777777777777,1,1561.475601196289,932.1293878555298,1513.4939575195312,1642.6231241226196,Left,0.8396992683410645,1,1556.8973907971579,929.9702605605125,1516.1266546036966,1642.5711107254028,Left,0.874804675579071
838,33520.0,23.136666666666667,1,1532.7639770507812,931.3024520874023,1512.810287475586,1650.82115650177,Left,0.8758121132850647,1,1528.8839874625346,932.3574252426624,1514.479121960621,1649.7804620862007,Left,0.8744844198226929
839,33560.0,23.13888888888889,1,1530.890235900879,937.8956007957458,1510.6371688842773,1650.04958152771,Left,0.8587877154350281,1,1526.8514147956373,932.8085392713547,1512.6025518526924,1652.6269000768661,Left,0.8774152398109436
840,33600.0,23.15111111111111,1,1534.2244720458984,938.7016153335571,1511.070327758789,1646.226725578308,Left,0.843553900718689,1,1526.794919486901,932.1096655726433,1510.2714124905406,1653.9855247735977,Left,0.8294099569320679
841,33640.0,23.157777777777778,1,1522.6225662231445,933.6259317398071,1516.9137954711914,1646.279640197754,Left,0.8561615943908691,1,1532.6363636209146,943.4982419013977,1517.881919351021,1651.161890923977,Left,0.8173732757568359
842,33680.0,23.173333333333332,1,1518.4251022338867,935.9516000747681,1513.2669067382812,1642.3505687713623,Left,0.8562469482421875,1,1548.8644949856005,930.5244639515877,1517.9633139445941,1640.0741618871689,Left,0.8477738499641418
843,33720.00000000001,23.17,1,1528.7816619873047,927.0249938964844,1517.640266418457,1643.2811450958252,Left,0.8423060178756714,1,1522.3317002076196,927.2809410095215,1514.3194339479398,1649.0648514032364,Left,0.8627665042877197
844,33760.00000000001,23.143333333333334,1,1540.0215911865234,909.9394297599792,1517.8865432739258,1653.6555004119873,Left,0.8837336897850037,1,1545.4056966765963,905.2792337536812,1518.6368980273553,1658.4853675961494,Left,0.8750532269477844
845,33800.00000000001,23.142222222222223,1,1619.1549682617188,882.93301820755,1511.209945678711,1654.255199432373,Left,0.8955572843551636,1,1618.4184898385408,880.9333549439907,1511.4525105162215,1664.7057723999023,Left,0.8830921649932861
846,33840.0,23.095555555555556,1,1715.2061462402344,870.4333877563477,1503.691520690918,1658.8941764831543,Left,0.9684690237045288,1,1715.8174807692749,872.6442065834999,1498.5283884046225,1669.80553150177,Left,0.9720417261123657
847,33880.0,23.05,0,,,,,,,1,1842.6637861960658,915.775101184845,1489.7382217443003,1683.0476242303848,Left,0.947056770324707
848,33920.0,23.09111111111111,1,2009.4346618652344,995.374653339386,1525.711669921875,1571.174612045288,Left,0.9136623740196228,1,1997.7352737122656,985.7773286104202,1479.3006572745749,1695.223571062088,Left,0.8742831945419312
849,33960.0,23.031111111111112,1,2071.2130737304688,1061.3857698440552,1519.3627166748047,1650.39719581604,Left,0.7728337645530701,1,2064.0226531839317,1062.5706920027733,1480.5789703780574,1748.0333590507507,Left,0.8797464370727539
850,34000.0,23.113333333333333,1,2128.1973266601562,1135.3007984161377,1516.7709732055664,1701.1800384521484,Left,0.6248030662536621,1,2109.4582748860294,1125.714103281498,1493.9767631808031,1788.220322728157,Left,0.6889240741729736
851,34040.00000000001,23.22,1,2149.3954467773438,1166.0883522033691,1520.5963897705078,1741.5484857559204,Left,0.5541941523551941,1,2137.549162637726,1168.2648521661758,1487.1493702896314,1813.5764354467392,Left,0.5885593891143799
852,34080.00000000001,23.32,1,2145.450668334961,1184.0322017669678,1506.8781280517578,1770.8488941192627,Left,0.5825270414352417,1,2139.437373386039,1182.6991412043571,1494.537671257994,1807.5419157743454,Left,0.5130025148391724
853,34120.00000000001,23.465555555555557,1,2145.996780395508,1194.646668434143,1484.3872833251953,1799.6572351455688,Left,0.519850492477417,1,2142.436074260251,1195.5052354931831,1486.7379478105765,1810.1216080784798,Right,0.6652297973632812
854,34160.00000000001,23.465555555555557,1,2154.9609375,1204.456729888916,1490.2289199829102,1787.9543495178223,Right,0.5218762755393982,1,2159.292350760099,1203.5922847688198,1485.7382460188335,1797.216870188713,Right,0.7100884318351746
855,34200.0,23.477777777777778,1,2162.9601287841797,1216.8897342681885,1491.6142272949219,1792.095594406128,Right,0.6079898476600647,1,2170.73631376063,1214.0680155158043,1497.399246287374,1789.3476632237434,Right,0.7750476598739624
856,34240.0,23.452222222222222,1,2179.4290924072266,1227.1639251708984,1505.9122467041016,1778.8670682907104,Right,0.6842987537384033,1,2179.175553316248,1236.3960939645767,1507.519232514036,1779.1488772630692,Right,0.7856428623199463
857,34280.0,23.442222222222224,1,2184.6693420410156,1261.128544807434,1514.2627716064453,1771.9962787628174,Right,0.7485530376434326,1,2181.733797527282,1263.639981597662,1514.8528809005184,1756.6305202245712,Right,0.7650909423828125
858,34320.0,23.393333333333334,1,2180.6959533691406,1271.3271617889404,1519.1025924682617,1756.6261911392212,Right,0.7226530313491821,1,2183.8319892480813,1275.7988253235817,1531.3588595194665,1735.8257165551186,Right,0.6710658073425293
859,34360.0,196.22,1,2169.591522216797,1272.732424736023,1522.1756744384766,1734.4064283370972,Right,0.7657948732376099,1,2176.2307859109965,1276.67814463377,1530.0619843137501,1707.1634218096733,Right,0.6701165437698364
860,34400.00000000001,196.95222222222222,1,2161.8988037109375,1244.092869758606,1521.1392974853516,1710.1235103607178,Right,0.7352741360664368,1,2169.073455023458,1250.6237335503101,1531.1274399930678,1690.7455909252167,Right,0.788131058216095
861,34440.00000000001,29.334444444444443,1,2136.8820190429688,1182.9339981079102,1524.6625900268555,1693.2358932495117,Right,0.8083369135856628,1,2140.0597656178447,1180.3725957870483,1527.1754201104186,1678.4591799974442,Right,0.7868812680244446
862,34480.00000000001,24.227777777777778,1,2083.872528076172,1091.0757637023926,1533.2821655273438,1695.8693933486938,Left,0.7257527112960815,1,2084.197815585388,1089.3170727789402,1545.093107279412,1685.9177032113075,Left,0.7090811729431152
863,34520.0,23.997777777777777,1,2006.7027282714844,1016.8622374534607,1509.1544723510742,1691.501169204712,Left,0.8748523592948914,1,2005.0721131623282,1014.0069723129272,1515.943730254805,1682.359315752983,Left,0.8698030710220337
864,34560.0,23.696666666666665,0,,,,,,,0,,,,,,
865,34600.0,23.39,0,,,,,,,0,,,,,,
866,34640.0,23.124444444444446,1,1728.5992813110352,1029.4428491592407,1489.0367889404297,1687.803840637207,Left,0.7948020696640015,1,1703.9900508044334,920.2805927395821,1512.0682509535222,1606.1639857292175,Left,0.8670868277549744
867,34680.0,22.92,1,1677.0466232299805,916.1934614181519,1505.866813659668,1676.2599563598633,Left,0.9024786949157715,1,1682.9423347643085,924.5191293954849,1513.2014830255005,1630.6863874197006,Left,0.9079617857933044
868,34720.00000000001,22.706666666666667,1,1651.948471069336,919.9487900733948,1514.6983337402344,1666.6016864776611,Left,0.8764057755470276,1,1646.026897765827,921.5908893942833,1517.4925646496824,1641.0405135154724,Left,0.8823198676109314
869,34760.00000000001,22.49222222222222,1,1612.3176956176758,911.371021270752,1506.6033554077148,1663.8978910446167,Left,0.9603291749954224,1,1632.4607426508092,915.395276248455,1514.1508019683229,1650.8427375555038,Left,0.8856399655342102
870,34800.00000000001,22.604444444444443,1,1601.8157958984375,919.4670867919922,1505.8697891235352,1669.987449645996,Left,0.8866409063339233,1,1598.5326804980584,920.9094849228859,1512.9379730850703,1663.2269552350044,Left,0.9160496592521667
871,34840.0,22.726666666666667,1,1567.3726272583008,921.984715461731,1506.082763671875,1669.2819213867188,Left,0.8602216243743896,1,1570.0167970109517,925.3735001385212,1508.4365509319416,1663.2898235321045,Left,0.9139361381530762
872,34880.0,22.893333333333334,1,1552.0835494995117,924.9617099761963,1499.4612121582031,1672.9070234298706,Left,0.90995192527771,1,1542.0713049026615,931.2444680929184,1504.2172907105924,1666.9146358966827,Left,0.8988279104232788
873,34920.0,23.212222222222223,1,1541.9698333740234,935.3955459594727,1498.311882019043,1670.043067932129,Left,0.8415428400039673,1,1537.155089428668,932.973398566246,1502.5059817404708,1664.198537170887,Left,0.8999898433685303
874,34960.0,23.31888888888889,1,1531.8553161621094,933.4868216514587,1501.1590576171875,1657.385401725769,Left,0.8536715507507324,1,1524.8446403047265,933.3525958657265,1501.0934641883912,1661.3252153992653,Left,0.8969501256942749
875,35000.0,23.283333333333335,1,1524.5488357543945,940.405375957489,1500.3427505493164,1657.311372756958,Left,0.8380537033081055,1,1518.5237276316527,931.9236235320568,1502.9218986752724,1660.024647116661,Left,0.8952142000198364
876,35040.00000000001,23.28,1,1530.5738067626953,940.4085946083069,1499.6491241455078,1652.3054695129395,Left,0.8351443409919739,1,1513.9650011677536,943.2707235217094,1499.260490301206,1660.1707819104195,Left,0.8424113988876343
877,35080.00000000001,23.323333333333334,1,1516.659278869629,946.1236953735352,1504.031753540039,1649.5125818252563,Left,0.8200730085372925,1,1590.175689482605,990.3604379296303,1494.3920958363576,1645.788168311119,Left,0.8410654067993164
878,35120.00000000001,23.322222222222223,1,1514.8418426513672,944.3350267410278,1507.2021102905273,1649.413833618164,Left,0.8335152864456177,1,1552.7282437573842,963.7802240252495,1506.5134182624772,1631.2718680500984,Left,0.8055480122566223
879,35160.00000000001,23.301111111111112,1,1523.9120864868164,960.2442383766174,1509.2256546020508,1640.507311820984,Left,0.8398781418800354,1,1509.8993164992696,947.8318132460117,1510.1780177001237,1627.2314554452896,Left,0.8780294060707092
880,35200.0,23.314444444444444,1,1541.3978576660156,938.9306545257568,1511.1743545532227,1632.6822566986084,Left,0.838323712348938,1,1510.9086364263107,946.5225103497505,1515.635140923235,1632.5765159726143,Left,0.8782244920730591
881,35240.0,23.305555555555557,1,1517.314453125,935.2016544342041,1509.342269897461,1635.8974313735962,Left,0.8639102578163147,1,1513.0003111862773,942.5147348642349,1506.8731545004448,1636.047243475914,Left,0.8470867872238159
882,35280.0,23.344444444444445,1,1521.5678787231445,938.5219502449036,1510.4986953735352,1635.2515125274658,Left,0.8739235997200012,1,1520.9368009220673,938.8694196939468,1513.045974856664,1637.5317093729973,Left,0.8763768076896667
883,35320.0,23.32777777777778,1,1531.3098907470703,928.7187767028809,1511.9326400756836,1641.0479164123535,Left,0.8878198862075806,1,1526.583275565788,932.622811049223,1507.30143118855,1640.053659081459,Left,0.8687996864318848
884,35360.0,23.302222222222223,1,1572.315444946289,907.100772857666,1512.9323959350586,1648.9829206466675,Left,0.8498585820198059,1,1567.7824232810267,912.3589257895947,1515.7567608957413,1645.9587809443474,Left,0.8620102405548096
885,35400.00000000001,23.266666666666666,1,1583.6812591552734,899.668972492218,1515.1844787597656,1662.329249382019,Left,0.8686283826828003,1,1597.9284908120267,895.1484417915344,1519.4907097855598,1658.8327646255493,Left,0.8203679919242859
886,35440.00000000001,23.247777777777777,1,1624.9396133422852,884.7720265388489,1506.7474365234375,1665.8706665039062,Left,0.910516083240509,1,1618.823215578533,882.5053238868713,1510.8222080423013,1672.848210632801,Left,0.9215274453163147
887,35480.00000000001,23.31,1,1677.5778579711914,855.049524307251,1505.9651184082031,1658.7431573867798,Left,0.9373601675033569,1,1672.9875647308959,858.2002937793732,1502.7424350573058,1662.5816398859024,Left,0.938062846660614
888,35520.0,23.326666666666668,1,1745.2080917358398,861.648530960083,1496.1297225952148,1640.9827709197998,Left,0.9464998245239258,1,1744.2151600702427,861.7688280344009,1494.4386583978937,1646.226154267788,Left,0.9417387843132019
889,35560.0,23.302222222222223,0,,,,,,,1,1817.0988724631413,882.1214716136456,1494.1310578465882,1643.4918540716171,Left,0.9465771913528442
890,35600.0,23.342222222222222,0,,,,,,,1,1895.1374559301844,908.6261075735092,1498.2022706956404,1644.2731574177742,Left,0.9216359257698059
891,35640.0,23.354444444444443,0,,,,,,,1,1961.1317069980491,935.5972869694233,1502.181526980115,1648.6886876821518,Left,0.9557057023048401
892,35680.0,23.345555555555556,0,,,,,,,1,2026.06913174163,965.2335172891617,1508.3724599929935,1653.625888824463,Left,0.9338204264640808
893,35720.00000000001,23.32888888888889,1,2071.963119506836,998.0669260025024,1545.845947265625,1597.0847511291504,Left,0.6073900461196899,1,2071.523720046979,995.4359284043312,1518.3156343305795,1677.4185580015182,Left,0.8660065531730652
894,35760.00000000001,23.52777777777778,1,2105.4334259033203,1018.6939716339111,1530.3243255615234,1659.270887374878,Left,0.8004773855209351,1,2102.580499145937,1023.1857959926128,1531.989566494404,1693.5834512114525,Left,0.7499539852142334
895,35800.00000000001,23.522222222222222,1,2132.2066497802734,1050.2043056488037,1530.8465194702148,1716.3057661056519,Left,0.6741869449615479,1,2131.4857822789395,1055.2529686689377,1539.7797167510807,1728.4881180524826,Left,0.6322693228721619
896,35840.0,23.74111111111111,1,2143.4236907958984,1077.8478813171387,1541.711654663086,1753.6303997039795,Left,0.5652994513511658,1,2141.0387479685955,1077.4235625565052,1537.6579740821687,1760.5744859576225,Left,0.5823464393615723
897,35880.0,23.763333333333332,1,2152.481231689453,1091.7695760726929,1538.0776977539062,1761.9526720046997,Right,0.5209623575210571,1,2159.484983133403,1089.8967477679253,1530.718714187461,1767.1688577532768,Right,0.5899240970611572
898,35920.0,23.783333333333335,1,2159.2181396484375,1108.8970470428467,1528.4781646728516,1778.7211990356445,Right,0.5365965366363525,1,2151.622472139204,1112.67991527915,1528.9230892275311,1791.4453303813934,Right,0.5458177328109741
899,35960.0,23.836666666666666,1,2160.132293701172,1127.9584121704102,1517.3604583740234,1790.453052520752,Right,0.6229462623596191,1,2156.704443141137,1129.2871356010437,1517.0783556080646,1783.8431829214096,Right,0.6662594079971313
900,36000.0,23.723333333333333,1,2173.827667236328,1154.8725128173828,1513.8768768310547,1794.4307899475098,Right,0.6287523508071899,1,2175.2648374819114,1155.306974351406,1520.6055145889766,1793.0620184540749,Right,0.6277413368225098
901,36040.00000000001,23.723333333333333,1,2176.3387298583984,1175.7893657684326,1512.235450744629,1793.6050128936768,Right,0.6530239582061768,1,2173.4113239319636,1177.98056691885,1519.5008672555473,1790.4384961724281,Right,0.6782914400100708
902,36080.00000000001,23.712222222222223,1,2182.0907592773438,1187.825059890747,1525.191307067871,1792.1828842163086,Right,0.7118251919746399,1,2176.566162198817,1188.3204665780067,1528.9499660728964,1787.0813709497452,Right,0.698928713798523
903,36120.00000000001,23.624444444444446,1,2181.525650024414,1199.360704421997,1548.270492553711,1771.9965362548828,Right,0.7080622315406799,1,2181.4222418549193,1201.660993695259,1551.1858364342245,1761.0333931446075,Right,0.740644097328186
904,36160.00000000001,179.05777777777777,1,2171.9215393066406,1204.9910259246826,1548.943977355957,1735.4917573928833,Right,0.828937292098999,1,2169.384920806706,1205.5851888656616,1550.9087981819966,1724.6264773607254,Right,0.8408718705177307
905,36200.0,197.36222222222221,1,2172.5887298583984,1183.1719207763672,1554.5051193237305,1701.119270324707,Right,0.83806312084198,1,2171.1617589416146,1185.6619012355804,1553.1979143829167,1695.751622915268,Right,0.8254066705703735
906,36240.0,28.846666666666668,1,2167.6004791259766,1142.645502090454,1551.2460708618164,1709.5732498168945,Right,0.7103448510169983,1,2164.004428054076,1146.483863890171,1546.7205047607422,1707.543560564518,Right,0.6811261773109436
907,36280.0,24.558888888888887,1,2120.753402709961,1086.906452178955,1544.7372436523438,1695.5262851715088,Right,0.5886171460151672,1,2125.6191691927447,1080.4156123101711,1549.8075216903776,1677.6290255784988,Right,0.6365488171577454
908,36320.0,24.35,1,2013.4961700439453,959.2076396942139,1540.4103469848633,1672.2242832183838,Left,0.9023502469062805,1,2015.9815055963443,956.8114668130875,1544.6348975160338,1676.1240568757057,Left,0.9088680744171143
909,36360.0,23.934444444444445,0,,,,,,,0,,,,,,
910,36400.00000000001,23.583333333333332,0,,,,,,,1,1687.981878103992,888.327754586935,1527.59151682345,1599.5051765441895,Left,0.9194804430007935
911,36440.00000000001,23.234444444444446,0,,,,,,,1,1631.364185337724,889.5349618792534,1527.0802724822604,1622.2066989541054,Left,0.9379132986068726
912,36480.00000000001,22.915555555555557,0,,,,,,,1,1598.3547000504882,909.6531307697296,1531.0517084137357,1636.530628502369,Left,0.9071304202079773
913,36520.0,22.712222222222223,0,,,,,,,1,1568.9784878443443,923.1348238885403,1529.9728143117352,1632.7755814790726,Left,0.9350801706314087
914,36560.0,22.63888888888889,0,,,,,,,1,1550.2619561109286,935.5311235785484,1523.3329301143167,1637.0861917734146,Left,0.9380615949630737
915,36600.0,22.682222222222222,0,,,,,,,1,1543.6596006189952,951.6534420847893,1520.6516726494954,1648.2357430458069,Left,0.8705346584320068
916,36640.0,22.843333333333334,1,1513.5986709594727,912.6554560661316,1521.5382385253906,1748.8951206207275,Left,0.8259965181350708,1,1517.176020131441,955.2971881628036,1515.0051980057747,1650.617625117302,Left,0.85955411195755
917,36680.0,23.075555555555557,0,,,,,,,1,1503.7228556338955,962.9954686760902,1505.1024288253516,1652.2296059131622,Left,0.847233772277832
918,36720.00000000001,23.255555555555556,1,1514.0605545043945,933.9646625518799,1498.6698532104492,1760.966477394104,Left,0.8216699957847595,1,1492.8058675696673,966.0869988799095,1504.3705516515556,1655.636419057846,Left,0.8387820720672607
919,36760.00000000001,23.354444444444443,1,1525.8661651611328,937.7582931518555,1468.9107513427734,1755.525541305542,Left,0.8941740989685059,1,1497.5264393850061,962.289063334465,1503.9700956445226,1652.5481316447258,Left,0.8803037405014038
920,36800.00000000001,23.398888888888887,1,1507.254981994629,958.6775922775269,1478.9945983886719,1724.5442247390747,Left,0.8252028822898865,1,1501.3982332325763,962.8217701613903,1507.1777437664,1653.2640561461449,Left,0.880048930644989
921,36840.0,23.36111111111111,1,1520.5173110961914,967.436056137085,1482.3994445800781,1697.1891689300537,Left,0.833183228969574,1,1499.0418799736856,964.04362231493,1501.467357961961,1651.043058335781,Left,0.8459239602088928
922,36880.0,23.345555555555556,1,1513.4299850463867,964.943790435791,1487.698974609375,1677.5738096237183,Left,0.821636438369751,1,1506.7029494613164,964.9247199296951,1505.942083047954,1648.7983149290085,Left,0.8733567595481873
923,36920.0,23.32777777777778,1,1519.4013977050781,969.4230580329895,1503.3463668823242,1671.1173248291016,Left,0.8440372347831726,1,1507.8299791843642,969.145787358284,1505.6910227499422,1646.9623723626137,Left,0.8391830325126648
924,36960.0,23.357777777777777,1,1507.8582000732422,968.8114500045776,1509.0648651123047,1663.9783573150635,Left,0.8141836524009705,1,1513.6714233183777,969.0455746650696,1511.7755270507382,1644.7344705462456,Left,0.85651034116745
925,37000.0,23.294444444444444,1,1522.9153060913086,968.1574201583862,1498.0675506591797,1655.0189208984375,Left,0.8425670862197876,1,1516.1837341916798,971.653196811676,1506.8647498681985,1641.531744003296,Left,0.872330367565155
926,37040.00000000001,23.27111111111111,1,1518.0097961425781,969.9083662033081,1506.5583801269531,1652.3868370056152,Left,0.8345479965209961,1,1524.057885826263,967.4906565248966,1506.4716647685902,1645.4781156778336,Left,0.875284731388092
927,37080.00000000001,23.19333333333333,1,1528.454818725586,962.780921459198,1502.0048904418945,1648.7765407562256,Left,0.8458116054534912,1,1525.743261786726,965.4652199149132,1507.8091698542569,1639.6331423521042,Left,0.8617756366729736
928,37120.00000000001,23.15,1,1531.816749572754,966.9952297210693,1503.8880157470703,1653.6870431900024,Left,0.878666341304779,1,1528.913560981348,966.0573430359364,1511.7759315517555,1642.9999959468842,Left,0.8938241004943848
929,37160.00000000001,23.093333333333334,1,1595.4976272583008,939.5312547683716,1502.6250457763672,1652.807321548462,Left,0.8781096339225769,1,1595.8538500393402,937.8295822441578,1502.33919248771,1649.6669644117355,Left,0.8661061525344849
930,37200.0,23.14666666666667,1,1695.658836364746,926.2047529220581,1487.7275848388672,1654.4835948944092,Left,0.9364069104194641,1,1696.5573895578507,926.6966110467911,1483.1002252182955,1653.4378069639206,Left,0.9411904811859131
931,37240.0,23.104444444444443,1,1756.7567825317383,943.7066173553467,1476.3663482666016,1671.7400693893433,Left,0.9652824401855469,1,1756.6797240817393,942.6850859820843,1475.975029689346,1668.8182586431503,Left,0.9523502588272095
932,37280.0,23.04888888888889,1,1707.6182556152344,1252.938494682312,1470.4554748535156,1676.346731185913,Left,0.7350136041641235,1,1700.1049533678527,1265.7966989278793,1470.7291458863306,1670.9672874212265,Left,0.6936948299407959
933,37320.0,23.123333333333335,1,1798.190689086914,1429.6102380752563,1448.034439086914,1701.759910583496,Left,0.6643732786178589,1,1796.5303552947319,1411.994779407978,1445.689544141083,1701.3403111696243,Left,0.6799545288085938
934,37360.00000000001,23.107777777777777,1,1768.8124465942383,1369.6084070205688,1439.491195678711,1710.020513534546,Left,0.8717679977416992,1,1757.39164587202,1373.4373703598976,1436.0030032266345,1712.2796040773392,Left,0.8598794341087341
935,37400.00000000001,23.134444444444444,1,2066.3955688476562,1250.8901453018188,1427.1029663085938,1739.2105865478516,Left,0.6393651366233826,1,2066.119316789777,1249.041408598423,1420.72935942888,1746.1946967244148,Left,0.6453607082366943
936,37440.00000000001,23.20888888888889,1,2086.842041015625,1314.1533708572388,1419.579963684082,1752.2005462646484,Left,0.6515052318572998,0,,,,,,
937,37480.00000000001,23.186666666666667,1,2095.4351806640625,1361.2021923065186,1411.9860076904297,1770.021185874939,Right,0.5086824893951416,0,,,,,,
938,37520.0,23.26,1,2082.677764892578,1386.4123392105103,1407.5558853149414,1795.4947471618652,Right,0.5082710981369019,0,,,,,,
939,37560.0,23.294444444444444,1,2076.229476928711,1387.483892440796,1407.2904968261719,1799.9151134490967,Left,0.5165410041809082,0,,,,,,
940,37600.0,23.32111111111111,1,2091.9552612304688,1409.5656394958496,1410.798683166504,1800.533480644226,Right,0.5852994918823242,0,,,,,,
941,37640.0,23.378888888888888,1,2093.3770751953125,1427.7260398864746,1408.172721862793,1809.173240661621,Right,0.6429182291030884,0,,,,,,
942,37680.0,23.34888888888889,1,2095.1463317871094,1431.9371938705444,1397.0038604736328,1807.8578424453735,Right,0.566120982170105,0,,,,,,
943,37720.00000000001,82.72111111111111,1,2101.406478881836,1432.6401472091675,1401.170997619629,1803.1641483306885,Right,0.5739818811416626,0,,,,,,
944,37760.00000000001,197.79,1,2104.5620727539062,1411.6712808609009,1408.0764770507812,1796.7603206634521,Right,0.5645314455032349,0,,,,,,
945,37800.00000000001,197.83777777777777,1,2100.98876953125,1385.2980422973633,1404.20654296875,1785.4877042770386,Left,0.5644530653953552,0,,,,,,
946,37840.0,28.92111111111111,1,2070.0595092773438,1320.6965017318726,1411.0865020751953,1791.0692310333252,Left,0.7234898805618286,0,,,,,,
947,37880.0,24.547777777777778,1,1927.3452758789062,1259.2998361587524,1443.4083938598633,1734.2739486694336,Left,0.9001208543777466,0,,,,,,
948,37920.0,23.10333333333333,0,,,,,,,0,,,,,,
949,37960.0,22.915555555555557,0,,,,,,,0,,,,,,
950,38000.0,22.70111111111111,0,,,,,,,1,1755.8811491846618,964.2196221649647,1464.8537686114294,1645.8878579735756,Left,0.8724641799926758
951,38040.00000000001,22.502222222222223,1,1646.5678024291992,1003.4230184555054,1452.2628021240234,1724.661512374878,Left,0.7165263891220093,1,1675.7460818900033,937.897419333458,1456.4823054484718,1680.5350890755653,Left,0.9602570533752441
952,38080.00000000001,22.34111111111111,1,1634.6389389038086,929.2250061035156,1450.8270263671875,1690.538535118103,Left,0.9415658116340637,1,1665.7176027823446,949.335997402668,1453.8842403595222,1680.8938881754875,Left,0.8404138088226318
953,38120.00000000001,22.217777777777776,1,1593.6442565917969,921.9800162315369,1457.783203125,1695.5085182189941,Left,0.9075677394866943,1,1597.7727579204027,926.155378818512,1459.3955217743815,1694.4767877459526,Left,0.8913693428039551
954,38160.00000000001,22.573333333333334,1,1579.9262237548828,918.4223771095276,1461.2761688232422,1697.2908782958984,Left,0.9206882119178772,1,1580.2975948642315,917.713557779789,1455.4943791307849,1697.556079030037,Left,0.9257436394691467
955,38200.0,22.856666666666666,1,1565.9932708740234,919.08522605896,1463.0106353759766,1701.141414642334,Left,0.9262624979019165,1,1563.547836965581,917.1080450713634,1459.553636727551,1698.3447048068047,Left,0.927347719669342
956,38240.0,23.107777777777777,1,1550.6461715698242,925.4860925674438,1456.8390655517578,1706.410346031189,Left,0.9028520584106445,1,1554.0397259442775,926.0305313766003,1458.9385255140548,1703.1200802326202,Left,0.9079684615135193
957,38280.0,23.308888888888887,1,1522.3767471313477,927.9564714431763,1456.9392013549805,1710.9746503829956,Left,0.8967130780220032,1,1529.485750142463,933.0826073884964,1457.4251074304614,1706.4204043149948,Left,0.8451873660087585
958,38320.0,23.497777777777777,1,1522.1866607666016,926.1829948425293,1453.6273956298828,1712.9806423187256,Left,0.897259533405304,1,1518.8666546051277,928.2227101922035,1464.6949345453404,1712.678153514862,Left,0.8524686098098755
959,38360.00000000001,23.502222222222223,1,1533.6535263061523,951.6414928436279,1454.6367645263672,1714.9987363815308,Left,0.8332943916320801,1,1514.6804286335166,936.2983050942421,1461.0862011926256,1706.8536829948425,Left,0.8784580826759338
960,38400.00000000001,23.525555555555556,1,1502.3935317993164,940.5993318557739,1458.3463668823242,1702.749581336975,Left,0.7992863655090332,1,1499.3269633017,935.5481743812561,1456.938897207781,1705.7434979081154,Left,0.8226797580718994
961,38440.00000000001,23.502222222222223,1,1515.4482650756836,935.6167316436768,1462.5640869140625,1695.7711601257324,Left,0.8647301197052002,1,1512.7261044411698,930.1790544390678,1464.6111578902214,1706.1080503463745,Left,0.8451598882675171
962,38480.00000000001,23.427777777777777,1,1534.3107604980469,953.2670402526855,1465.2897262573242,1693.2378244400024,Left,0.8166728019714355,1,1515.320753743752,943.937117010355,1462.6483841210709,1696.7796921730042,Left,0.8405459523200989
963,38520.0,23.503333333333334,1,1518.1233215332031,944.1477656364441,1466.8081283569336,1683.5781383514404,Left,0.837744951248169,1,1514.738766669109,940.1816515624523,1461.0839090201946,1689.1966876387596,Left,0.8390178084373474
964,38560.0,23.526666666666667,1,1540.331039428711,956.4912915229797,1469.3617630004883,1688.0910730361938,Left,0.8698927164077759,1,1538.0567671405752,955.2071222662926,1462.8665000584592,1689.2760837078094,Left,0.8405948281288147
965,38600.0,23.58222222222222,1,1555.7985305786133,955.2062129974365,1465.5013275146484,1675.334529876709,Left,0.8667703866958618,1,1540.780497212203,955.8761832118034,1463.950427950896,1684.8943412303925,Left,0.8114640712738037
966,38640.0,23.52111111111111,1,1529.5955657958984,950.2732443809509,1476.3375091552734,1675.6517601013184,Left,0.8139376640319824,1,1534.2385472055057,952.4477165937424,1469.741129679529,1677.1408286690712,Left,0.8423522710800171
967,38680.0,23.49,1,1548.6059188842773,948.2863712310791,1468.8601684570312,1674.7168064117432,Left,0.8684898018836975,1,1604.8210083669683,969.9641212821007,1466.1181938466545,1674.7438833117485,Left,0.8637233972549438
968,38720.00000000001,23.49222222222222,1,1607.89306640625,939.4811081886292,1466.8660354614258,1669.5228052139282,Left,0.8666345477104187,1,1605.4166585870812,920.9604281187057,1470.164597299985,1668.7201380729675,Left,0.8398920893669128
969,38760.00000000001,23.432222222222222,1,1631.0766220092773,910.206127166748,1470.1932907104492,1671.3889789581299,Left,0.8419824838638306,1,1628.6460733357794,914.9669140577316,1468.851991499155,1677.8692013025284,Left,0.8617337942123413
970,38800.00000000001,23.463333333333335,1,1714.394187927246,919.0158319473267,1470.0856018066406,1678.2212734222412,Left,0.9630961418151855,1,1715.3460123614439,920.033303797245,1471.7361286963835,1677.18706458807,Left,0.9551094770431519
971,38840.0,23.475555555555555,0,,,,,,,0,,,,,,
972,38880.0,23.475555555555555,0,,,,,,,0,,,,,,
973,38920.0,23.513333333333332,1,1757.677116394043,1288.1448698043823,1460.5977630615234,1681.9446086883545,Left,0.7970252633094788,0,,,,,,
974,38960.0,23.55,0,,,,,,,0,,,,,,
975,39000.0,23.564444444444444,0,,,,,,,0,,,,,,
976,39040.00000000001,23.538888888888888,0,,,,,,,0,,,,,,
977,39080.00000000001,23.57,0,,,,,,,0,,,,,,
978,39120.00000000001,23.717777777777776,0,,,,,,,0,,,,,,
979,39160.00000000001,23.77777777777778,0,,,,,,,0,,,,,,
980,39200.0,23.72111111111111,1,2118.0615234375,1223.1119012832642,1482.9557418823242,1695.9777975082397,Right,0.6260879039764404,0,,,,,,
981,39240.0,23.75111111111111,1,2110.8929443359375,1243.911852836609,1465.48828125,1757.9840755462646,Left,0.5152449011802673,0,,,,,,
982,39280.0,179.6822222222222,1,2102.812271118164,1255.2355813980103,1453.3528518676758,1771.036605834961,Left,0.5575038194656372,0,,,,,,
983,39320.0,196.79,1,2100.4307556152344,1255.6819438934326,1458.5610580444336,1769.7944641113281,Left,0.547387421131134,0,,,,,,
984,39360.00000000001,196.87555555555556,0,,,,,,,0,,,,,,
985,39400.00000000001,29.10333333333333,1,2088.9608001708984,1120.608172416687,1482.3719787597656,1655.574073791504,Left,0.7854381799697876,0,,,,,,
986,39440.00000000001,23.61111111111111,1,2001.6270446777344,1043.0433225631714,1474.665641784668,1687.1665477752686,Left,0.9423524141311646,0,,,,,,
987,39480.00000000001,23.502222222222223,0,,,,,,,0,,,,,,
988,39520.0,23.224444444444444,0,,,,,,,0,,,,,,
989,39560.0,22.90888888888889,0,,,,,,,1,1704.6227802844567,929.0189722180367,1493.9422457606684,1633.625192642212,Left,0.9173572659492493
990,39600.0,22.65,1,1644.602165222168,951.5572929382324,1480.8897399902344,1700.4755401611328,Left,0.8726493120193481,1,1611.1440783788003,917.4063295125961,1490.0743171450401,1656.7558094859123,Left,0.9511677622795105
991,39640.0,22.477777777777778,1,1593.647232055664,915.083155632019,1467.850685119629,1716.7947435379028,Left,0.935474157333374,1,1583.0352577486742,927.3703792691231,1497.5322372329192,1679.3623495101929,Left,0.882099986076355
992,39680.0,22.344444444444445,1,1546.567268371582,921.7098426818848,1478.5347747802734,1700.6022262573242,Left,0.8965891599655151,1,1554.5385655876062,929.0677709877491,1490.4613347293903,1674.1626915335655,Left,0.9350522756576538
993,39720.00000000001,22.45,1,1542.1119689941406,930.5002355575562,1478.7166213989258,1692.88724899292,Left,0.9101717472076416,1,1528.3516191793356,932.0594546198845,1486.4717861412557,1687.577070593834,Left,0.8998589515686035
994,39760.00000000001,22.552222222222223,1,1532.3245239257812,950.6383037567139,1471.4268493652344,1683.519172668457,Left,0.8405017256736755,1,1513.230112708607,935.9478744864464,1480.2226948710147,1680.6438794732094,Left,0.8546612858772278
995,39800.00000000001,22.694444444444443,1,1503.112907409668,940.0153398513794,1484.7136688232422,1679.1450262069702,Left,0.8706434965133667,1,1501.3529291186494,940.7895702123642,1483.7151117090043,1681.819338798523,Left,0.8979965448379517
996,39840.0,22.90111111111111,1,1499.175682067871,939.705319404602,1485.765037536621,1677.6522159576416,Left,0.866836428642273,1,1543.2581108871407,967.641027867794,1481.2318799643836,1675.807832479477,Left,0.848305881023407
997,39880.0,23.053333333333335,1,1499.0706253051758,940.322527885437,1494.323616027832,1678.5070896148682,Left,0.8162206411361694,1,1530.3961021539615,945.1336544752121,1490.4456490788343,1670.8128887414932,Left,0.8218348026275635
998,39920.0,23.09777777777778,1,1558.3232116699219,970.9339570999146,1488.9947891235352,1666.4340591430664,Left,0.8438339829444885,1,1513.2440455214219,946.6752876341343,1486.4798761615998,1669.9688217043877,Left,0.8783873915672302
999,39960.0,23.085555555555555,1,1540.887565612793,936.6385245323181,1495.0290298461914,1665.4961442947388,Left,0.8618983626365662,1,1503.5394368948719,939.5852395892143,1488.6355969159572,1679.7624680399895,Left,0.8580709099769592
1000,40000.0,23.094444444444445,1,1505.5208587646484,933.932797908783,1491.276969909668,1671.3480377197266,Left,0.8717601895332336,1,1617.4925420656014,1006.9963726401329,1484.082263798954,1666.1738151311874,Left,0.864484965801239
1001,40040.00000000001,23.066666666666666,1,1510.3659439086914,933.2191586494446,1485.1406478881836,1675.3571891784668,Left,0.8649775385856628,1,1540.3129839254293,936.1442725360394,1504.4187322171604,1673.2251065969467,Left,0.856368362903595
1002,40080.00000000001,23.053333333333335,1,1529.465560913086,945.6896281242371,1482.418098449707,1673.5024738311768,Left,0.8725915551185608,1,1507.9236885866833,929.6425294876099,1484.0963763899988,1687.6653581857681,Left,0.8616582155227661
1003,40120.00000000001,23.06222222222222,1,1509.964714050293,937.9470348358154,1479.5188522338867,1676.9845390319824,Left,0.8055239319801331,1,1504.4360358717852,926.7830157279968,1485.1790458348264,1691.3497960567474,Left,0.8553962707519531
1004,40160.00000000001,23.11111111111111,1,1543.4223175048828,964.8496770858765,1469.9769973754883,1676.172022819519,Left,0.8587870001792908,1,1563.752334702057,967.7046284079552,1474.6058836352224,1683.576617538929,Left,0.8472131490707397
1005,40200.0,23.105555555555554,1,1544.5738220214844,938.26735496521,1478.9020156860352,1672.2023963928223,Left,0.7829777002334595,1,1537.5024209687747,938.4558592736721,1479.7150460944226,1684.2145058512688,Left,0.8306987285614014
1006,40240.0,23.075555555555557,1,1522.118911743164,936.0293626785278,1465.557975769043,1685.5868339538574,Left,0.8454289436340332,1,1606.2987404719327,985.4090103507042,1459.4944896899242,1682.3634999990463,Left,0.848697304725647
1007,40280.0,23.04222222222222,1,1534.489974975586,930.1289319992065,1457.5387573242188,1674.359278678894,Left,0.8534195423126221,1,1553.1772398864819,925.0674748420715,1466.132486215929,1680.8846828341484,Left,0.7914975881576538
1008,40320.0,23.057777777777776,1,1571.0785675048828,926.0699558258057,1452.7538681030273,1691.6475534439087,Left,0.7822032570838928,1,1555.5330538106832,918.1376311182976,1446.6530206195075,1682.6780506968498,Left,0.8443266749382019
1009,40360.00000000001,23.045555555555556,1,1565.405044555664,915.0979614257812,1435.2809143066406,1700.354905128479,Left,0.8949949741363525,1,1568.257846809915,924.1427564620972,1439.0430980382744,1704.1459527611732,Left,0.9037001132965088
1010,40400.00000000001,23.011111111111113,1,1574.5301055908203,917.4556875228882,1430.0082778930664,1707.787799835205,Left,0.8602657914161682,1,1571.7994329937737,916.9851851463318,1438.9455234040129,1713.9832198619843,Left,0.858407735824585
1011,40440.00000000001,22.98,1,1645.5499649047852,927.3454427719116,1434.8673248291016,1699.316053390503,Left,0.8447393178939819,1,1644.8542942615074,929.8407581448555,1431.4084110058766,1702.6810482144356,Left,0.8720534443855286
1012,40480.00000000001,23.17111111111111,1,1737.1648406982422,943.0769205093384,1431.313247680664,1708.9384031295776,Left,0.9336330890655518,1,1736.6253726507548,948.2025897502899,1428.6682312262155,1709.4532504677773,Left,0.942322313785553
1013,40520.0,23.202222222222222,1,1792.8311920166016,1022.4717664718628,1419.990463256836,1717.6603031158447,Left,0.8813238143920898,1,1794.9009353083156,1015.0955039262772,1422.248530415829,1718.0657887458801,Left,0.9203082323074341
1014,40560.0,23.217777777777776,0,,,,,,,0,,,,,,
1015,40600.0,23.288888888888888,1,1789.0278625488281,1553.5597085952759,1361.1611938476562,1742.0478916168213,Left,0.8157872557640076,1,1752.9890568007618,1482.970576286316,1380.44002439045,1767.7196091413498,Left,0.7661367058753967
1016,40640.0,23.33888888888889,1,1789.6334838867188,1601.3503646850586,1374.5755004882812,1800.1169872283936,Left,0.8098598122596741,1,1756.6986007958756,1578.4539207816124,1370.2649361363328,1803.1896722316742,Left,0.8448624014854431
1017,40680.00000000001,23.351111111111113,1,1820.6885147094727,1660.7483768463135,1356.9244766235352,1813.6605548858643,Left,0.884358823299408,1,1818.8476651941905,1653.3258783817291,1359.6904705445625,1817.0611801743507,Left,0.8981772661209106
1018,40720.00000000001,23.32888888888889,1,1799.256248474121,1607.4544715881348,1351.6328430175781,1808.8932180404663,Left,0.8966456651687622,1,1789.3512712413792,1580.2920600771904,1348.6303340648012,1812.3688620328903,Left,0.8646705746650696
1019,40760.00000000001,23.377777777777776,1,1758.8716506958008,1563.4467601776123,1355.859489440918,1806.6550970077515,Left,0.9235993027687073,1,1759.7702916314147,1570.446633696556,1351.5698429568292,1804.5125216245651,Left,0.9096494317054749
1020,40800.00000000001,23.416666666666668,1,1818.3208465576172,1446.2417793273926,1355.0120544433594,1781.469669342041,Left,0.8226721882820129,1,1783.2533734624578,1497.2546508908272,1349.2532206867393,1784.3193501234055,Left,0.884892463684082
1021,40840.0,23.48,0,,,,,,,0,,,,,,
1022,40880.0,23.493333333333332,1,2062.0140838623047,1327.7669763565063,1385.390625,1708.644347190857,Right,0.5251471996307373,0,,,,,,
1023,40920.0,23.493333333333332,0,,,,,,,0,,,,,,
1024,40960.0,196.69444444444446,1,2018.9364624023438,1334.9459838867188,1395.3620910644531,1693.5154008865356,Left,0.5764314532279968,0,,,,,,
1025,41000.0,198.87555555555556,1,1800.5049133300781,1424.197497367859,1410.7313919067383,1693.7647819519043,Left,0.7866828441619873,1,1742.3691972059494,1403.0267894268036,1425.8409488941832,1663.5152497887611,Left,0.6306034922599792
1026,41040.00000000001,29.91777777777778,0,,,,,,,0,,,,,,
1027,41080.00000000001,24.086666666666666,1,1757.7254104614258,1524.3118286132812,1360.5587768554688,1726.2521696090698,Left,0.6748582124710083,0,,,,,,
1028,41120.00000000001,23.988888888888887,1,1817.2060775756836,1269.257311820984,1406.1166763305664,1739.8227739334106,Left,0.6158568859100342,0,,,,,,
1029,41160.00000000001,23.702222222222222,1,1775.855484008789,1002.3262310028076,1411.0240173339844,1732.0905447006226,Left,0.9084607362747192,1,1772.3095534974218,998.8092675805092,1395.2704699070205,1687.3184841871262,Left,0.8365930318832397
1030,41200.0,23.46,1,1723.5303497314453,978.4200239181519,1424.4865036010742,1709.6264219284058,Left,0.9301066994667053,1,1737.9115061072364,975.3069850802422,1418.7796195813946,1702.0003759860992,Left,0.8981525301933289
1031,41240.0,23.125555555555554,1,1679.2556762695312,953.021650314331,1435.8124923706055,1701.748194694519,Left,0.9538832306861877,1,1693.4137874303642,983.743366599083,1420.1051244702178,1712.669680416584,Left,0.9668128490447998
1032,41280.0,22.837777777777777,1,1633.571891784668,933.7315034866333,1422.528190612793,1717.5434017181396,Left,0.9507943987846375,1,1643.0325115691317,945.8324235677719,1433.873530093838,1709.572606086731,Left,0.9271115660667419
1033,41320.0,22.88888888888889,1,1600.1289367675781,933.2119488716125,1406.0127639770508,1725.0284385681152,Left,0.9520172476768494,1,1594.831541135191,933.0545729398727,1411.8550116124215,1717.0370918512344,Left,0.9508532285690308
1034,41360.00000000001,22.837777777777777,1,1560.7015228271484,932.310791015625,1411.2841415405273,1743.7427043914795,Left,0.9526119828224182,1,1565.5659824295312,934.2272602021694,1396.3015879444333,1737.3888462781906,Left,0.936845064163208
1035,41400.00000000001,22.925555555555555,1,1541.3624954223633,930.659236907959,1398.5691833496094,1753.9292192459106,Left,0.9271820187568665,1,1540.8046773841204,929.2184561491013,1400.8642695293895,1750.0841626524925,Left,0.9337273836135864
1036,41440.00000000001,23.07777777777778,1,1512.9360580444336,921.1177396774292,1416.8895721435547,1764.4220209121704,Left,0.8891551494598389,1,1514.3072090283088,922.8537994623184,1418.3972762310211,1759.9977922439575,Left,0.8709598183631897
1037,41480.00000000001,23.29,1,1495.0330352783203,923.2184886932373,1418.8824462890625,1759.6692323684692,Left,0.8259783983230591,1,1492.996207770541,927.1979883313179,1419.5678572302547,1770.3279635310173,Left,0.8826043009757996
1038,41520.0,23.43888888888889,1,1492.257957458496,928.0921697616577,1423.630142211914,1769.608554840088,Left,0.8834460377693176,1,1491.0187371310988,933.4647336602211,1424.070807498337,1765.5259135365486,Left,0.843195915222168
1039,41560.0,23.43,1,1494.620475769043,928.1185626983643,1423.4058380126953,1756.2982749938965,Left,0.85206538438797,1,1491.9884159584537,932.612821161747,1426.1016273274931,1758.8979631662369,Left,0.8688554763793945
1040,41600.0,23.505555555555556,1,1497.9075622558594,921.7588949203491,1428.9228057861328,1761.4927911758423,Left,0.886271595954895,1,1496.3378356182282,929.5899125933647,1428.1899312456496,1759.788789153099,Left,0.8836888074874878
1041,41640.0,23.423333333333332,1,1497.2480392456055,926.8802189826965,1426.9939041137695,1765.2116203308105,Left,0.8719701766967773,1,1499.1496570224917,926.5915864706039,1429.4041084656262,1755.8830046653748,Left,0.8763061761856079
1042,41680.00000000001,23.44,1,1498.2635879516602,928.8584661483765,1428.4738540649414,1768.0899953842163,Left,0.8843317031860352,1,1500.9236187057227,921.3237252831459,1430.4241251973447,1761.0059863328934,Left,0.8837984800338745
1043,41720.00000000001,23.454444444444444,1,1502.691993713379,927.6952457427979,1422.959976196289,1758.9955043792725,Left,0.8251122832298279,1,1499.4042229959862,929.2391681671143,1428.6365003686437,1769.6418517827988,Left,0.8804190158843994
1044,41760.00000000001,23.43888888888889,1,1504.4792175292969,923.4374856948853,1429.2679595947266,1759.3974494934082,Left,0.8816812634468079,1,1500.588781752592,930.3790090978146,1431.836058470177,1765.5668145418167,Left,0.8915749192237854
1045,41800.00000000001,23.336666666666666,1,1511.3282775878906,924.5754075050354,1426.5537643432617,1765.2986526489258,Left,0.8678191900253296,1,1509.2357550528236,925.9746193885803,1430.9879097262133,1763.643735051155,Left,0.8762015700340271
1046,41840.0,23.372222222222224,1,1514.7478866577148,924.2212915420532,1429.2525100708008,1763.7848567962646,Left,0.85450679063797,1,1516.9379937550946,923.6456680297852,1430.7603104871994,1763.3202928304672,Left,0.8510416150093079
1047,41880.0,23.38222222222222,1,1533.4032440185547,916.2095546722412,1427.1812438964844,1756.697645187378,Left,0.8692218661308289,1,1531.7216969318993,915.8014096319675,1430.6709607069545,1759.811279475689,Left,0.8624215722084045
1048,41920.0,23.38111111111111,1,1545.9879684448242,912.3057174682617,1431.7612838745117,1758.7185716629028,Left,0.8783352375030518,1,1547.2001980225898,909.9822217226028,1424.6417382118432,1759.1074892878532,Left,0.8817106485366821
1049,41960.0,23.334444444444443,1,1568.833236694336,911.803286075592,1425.1705169677734,1751.9914627075195,Left,0.8642075061798096,1,1568.8359686526157,914.3758893013,1424.5500962591675,1755.716994702816,Left,0.8455643057823181
1050,42000.0,23.383333333333333,1,1571.473617553711,910.4313039779663,1434.2526626586914,1751.5405941009521,Left,0.8490768074989319,1,1569.9316720191089,914.6985992789268,1432.3450106389357,1751.3016736507416,Left,0.895699143409729
1051,42040.00000000001,23.42888888888889,1,1575.4736709594727,908.3669900894165,1428.288345336914,1746.7526578903198,Left,0.8593317270278931,1,1577.8671729746345,916.1516833305359,1426.708828298875,1744.2401307821274,Left,0.9127205014228821
1052,42080.00000000001,23.43888888888889,1,1628.3599090576172,943.4676647186279,1424.538345336914,1731.3676357269287,Left,0.9090261459350586,1,1616.5491108598071,927.9341541230679,1434.9002885091766,1733.5014724731445,Left,0.9091707468032837
1053,42120.00000000001,23.44333333333333,1,1648.2802963256836,897.694137096405,1447.866439819336,1725.2081680297852,Left,0.9278132915496826,1,1645.8824909026848,886.7353874444962,1443.0798833563067,1721.0222724080086,Left,0.8454979062080383
1054,42160.00000000001,23.427777777777777,1,1711.0596084594727,884.9225950241089,1460.7262802124023,1709.9343824386597,Left,0.9582318067550659,1,1712.3619634129657,891.0249195992947,1457.6787745128063,1720.0161704421043,Left,0.9373607039451599
1055,42200.0,23.476666666666667,0,,,,,,,0,,,,,,
1056,42240.0,23.44333333333333,0,,,,,,,0,,,,,,
1057,42280.0,23.413333333333334,0,,,,,,,0,,,,,,
1058,42320.0,23.45,1,2068.6587524414062,1061.423556804657,1507.7870178222656,1625.703706741333,Left,0.6810452342033386,0,,,,,,
1059,42360.00000000001,23.57777777777778,1,2104.0958404541016,1117.8358840942383,1516.6212844848633,1701.6094064712524,Left,0.7259747982025146,0,,,,,,
1060,42400.00000000001,23.648888888888887,1,2136.305694580078,1157.4894046783447,1515.8000564575195,1743.2199954986572,Left,0.676040768623352,0,,,,,,
1061,42440.00000000001,23.765555555555554,1,2152.1546173095703,1190.6621074676514,1502.9825592041016,1756.0621547698975,Right,0.5062841773033142,0,,,,,,
1062,42480.00000000001,23.835555555555555,1,2174.0647888183594,1215.1680135726929,1520.3586959838867,1761.8425941467285,Right,0.5713375806808472,0,,,,,,
1063,42520.0,23.86111111111111,1,2189.066162109375,1256.6429042816162,1529.4670486450195,1750.8094453811646,Right,0.7124991416931152,0,,,,,,
1064,42560.0,23.891111111111112,1,2201.0941314697266,1276.526312828064,1524.005470275879,1762.882604598999,Right,0.7310143113136292,0,,,,,,
1065,42600.0,23.851111111111113,1,2197.016830444336,1295.733675956726,1514.5338821411133,1762.9713106155396,Right,0.6067613959312439,0,,,,,,
1066,42640.0,23.855555555555554,1,2193.3837890625,1315.0709438323975,1515.5578994750977,1764.445195198059,Right,0.6784423589706421,1,2204.923571176294,1316.289460659027,1503.9947702065722,1728.7665796279907,Right,0.7617411017417908
1067,42680.00000000001,23.846666666666668,1,2187.561721801758,1327.4460124969482,1515.0421142578125,1765.6292724609375,Right,0.6207987070083618,1,2192.9244530019278,1320.4586434364319,1496.8944290179022,1791.8777722120285,Right,0.8049425482749939
1068,42720.00000000001,183.5222222222222,1,2183.7911224365234,1334.8330736160278,1504.6409225463867,1766.449384689331,Right,0.5724673867225647,1,2186.667271711343,1330.1420348882675,1494.3156001995485,1761.196474134922,Left,0.5203496217727661
1069,42760.00000000001,197.05,1,2180.0035858154297,1310.677227973938,1520.4223251342773,1733.5099697113037,Right,0.5897881984710693,1,2181.1574285223223,1306.6265720129013,1511.7932801509378,1732.0972394943237,Right,0.5353957414627075
1070,42800.00000000001,161.58444444444444,1,2172.7198791503906,1258.2546758651733,1505.9391403198242,1685.550012588501,Right,0.7622461318969727,1,2169.3754824496377,1266.0509964823723,1509.2784523824175,1687.5617980957031,Right,0.8151612281799316
1071,42840.0,24.197777777777777,1,2126.0009765625,1145.3245782852173,1532.4398803710938,1665.5302619934082,Right,0.7465461492538452,1,2124.0717280791487,1143.531041443348,1532.9383910470942,1663.440665602684,Right,0.7313500642776489
1072,42880.0,24.037777777777777,1,2012.1590423583984,1013.8872385025024,1526.949691772461,1698.5997104644775,Left,0.8781841397285461,1,2012.7216768432475,1014.7442364692688,1524.134965742319,1685.3272014856339,Left,0.8826864361763
1073,42920.0,23.718888888888888,1,1848.8175201416016,948.4695768356323,1520.6952667236328,1695.0559759140015,Left,0.8871638178825378,1,1850.5271061922992,947.0869128406048,1523.270502123995,1687.8247779607773,Left,0.9064106345176697
1074,42960.0,23.41,1,1705.795555114746,915.761067867279,1506.7247772216797,1681.215648651123,Left,0.9432148933410645,1,1709.803809091047,919.8538519442081,1509.7602130939085,1686.2034872174263,Left,0.940089225769043
1075,43000.0,23.114444444444445,1,1652.8611373901367,918.7747550010681,1496.8772506713867,1671.7489528656006,Left,0.9215628504753113,1,1647.5564958901086,917.415587157011,1498.133820134618,1672.1352151036263,Left,0.9309694766998291
1076,43040.00000000001,22.874444444444446,1,1622.0705795288086,916.3753151893616,1501.713523864746,1675.020260810852,Left,0.8626103401184082,1,1619.0063197056545,918.2850734889507,1502.0493000920465,1678.3187985420227,Left,0.8734807968139648
1077,43080.00000000001,22.69,1,1593.9896392822266,922.9545593261719,1499.3384170532227,1681.1029958724976,Left,0.9003711938858032,1,1587.31438412057,922.9833018779755,1499.014418849073,1679.157216846943,Left,0.8914147615432739
1078,43120.00000000001,22.5,1,1566.9518280029297,927.7203512191772,1499.5230102539062,1682.8303813934326,Left,0.9027584195137024,1,1570.2141036182327,922.9138433933258,1489.4926446822994,1683.953931927681,Left,0.9002946019172668
1079,43160.00000000001,22.59888888888889,1,1554.3066787719727,932.2545289993286,1485.1214218139648,1683.948154449463,Left,0.8999560475349426,1,1554.468317244285,932.1101886034012,1483.9811385446528,1681.6235160827637,Left,0.9353586435317993
1080,43200.0,22.81888888888889,1,1538.8972091674805,936.5254211425781,1475.691261291504,1685.88050365448,Left,0.9183963537216187,1,1543.1141984141307,939.0618427097797,1479.4973796026088,1685.4114094376564,Left,0.9215173125267029
1081,43240.0,22.97888888888889,1,1535.8312225341797,944.3244051933289,1465.3984451293945,1684.4558000564575,Left,0.8573353886604309,1,1537.5755457637738,949.2934226989746,1468.111080469308,1682.2831624746323,Left,0.8413907885551453
1082,43280.0,23.136666666666667,1,1535.0030136108398,934.5943593978882,1472.5276565551758,1680.799412727356,Left,0.7954567670822144,1,1538.5999221175664,937.8640499711037,1477.1131607180882,1677.661662697792,Left,0.7635192275047302
1083,43320.0,23.22222222222222,1,1543.0310440063477,921.7028903961182,1474.3971633911133,1684.4748544692993,Left,0.8567830324172974,1,1545.3137850565759,922.6734584569931,1481.4748951866088,1682.7988708019257,Left,0.874517560005188
1084,43360.00000000001,23.196666666666665,1,1548.3158111572266,925.8355093002319,1477.4609756469727,1690.2061128616333,Left,0.7465133666992188,1,1548.747369468841,921.9813841581345,1477.1816562236684,1687.9629626870155,Left,0.7789223194122314
1085,43400.00000000001,23.227777777777778,1,1556.9059753417969,921.2171316146851,1474.9103164672852,1698.0194520950317,Left,0.8569983243942261,1,1555.6331453401626,925.378050506115,1476.9730235879056,1692.9507932066917,Left,0.7873681783676147
1086,43440.00000000001,23.186666666666667,1,1551.1875915527344,923.4336233139038,1472.801742553711,1701.6179037094116,Left,0.7783399224281311,1,1550.4950385859536,921.2687024474144,1474.1330668906674,1695.300665795803,Left,0.8527718186378479
1087,43480.00000000001,23.198888888888888,1,1564.6862411499023,919.1498565673828,1471.5275573730469,1700.0862121582031,Left,0.8894030451774597,1,1564.197645377442,920.4201373457909,1475.3014905511425,1692.7004706859589,Left,0.8739302754402161
1088,43520.0,23.204444444444444,1,1559.5830917358398,925.0690841674805,1475.646629333496,1699.8676013946533,Left,0.7916024327278137,1,1567.388619068499,925.7401446998119,1477.539864346682,1699.8394221067429,Left,0.7909184694290161
1089,43560.0,23.15111111111111,1,1576.765365600586,914.6454191207886,1480.7172775268555,1696.1684703826904,Left,0.8827992677688599,1,1578.8633690908953,912.309185564518,1477.0240806051884,1695.3781789541245,Left,0.8858907222747803
1090,43600.0,23.17111111111111,1,1641.4984130859375,915.6004571914673,1472.973747253418,1688.240032196045,Left,0.9148555397987366,1,1650.0976611693047,921.2076124548912,1476.1201107208503,1688.092360496521,Left,0.8661582469940186
1091,43640.0,23.144444444444446,1,1720.4204177856445,943.4505414962769,1468.762321472168,1690.2160263061523,Left,0.9493548274040222,1,1716.7198775941015,941.2946087121964,1470.5903121483145,1680.2116468548775,Left,0.9327628016471863
1092,43680.00000000001,23.045555555555556,1,1758.4705352783203,972.115523815155,1468.7306213378906,1681.3976955413818,Left,0.8867745995521545,1,1761.5851528619405,963.8549128174782,1470.9188119188423,1683.6071625351906,Left,0.9139917492866516
1093,43720.00000000001,23.072222222222223,0,,,,,,,1,1728.5037113381998,1188.2847958803177,1466.9307914456617,1670.687152147293,Left,0.775181233882904
1094,43760.00000000001,23.08,1,1778.7605667114258,1318.4532308578491,1436.440086364746,1699.8516368865967,Left,0.8779435753822327,1,1749.274119458752,1388.6895748972893,1456.4638332353527,1676.3819110393524,Left,0.7266485095024109
1095,43800.00000000001,23.202222222222222,1,1761.437873840332,1581.0145425796509,1427.0302963256836,1764.4207334518433,Left,0.8891084790229797,1,1804.95593170488,1458.744105398655,1447.2607609255792,1710.9690982103348,Left,0.858187198638916
1096,43840.0,23.365555555555556,1,1756.2367630004883,1472.9050827026367,1428.2320404052734,1764.339623451233,Left,0.896896481513977,1,1862.8233977806387,1317.6598012447357,1448.546624714716,1699.1052961349487,Left,0.8689672350883484
1097,43880.0,23.385555555555555,1,1894.690818786621,1348.4786081314087,1414.7322463989258,1746.7208576202393,Left,0.8502894639968872,1,1851.2599721463596,1351.119334101677,1441.7329848581294,1684.418069422245,Left,0.9008762836456299
1098,43920.0,23.496666666666666,1,1904.3671417236328,1353.8628959655762,1428.753776550293,1707.150764465332,Left,0.9328793883323669,1,1995.9414465346342,1287.4466156959534,1442.9034310236905,1682.8353783488274,Left,0.7198391556739807
1099,43960.0,23.57111111111111,1,2049.700241088867,1303.1453275680542,1441.025619506836,1708.8973331451416,Left,0.5848127007484436,1,2047.5616191224503,1299.7911876440048,1450.693940836827,1705.4994517564774,Left,0.5556643605232239
1100,44000.00000000001,23.711111111111112,0,,,,,,,1,2060.8068700971526,1346.1015862226486,1445.8899069782717,1740.5820536613464,Right,0.5733250975608826
1101,44040.00000000001,23.73,1,2076.0736083984375,1342.591953277588,1425.3790283203125,1749.5281648635864,Right,0.6184952259063721,0,,,,,,
1102,44080.00000000001,23.761111111111113,1,2073.9111328125,1366.5051126480103,1429.6348571777344,1793.6935901641846,Right,0.5557116270065308,0,,,,,,
1103,44120.00000000001,23.76222222222222,1,2077.3294830322266,1383.225359916687,1409.2079544067383,1801.6939973831177,Right,0.6432362794876099,0,,,,,,
1104,44160.00000000001,23.715555555555557,1,2075.7211303710938,1397.802758216858,1398.2028579711914,1813.5059309005737,Right,0.7027308940887451,0,,,,,,
1105,44200.0,197.27555555555554,1,2071.7001342773438,1375.392451286316,1402.1184539794922,1799.2502689361572,Left,0.5209349989891052,0,,,,,,
1106,44240.0,198.61555555555555,1,2073.7255096435547,1357.987403869629,1421.3298797607422,1792.5052642822266,Left,0.5220258235931396,0,,,,,,
1107,44280.0,29.182222222222222,1,2047.3764038085938,1298.9390659332275,1417.9956436157227,1774.5019340515137,Left,0.7626877427101135,0,,,,,,
1108,44320.0,24.376666666666665,1,1776.6105651855469,1378.584065437317,1430.0933074951172,1733.6057567596436,Left,0.8601972460746765,0,,,,,,
1109,44360.00000000001,24.282222222222224,1,1815.0022888183594,1260.3495025634766,1461.950569152832,1704.5611667633057,Left,0.6845093965530396,0,,,,,,
1110,44400.00000000001,23.89,0,,,,,,,0,,,,,,
1111,44440.00000000001,23.576666666666668,1,1701.5986633300781,1204.3756198883057,1432.294692993164,1699.6706199645996,Left,0.6596479415893555,1,1749.9680634260458,992.8783603012562,1457.0669891965626,1643.1765711307526,Left,0.8477937579154968
1112,44480.00000000001,23.255555555555556,1,1694.2652893066406,963.086371421814,1454.4703674316406,1699.4971990585327,Left,0.8808230757713318,1,1696.4044881733473,955.9180256724358,1457.4209725311744,1665.2489921450615,Left,0.8954831957817078
1113,44520.0,22.976666666666667,1,1650.2584075927734,942.3746752738953,1453.428611755371,1686.9614553451538,Left,0.8973305225372314,1,1675.4774033254644,955.199276804924,1454.715759617223,1683.1909346580505,Left,0.9155176877975464
1114,44560.0,22.79222222222222,1,1622.164077758789,933.4230923652649,1457.9485702514648,1707.3495483398438,Left,0.9221668243408203,1,1651.0165077021645,941.5945145487785,1454.3986308197343,1691.6322326660156,Left,0.9038731455802917
1115,44600.0,22.684444444444445,1,1595.133934020996,928.3375597000122,1451.6724014282227,1710.8094692230225,Left,0.9494127631187439,1,1612.4861678093287,931.2298232316971,1445.5693623944155,1708.022447526455,Left,0.9078839421272278
1116,44640.0,23.013333333333332,1,1582.7925109863281,923.7033462524414,1450.9355163574219,1723.6511135101318,Left,0.9536020755767822,1,1587.4922297344676,927.5666204094887,1448.6495926958735,1719.8482775688171,Left,0.943520724773407
1117,44680.00000000001,23.206666666666667,1,1578.1475830078125,916.1214923858643,1447.583885192871,1730.6860542297363,Left,0.9550024271011353,1,1596.4494553148957,928.764360845089,1441.3402143704234,1721.5748021006584,Left,0.9504714608192444
1118,44720.00000000001,23.4,1,1581.6462707519531,928.4390759468079,1437.1121978759766,1733.6826181411743,Left,0.950186550617218,1,1588.7249690566784,937.2568112611771,1438.173735463186,1718.0832579731941,Left,0.9366104602813721
1119,44760.00000000001,23.52888888888889,1,1553.876953125,934.6664571762085,1433.2365417480469,1740.5724620819092,Left,0.9386484622955322,1,1553.859003878702,938.5762609541416,1434.347380563215,1730.3982263803482,Left,0.9226937890052795
1120,44800.00000000001,23.583333333333332,1,1542.4065399169922,934.0036725997925,1433.858985900879,1745.0914478302002,Left,0.9477366805076599,1,1541.7450074154494,934.5395618677139,1433.883822397498,1740.0628933310509,Left,0.9327489733695984
1121,44840.0,23.515555555555554,1,1528.7902450561523,936.2205505371094,1432.4497604370117,1747.1883344650269,Left,0.9380942583084106,1,1521.6759141696157,934.9668779969215,1437.0638296165332,1745.023526251316,Left,0.9285752177238464
1122,44880.0,23.461111111111112,1,1535.5128479003906,946.8284511566162,1430.6810760498047,1738.3167028427124,Left,0.9126049280166626,1,1549.5119662804732,968.5245314240456,1436.5998220052418,1732.0176342129707,Left,0.9090309739112854
1123,44920.0,23.453333333333333,1,1508.899040222168,946.0376930236816,1435.173454284668,1731.5630722045898,Left,0.8984634876251221,1,1495.0149375137382,950.8140823245049,1442.0861591907067,1722.425354719162,Left,0.8050516247749329
1124,44960.0,23.454444444444444,1,1480.1724243164062,939.8533129692078,1436.9809341430664,1726.3980388641357,Left,0.7332913875579834,1,1490.6070000401414,934.2931097745895,1438.8978372285403,1724.4222861528397,Left,0.8493305444717407
1125,45000.00000000001,23.47888888888889,1,1498.9659118652344,938.6964654922485,1437.469596862793,1728.3339929580688,Left,0.87685227394104,1,1496.8239110072361,937.6991906762123,1433.3283975563184,1719.5873898267746,Left,0.8800090551376343
1126,45040.00000000001,23.464444444444446,1,1493.0427932739258,928.9671277999878,1434.5828247070312,1729.822039604187,Left,0.8923155069351196,1,1497.9071197867534,930.6716971099377,1438.5643486121335,1728.1991958618164,Left,0.8676905035972595
1127,45080.00000000001,23.516666666666666,1,1504.7514724731445,935.6300568580627,1432.6606750488281,1725.5362129211426,Left,0.8723472356796265,1,1501.5857868708872,930.2387845516205,1434.731701474117,1732.9058450460434,Left,0.8380565643310547
1128,45120.00000000001,23.477777777777778,1,1488.4764862060547,930.3735494613647,1443.046989440918,1735.2640056610107,Left,0.842081606388092,1,1506.0836584039757,934.8818331956863,1431.4107930674222,1731.3671931624413,Left,0.8836321830749512
1129,45160.00000000001,23.555555555555557,1,1515.6710815429688,930.3292608261108,1436.2630462646484,1733.914361000061,Left,0.8846142888069153,1,1515.793480599192,937.8169772028923,1439.13456021272,1738.0739119648933,Left,0.8739488124847412
1130,45200.0,23.514444444444443,1,1572.1751403808594,963.5295796394348,1445.4652404785156,1733.7953996658325,Left,0.863903820514679,1,1547.0295435378866,933.9937269687653,1433.746831386338,1739.394355416298,Left,0.9203120470046997
1131,45240.0,23.486666666666668,1,1658.001480102539,939.2043685913086,1444.534034729004,1721.5201091766357,Left,0.9101325869560242,1,1663.6762209821838,956.2759879231453,1442.6042351046312,1714.2406556010246,Left,0.8572851419448853
1132,45280.0,23.45888888888889,1,1738.883399963379,947.3079013824463,1450.9819793701172,1711.0082530975342,Left,0.9555968642234802,1,1739.2398874477374,947.4362450838089,1447.1750516544892,1693.3346977829933,Left,0.9629890322685242
1133,45320.0,23.387777777777778,1,1744.5801544189453,1328.5497522354126,1434.7627258300781,1719.119381904602,Left,0.7378596067428589,1,1754.8564132744095,1300.19915163517,1441.3200342641207,1711.1541464924812,Left,0.8104891777038574
1134,45360.00000000001,23.391111111111112,1,1840.8017349243164,1605.1009941101074,1410.5939483642578,1758.1425619125366,Left,0.7885245680809021,1,1862.2506243402765,1621.966209411621,1415.2888656920313,1756.4405554533005,Left,0.8173750042915344
1135,45400.00000000001,23.40222222222222,1,1917.6959609985352,1337.002830505371,1397.6213836669922,1757.6905345916748,Left,0.8839793801307678,1,1894.223912855106,1385.0159114599228,1395.4962713637358,1763.5910135507584,Left,0.9104418158531189
1136,45440.00000000001,23.362222222222222,1,2027.933349609375,1307.1510028839111,1402.6967239379883,1721.7401361465454,Left,0.8808291554450989,1,2044.9554640131566,1303.5780349373817,1400.0886163566204,1739.2259395122528,Left,0.7376758456230164
1137,45480.00000000001,23.467777777777776,0,,,,,,,0,,,,,,
1138,45520.0,23.55,1,2095.5409240722656,1436.6674518585205,1380.1732635498047,1755.5672550201416,Right,0.7221924066543579,0,,,,,,
1139,45560.0,23.69,0,,,,,,,0,,,,,,
1140,45600.0,23.712222222222223,1,2091.3961029052734,1410.6147909164429,1394.341049194336,1743.933892250061,Right,0.8233242034912109,0,,,,,,
1141,45640.0,23.704444444444444,1,2079.817886352539,1452.5961685180664,1375.0789260864258,1811.34183883667,Right,0.5177139639854431,0,,,,,,
1142,45680.00000000001,23.695555555555554,1,2082.9794311523438,1478.0469417572021,1355.152473449707,1808.3482360839844,Right,0.712090253829956,0,,,,,,
1143,45720.00000000001,23.67,1,2085.105514526367,1474.7775650024414,1349.1880416870117,1810.9743976593018,Right,0.6346114873886108,0,,,,,,
1144,45760.00000000001,190.38777777777779,1,2096.415023803711,1458.9148950576782,1355.0119400024414,1793.3735275268555,Right,0.5506501197814941,0,,,,,,
1145,45800.00000000001,199.04111111111112,1,2098.593521118164,1442.347469329834,1372.609634399414,1793.0284881591797,Left,0.522092342376709,0,,,,,,
1146,45840.0,29.287777777777777,0,,,,,,,0,,,,,,
1147,45880.0,24.563333333333333,1,2056.5106201171875,1275.6521272659302,1426.5531921386719,1670.832281112671,Left,0.5612589120864868,0,,,,,,
1148,45920.0,24.41,1,1869.8130798339844,1326.0856819152832,1444.6321105957031,1685.9777069091797,Left,0.847962498664856,0,,,,,,
1149,45960.0,23.988888888888887,0,,,,,,,0,,,,,,
1150,46000.00000000001,23.533333333333335,1,1671.185073852539,1400.8248138427734,1391.162338256836,1695.7463121414185,Left,0.674474835395813,0,,,,,,
1151,46040.00000000001,23.225555555555555,1,1770.7294464111328,981.5159797668457,1426.0588073730469,1709.3837356567383,Left,0.9009909629821777,0,,,,,,
1152,46080.00000000001,22.912222222222223,1,1731.8822479248047,961.0645437240601,1429.2981719970703,1703.937005996704,Left,0.9226292371749878,0,,,,,,
1153,46120.00000000001,22.77111111111111,1,1677.0322036743164,960.008053779602,1430.1509857177734,1694.6506834030151,Left,0.9211767911911011,1,1683.9232047864728,946.9876416027546,1424.421240212909,1687.446312904358,Left,0.9107595682144165
1154,46160.00000000001,22.613333333333333,1,1624.8989868164062,940.34827709198,1430.9825134277344,1709.0616130828857,Left,0.9359896183013916,1,1631.6744825624776,945.3520721197128,1430.228706261477,1702.593597471714,Left,0.9554538726806641
1155,46200.0,23.05,1,1619.2326736450195,961.0695648193359,1417.807273864746,1711.929817199707,Left,0.9349939823150635,1,1609.872417069823,957.3504500091076,1421.5490133234093,1712.5852632522583,Left,0.8381707668304443
1156,46240.0,23.086666666666666,1,1572.1259307861328,955.8660364151001,1424.6363067626953,1717.2884845733643,Left,0.7915143966674805,1,1572.6512222468923,943.0753192305565,1420.3298922021113,1724.0310591459274,Left,0.9274322986602783
1157,46280.0,23.22,1,1546.0569763183594,941.7385411262512,1422.3113250732422,1719.9535274505615,Left,0.9465938806533813,1,1535.6134461629852,936.774472296238,1418.5479303876511,1728.743775486946,Left,0.9329821467399597
1158,46320.0,23.373333333333335,1,1497.8887939453125,935.8273601531982,1424.944839477539,1725.0652599334717,Left,0.8113008737564087,1,1542.4594011563909,944.4295504689217,1424.400565716474,1727.9213619232178,Left,0.9422740936279297
1159,46360.00000000001,23.432222222222222,1,1504.6370315551758,931.5948987007141,1417.8712463378906,1720.1015853881836,Left,0.8219621181488037,1,1510.8868383159393,943.1999051570892,1424.75234676777,1724.191629588604,Left,0.9058288931846619
1160,46400.00000000001,23.504444444444445,1,1500.857162475586,940.9108972549438,1435.3617095947266,1723.81178855896,Left,0.8529995679855347,1,1504.2821457070174,940.0731226801872,1418.1572722941462,1714.997690320015,Left,0.8793298602104187
1161,46440.00000000001,23.514444444444443,1,1500.3606033325195,934.2840814590454,1426.1763381958008,1721.3117980957031,Left,0.8666254281997681,1,1504.2471338967505,938.519512116909,1425.5531239481631,1713.5419911146164,Left,0.8749698996543884
1162,46480.00000000001,23.575555555555557,1,1503.6458587646484,938.2011795043945,1429.262466430664,1715.6459426879883,Left,0.8623007535934448,1,1501.4609758348006,934.8118516802788,1433.0891576769204,1714.480099081993,Left,0.8605935573577881
1163,46520.0,23.56222222222222,1,1505.8975982666016,937.9989194869995,1431.1532592773438,1709.5218801498413,Left,0.8440810441970825,1,1505.538525866456,940.26057690382,1432.7674894791276,1711.304674744606,Left,0.8221813440322876
1164,46560.0,23.563333333333333,1,1513.776969909668,932.4443006515503,1433.6067581176758,1708.610873222351,Left,0.8851584196090698,1,1508.0938936258117,930.4923498630524,1433.6381554463824,1710.40234208107,Left,0.873562216758728
1165,46600.0,23.493333333333332,1,1552.8911590576172,923.3995056152344,1429.141960144043,1695.9076309204102,Left,0.8683414459228516,1,1564.439492041173,938.8289371132851,1422.9375304818013,1698.9863589406013,Left,0.8770883083343506
1166,46640.0,23.50888888888889,1,1586.0532760620117,913.5942077636719,1435.1667022705078,1698.1503868103027,Left,0.7822903990745544,1,1581.6123580038197,911.5418471395969,1442.3598715456822,1712.469045817852,Left,0.8390428423881531
1167,46680.00000000001,23.52888888888889,1,1646.4678955078125,899.4052362442017,1445.317153930664,1711.8125295639038,Left,0.8823765516281128,1,1638.3514010752492,891.4013448357582,1438.978422820079,1698.4048533439636,Left,0.8789671659469604
1168,46720.00000000001,23.546666666666667,1,1712.9528045654297,887.5437998771667,1442.1183013916016,1699.9358367919922,Left,0.9612103700637817,1,1713.3137992510062,887.0233681797981,1443.4682942219383,1707.128587961197,Left,0.9665417671203613
1169,46760.00000000001,23.56111111111111,1,1756.2310409545898,886.9976592063904,1441.8870162963867,1693.3723640441895,Left,0.9639232158660889,1,1757.4074663562485,889.6918711066246,1440.6247869046604,1706.4484387636185,Left,0.9746158123016357
1170,46800.00000000001,23.565555555555555,0,,,,,,,0,,,,,,
1171,46840.0,23.535555555555554,0,,,,,,,0,,,,,,
1172,46880.0,23.50888888888889,0,,,,,,,0,,,,,,
1173,46920.0,23.52888888888889,0,,,,,,,0,,,,,,
1174,46960.0,23.666666666666668,0,,,,,,,0,,,,,,
1175,47000.00000000001,23.546666666666667,0,,,,,,,0,,,,,,
1176,47040.00000000001,23.65888888888889,1,2097.5404357910156,979.8134422302246,1538.7567901611328,1565.999665260315,Left,0.9006506204605103,0,,,,,,
1177,47080.00000000001,23.772222222222222,1,2119.4945526123047,999.2552518844604,1550.4448699951172,1602.111897468567,Left,0.7677205801010132,0,,,,,,
1178,47120.00000000001,23.866666666666667,1,2130.4344177246094,994.6897888183594,1554.7604370117188,1638.5700702667236,Left,0.844769299030304,0,,,,,,
1179,47160.00000000001,23.875555555555554,1,2156.8130493164062,1016.2789535522461,1569.294776916504,1655.8274459838867,Left,0.7218066453933716,0,,,,,,
1180,47200.0,23.903333333333332,1,2170.9291076660156,1029.1359186172485,1574.4861602783203,1659.2706298828125,Left,0.6661322116851807,0,,,,,,
1181,47240.0,23.932222222222222,1,2174.3284606933594,1037.4464750289917,1584.1108703613281,1655.8342695236206,Left,0.5023387670516968,0,,,,,,
1182,47280.0,23.96,1,2178.873825073242,1038.9978003501892,1585.8570098876953,1662.750506401062,Right,0.5024003982543945,0,,,,,,
1183,47320.00000000001,23.93777777777778,1,2188.0764770507812,1052.5834679603577,1600.9198379516602,1665.5730056762695,Right,0.5718110203742981,0,,,,,,
1184,47360.00000000001,23.894444444444446,1,2194.5309448242188,1049.9211287498474,1600.2003479003906,1672.127594947815,Right,0.6307030916213989,0,,,,,,
1185,47400.00000000001,23.926666666666666,1,2196.214370727539,1060.4215908050537,1597.8466415405273,1695.5762386322021,Right,0.6755692362785339,0,,,,,,
1186,47440.00000000001,23.926666666666666,1,2187.370834350586,1054.2408800125122,1602.7294921875,1701.378436088562,Right,0.7251721620559692,0,,,,,,
1187,47480.00000000001,23.865555555555556,1,2185.086135864258,1049.331407546997,1599.2198181152344,1704.2417478561401,Right,0.7648223638534546,0,,,,,,
1188,47520.0,23.824444444444445,1,2191.764450073242,1063.5068607330322,1604.0674209594727,1712.731261253357,Right,0.8476083278656006,0,,,,,,
1189,47560.0,23.77777777777778,1,2195.658187866211,1084.0306520462036,1615.3653717041016,1692.8653621673584,Right,0.9194990396499634,0,,,,,,
1190,47600.0,179.79444444444445,1,2181.2791442871094,1095.4818391799927,1620.2758026123047,1653.2119703292847,Right,0.8448554873466492,0,,,,,,
1191,47640.0,197.24,1,2179.9090576171875,1093.565583229065,1616.333999633789,1628.2777261734009,Right,0.6894596815109253,0,,,,,,
1192,47680.00000000001,198.00555555555556,1,2178.8795471191406,1077.0094227790833,1606.1700439453125,1609.8322820663452,Right,0.6422184705734253,1,2197.0716670976576,1040.8401238918304,1628.7269735392206,1565.8748218417168,Left,0.6129298210144043
1193,47720.00000000001,29.08222222222222,1,2164.705581665039,1043.423252105713,1607.834129333496,1617.5498342514038,Right,0.8976920247077942,1,2178.0210175240304,1003.6439023911953,1598.9083271093693,1616.3517880439758,Right,0.5798718333244324
1194,47760.00000000001,24.715555555555557,1,2090.8497619628906,964.6761918067932,1606.1101913452148,1631.7286348342896,Right,0.7056071758270264,1,2093.295492907901,944.2601931095123,1603.0656537305288,1667.3196709156036,Left,0.561710000038147
1195,47800.00000000001,23.32888888888889,1,1931.458511352539,888.2425689697266,1605.2611541748047,1608.909945487976,Left,0.8676730394363403,1,1941.264594593473,888.48722666502,1595.253660418923,1644.5196095108986,Left,0.8682984113693237
1196,47840.0,23.1,0,,,,,,,0,,,,,,
1197,47880.0,22.91777777777778,0,,,,,,,1,1685.56520924898,863.1121802330017,1566.6844277421028,1574.5732417702675,Left,0.907128632068634
1198,47920.0,22.783333333333335,0,,,,,,,1,1649.6267770407208,889.102101624012,1552.0177152483852,1608.1602895259857,Left,0.9136066436767578
1199,47960.0,22.59777777777778,1,1628.8499450683594,989.8038125038147,1545.9185028076172,1703.567762374878,Left,0.7376282215118408,1,1602.1305822124236,895.0704579055309,1543.3388762569093,1646.5515840053558,Left,0.9355840086936951
1200,48000.00000000001,22.554444444444446,1,1566.573257446289,903.4971714019775,1525.3516387939453,1698.6497926712036,Left,0.9368786215782166,1,1588.617281896987,903.8412129878998,1526.951910826134,1667.3039799928665,Left,0.8842760920524597
1201,48040.00000000001,22.648888888888887,1,1555.8385848999023,911.3974142074585,1502.911262512207,1698.2729530334473,Left,0.9302772283554077,1,1555.5807849307132,915.4767644405365,1507.0302357287926,1692.341357767582,Left,0.9313758611679077
1202,48080.00000000001,22.824444444444445,1,1562.4507522583008,926.7720079421997,1492.521858215332,1702.0767545700073,Left,0.9106957912445068,1,1557.6315151988272,929.2102445662022,1494.071686086174,1698.2769200205803,Left,0.9344512820243835
1203,48120.00000000001,22.995555555555555,1,1540.7283782958984,910.7395219802856,1500.7923889160156,1710.6829118728638,Left,0.8530810475349426,1,1543.535104194811,915.4853421449661,1493.1569744526012,1709.5660158991814,Left,0.8779972791671753
1204,48160.00000000001,23.202222222222222,1,1545.868034362793,906.1145782470703,1493.3158493041992,1704.9400663375854,Left,0.905354380607605,1,1543.7469728387116,906.2905660271645,1495.069545151061,1699.6662989258766,Left,0.9010432362556458
1205,48200.0,23.28,1,1544.2682647705078,907.7685141563416,1491.2788009643555,1703.4645080566406,Left,0.8946410417556763,1,1544.385590055763,911.0589328408241,1492.45961469894,1699.4993475079536,Left,0.884799063205719
1206,48240.0,23.42222222222222,1,1545.9680557250977,908.9016079902649,1491.9440460205078,1707.7727365493774,Left,0.8610866665840149,1,1544.3775899245338,911.6512128710747,1494.1857104284682,1700.405341386795,Left,0.8390858769416809
1207,48280.0,23.427777777777777,1,1553.3212280273438,908.0147409439087,1492.400779724121,1700.8362865447998,Left,0.8427653908729553,1,1553.0387657049253,909.9177843332291,1499.1889835102756,1691.9592314958572,Left,0.851577877998352
1208,48320.00000000001,23.463333333333335,1,1562.2161483764648,906.0020542144775,1505.5731582641602,1704.6121501922607,Left,0.8314065933227539,1,1558.9803013684182,912.700726389885,1503.9838936236652,1698.0859091877937,Left,0.8373784422874451
1209,48360.00000000001,23.455555555555556,1,1583.2387161254883,903.8040375709534,1503.7568664550781,1696.720790863037,Left,0.87995845079422,1,1589.126054287516,907.0490652322769,1507.2493853910028,1687.102890908718,Left,0.8800638318061829
1210,48400.00000000001,23.504444444444445,1,1616.920280456543,897.3380255699158,1508.6749649047852,1695.1159715652466,Left,0.8950159549713135,1,1609.0388303624786,904.1549791395664,1516.5636055913928,1691.8355870246887,Left,0.846500039100647
1211,48440.00000000001,23.414444444444445,1,1621.6438293457031,904.7959613800049,1518.823356628418,1702.0591163635254,Left,0.871483564376831,1,1624.9151357313115,899.0524479746819,1512.3369295180612,1694.5621463656425,Left,0.8780530095100403
1212,48480.00000000001,23.366666666666667,1,1686.368522644043,900.8170652389526,1502.3712158203125,1688.7638998031616,Left,0.9542993903160095,1,1684.0650498098394,900.3252956271172,1510.084443131477,1687.019310593605,Left,0.9651620984077454
1213,48520.0,23.414444444444445,1,1696.7304611206055,893.7359690666199,1518.9193725585938,1700.5816268920898,Left,0.953158438205719,1,1690.4843910637662,893.9701581001282,1515.4768461918356,1696.9627529382706,Left,0.9546440243721008
1214,48560.0,23.433333333333334,1,1696.227035522461,891.9083547592163,1517.5048828125,1698.52632522583,Left,0.9525619745254517,1,1696.3983757135318,892.2362065315247,1517.1843348745724,1693.476020693779,Left,0.9550878405570984
1215,48600.0,23.442222222222224,1,1703.3403396606445,887.9185152053833,1515.8856582641602,1698.1668663024902,Left,0.9636783599853516,1,1699.0492956020628,888.8571140170097,1516.9752078486774,1690.4147216677666,Left,0.9570271372795105
1216,48640.0,23.397777777777776,1,1706.1664581298828,891.8867254257202,1513.645248413086,1692.5671863555908,Left,0.9524767994880676,1,1705.3574440208158,891.5322071313858,1519.9206044777336,1695.6924158334732,Left,0.9530059099197388
1217,48680.00000000001,23.29888888888889,1,1704.4530487060547,891.2328243255615,1520.0984573364258,1691.8899822235107,Left,0.9520354866981506,1,1703.5414142317957,891.5137964487076,1511.7910329230644,1686.0077691078186,Left,0.9470067024230957
1218,48720.00000000001,23.212222222222223,1,1709.007339477539,888.8286209106445,1507.895164489746,1682.3723030090332,Left,0.954943060874939,1,1706.7811977122622,889.2708836495876,1518.821305546643,1691.1413159966469,Left,0.9615708589553833
1219,48760.00000000001,23.202222222222222,1,1737.9864120483398,885.5717968940735,1515.1924896240234,1684.3043947219849,Left,0.9654300212860107,1,1736.6800252326348,885.2771776914597,1513.2955969288369,1686.4916771650314,Left,0.9641790986061096
1220,48800.00000000001,23.25777777777778,0,,,,,,,0,,,,,,
1221,48840.0,23.25888888888889,0,,,,,,,0,,,,,,
1222,48880.0,23.24888888888889,0,,,,,,,0,,,,,,
1223,48920.0,23.233333333333334,1,2053.26416015625,1023.0000758171082,1535.3948593139648,1669.0250730514526,Left,0.8207733631134033,1,2049.039575950202,1016.7186775803566,1543.0166237798694,1644.4260916113853,Left,0.8604207634925842
1224,48960.0,23.22222222222222,1,2070.696487426758,1063.3542966842651,1563.5895538330078,1704.5633554458618,Left,0.7594598531723022,1,2076.1439306654934,1053.997956365347,1563.510982428458,1689.3993097543716,Left,0.8092846870422363
1225,49000.00000000001,23.256666666666668,1,2100.34423828125,1090.1365613937378,1566.518211364746,1731.4249277114868,Left,0.5659679174423218,1,2103.6174599758206,1087.6919639110565,1572.0726509586168,1711.4668142795563,Left,0.5706948041915894
1226,49040.00000000001,23.27777777777778,1,2128.9100646972656,1102.8716039657593,1567.2172164916992,1760.7658910751343,Right,0.6022700071334839,1,2126.7559968293203,1106.918469965458,1571.1625686144632,1744.6871128678322,Left,0.5116230249404907
1227,49080.00000000001,23.391111111111112,1,2141.601104736328,1120.3667736053467,1552.6254272460938,1783.6803674697876,Right,0.703812837600708,1,2140.9127234294574,1119.8182913661003,1572.7626398048535,1761.0256522893906,Right,0.7216513156890869
1228,49120.00000000001,23.427777777777777,1,2156.0094451904297,1127.6007556915283,1555.0288009643555,1798.538818359375,Right,0.7395114898681641,1,2160.3772224882423,1129.1774560511112,1584.2458394040536,1754.4190415740013,Right,0.8276389837265015
1229,49160.00000000001,23.486666666666668,1,2166.415557861328,1142.6549005508423,1568.7400817871094,1799.8773908615112,Right,0.8116285800933838,1,2177.115384691066,1141.3637065887451,1588.7155756441678,1745.2463373541832,Right,0.7943398952484131
1230,49200.0,23.48777777777778,1,2188.319549560547,1153.8453769683838,1579.7601699829102,1787.8801918029785,Right,0.8974981307983398,1,2189.0676706365516,1162.0600336790085,1598.5245904777141,1736.2319022417068,Right,0.8053216338157654
1231,49240.0,23.47222222222222,1,2192.9525756835938,1165.0843906402588,1591.4149475097656,1781.7289638519287,Right,0.821786642074585,1,2199.7340927929,1168.766124844551,1602.6633549966398,1742.523857653141,Right,0.8765155076980591
1232,49280.0,23.42222222222222,1,2203.3200073242188,1182.2061967849731,1603.6810684204102,1767.9567432403564,Right,0.7620133757591248,1,2194.788393689208,1177.3846779763699,1598.7122340051399,1753.6741411685944,Right,0.7812478542327881
1233,49320.00000000001,23.464444444444446,1,2205.0746154785156,1194.634952545166,1601.4289855957031,1755.4170083999634,Right,0.7144821882247925,1,2205.6820555281106,1190.6676717102528,1596.804742041674,1763.08953166008,Right,0.777056097984314
1234,49360.00000000001,23.398888888888887,1,2203.623504638672,1208.197832107544,1599.0594863891602,1757.4220991134644,Right,0.7920336723327637,1,2201.7648676774984,1213.939559161663,1596.1410907061131,1758.869510293007,Right,0.7830418348312378
1235,49400.00000000001,23.43777777777778,1,2198.645782470703,1220.1079988479614,1593.969612121582,1784.1101217269897,Right,0.785409152507782,1,2201.4069292218296,1227.6069805026054,1598.3512842641207,1764.4207495450974,Right,0.733544111251831
1236,49440.00000000001,23.43888888888889,1,2189.909133911133,1223.329610824585,1591.1112213134766,1783.848638534546,Right,0.7498959302902222,1,2197.7621053894686,1223.0859026312828,1595.9022553277323,1777.4840703606606,Right,0.7657055854797363
1237,49480.00000000001,23.43777777777778,1,2183.268356323242,1220.1481676101685,1589.3144989013672,1784.850926399231,Right,0.7815840244293213,1,2186.853162401027,1226.663066893816,1592.8035977577129,1773.1957411766052,Right,0.7235872745513916
1238,49520.0,23.45111111111111,1,2188.0716705322266,1212.5143003463745,1587.1972274780273,1783.2882070541382,Right,0.8005533814430237,1,2187.8049982390676,1214.2459505796432,1596.8095960538803,1763.6888203024864,Right,0.7706863284111023
1239,49560.0,23.547777777777778,1,2189.9109649658203,1191.7268371582031,1593.5060119628906,1762.404441833496,Right,0.7458570003509521,1,2182.046701536369,1184.4565768539906,1593.9647853444358,1754.7367304563522,Right,0.8082475066184998
1240,49600.0,23.54222222222222,1,2158.7747955322266,1118.3640003204346,1605.8521270751953,1735.1679611206055,Right,0.8277596235275269,1,2155.84303575272,1116.8693393468857,1602.0975929072426,1739.9412363767624,Right,0.865710437297821
1241,49640.0,23.546666666666667,1,2081.377944946289,1055.9301567077637,1602.4005889892578,1718.5823822021484,Right,0.7499204874038696,1,2083.8227981978816,1059.193953126669,1597.692936386341,1719.6325796842575,Right,0.7602572441101074
1242,49680.00000000001,23.506666666666668,1,1974.6764373779297,971.4423108100891,1577.493896484375,1711.676959991455,Left,0.8467916250228882,1,1972.8581015977043,966.0193186998367,1573.1041734970468,1719.978093802929,Left,0.8770885467529297
1243,49720.00000000001,23.565555555555555,1,1848.9244079589844,959.3072891235352,1580.6719207763672,1681.976022720337,Left,0.8875824809074402,1,1853.0281809262347,951.3894161581993,1575.6593165336153,1694.1332611441612,Left,0.91649329662323
1244,49760.00000000001,23.50888888888889,0,,,,,,,0,,,,,,
1245,49800.00000000001,23.461111111111112,1,1675.5960845947266,1019.7091341018677,1552.668228149414,1698.9910984039307,Left,0.7615262866020203,1,1665.4730145006079,921.5828347206116,1540.3828727122907,1631.3266816735268,Left,0.8061193227767944
1246,49840.0,23.46,1,1612.1551895141602,940.9666442871094,1529.7490310668945,1676.4798545837402,Left,0.8633994460105896,1,1609.842798606452,934.1094213724136,1543.6804099491026,1644.6795523166656,Left,0.9040759801864624
1247,49880.0,23.40111111111111,1,1560.5553817749023,949.5445418357849,1517.9902267456055,1684.2313957214355,Left,0.875160813331604,1,1560.5626194586089,949.6167603135109,1524.713761753382,1669.4439080357552,Left,0.8409813642501831
1248,49920.0,23.375555555555554,1,1522.2298049926758,955.0389719009399,1499.139289855957,1692.3460006713867,Left,0.8035184741020203,1,1517.2264029803616,951.588377058506,1503.8308124609318,1687.931894659996,Left,0.8159581422805786
1249,49960.0,23.355555555555554,1,1498.2574081420898,951.7169380187988,1483.9773559570312,1700.5028343200684,Left,0.8347564935684204,1,1490.476795657159,946.083687543869,1482.764534318573,1698.1310990452766,Left,0.7661722898483276
1250,50000.00000000001,23.48777777777778,1,1491.6073608398438,947.4560880661011,1472.911376953125,1710.0783205032349,Left,0.7735828161239624,1,1487.8899667075761,940.8788515627384,1484.7078920388976,1715.3843146562576,Left,0.7463471293449402
1251,50040.00000000001,23.473333333333333,1,1496.5960693359375,938.694212436676,1467.2601699829102,1712.2980308532715,Left,0.7840002775192261,1,1497.1230170371803,937.554520368576,1467.1119180122546,1715.8646661043167,Left,0.8108192682266235
1252,50080.00000000001,23.536666666666665,1,1523.8850784301758,921.4765548706055,1470.8464050292969,1705.4768085479736,Left,0.8181307911872864,1,1522.8162474816736,920.0061585009098,1472.134247586428,1708.9326256513596,Left,0.8269304633140564
1253,50120.00000000001,23.52888888888889,1,1580.251579284668,905.2604126930237,1462.3413848876953,1693.6568927764893,Left,0.9015658497810364,1,1580.7425010385994,901.4365267753601,1463.2462366244997,1690.0951498746872,Left,0.8955162763595581
1254,50160.00000000001,23.523333333333333,1,1612.1488952636719,902.8974723815918,1467.920150756836,1690.4421043395996,Left,0.8798864483833313,1,1607.0958321986136,899.8465655744076,1471.394864671535,1698.461131453514,Left,0.8478670120239258
1255,50200.0,23.51222222222222,1,1661.843490600586,903.9744329452515,1472.9219055175781,1683.7161540985107,Left,0.9054415225982666,1,1658.4275056720478,904.0108841657639,1469.6586114720192,1682.998668551445,Left,0.9081217050552368
1256,50240.0,23.586666666666666,1,1695.9724044799805,901.4337587356567,1486.5400314331055,1685.9863328933716,Left,0.9320317506790161,1,1699.8413984828649,908.3892792463303,1483.5533113021224,1679.1924691200256,Left,0.9435034394264221
1257,50280.0,23.656666666666666,1,1710.4170227050781,900.4316639900208,1487.2543716430664,1686.5826845169067,Left,0.9411324262619019,1,1707.2507784486795,897.0241346955299,1485.6723572975866,1680.380481183529,Left,0.9679288864135742
1258,50320.00000000001,23.60333333333333,1,1712.7803421020508,901.2542223930359,1484.6930694580078,1684.6693897247314,Left,0.9461389780044556,1,1713.215370670153,906.1888888478279,1485.163989408075,1670.9206330776215,Left,0.9339578747749329
1259,50360.00000000001,23.673333333333332,1,1720.0797271728516,899.6756029129028,1487.859764099121,1685.3570222854614,Left,0.9455926418304443,1,1718.738337669954,900.4517644643784,1487.6890645356978,1683.5534995794296,Left,0.9436914324760437
1260,50400.00000000001,23.68111111111111,1,1725.5414199829102,902.252197265625,1482.9864120483398,1677.7402782440186,Left,0.9416720271110535,1,1722.5801085531361,900.4500907659531,1490.9378369276576,1681.0053983330727,Left,0.9371110200881958
1261,50440.00000000001,23.712222222222223,1,1717.353286743164,898.8518857955933,1488.2726669311523,1676.3148021697998,Left,0.9414307475090027,1,1716.9201505421754,900.9305468201637,1492.5035255315854,1676.8318220973015,Left,0.9251898527145386
1262,50480.00000000001,23.724444444444444,1,1720.9329986572266,898.5394191741943,1486.5501022338867,1681.2658596038818,Left,0.945264995098114,1,1719.9411439168914,901.151579618454,1487.1067628491526,1682.9326620697975,Left,0.9411620497703552
1263,50520.0,23.77111111111111,1,1721.8573379516602,898.6676502227783,1487.995719909668,1679.0779495239258,Left,0.9462991952896118,1,1722.939575123759,897.7956050634384,1486.1335334017576,1674.1074594855309,Left,0.9461509585380554
1264,50560.0,23.826666666666668,1,1718.8921737670898,886.7487287521362,1489.7450637817383,1681.7756938934326,Left,0.954278290271759,1,1723.8695679068705,888.7376537919044,1490.7537889648295,1685.2874511480331,Left,0.9461961984634399
1265,50600.0,23.82,1,1730.760383605957,884.3434953689575,1492.258071899414,1674.3926239013672,Left,0.9600163698196411,1,1731.0601577669347,882.504905462265,1488.0476322151712,1679.903581738472,Left,0.9577444791793823
1266,50640.00000000001,23.936666666666667,1,1742.1652221679688,882.8324031829834,1491.8962097167969,1681.7122220993042,Left,0.9616586565971375,1,1738.9246463216623,881.5359909832478,1491.1500651280178,1682.0714396238327,Left,0.9690421223640442
1267,50680.00000000001,23.891111111111112,0,,,,,,,0,,,,,,
1268,50720.00000000001,23.92,0,,,,,,,0,,,,,,
1269,50760.00000000001,23.962222222222223,0,,,,,,,0,,,,,,
1270,50800.00000000001,23.94,0,,,,,,,0,,,,,,
1271,50840.0,24.00777777777778,0,,,,,,,0,,,,,,
1272,50880.0,24.086666666666666,1,2174.593963623047,1039.4838166236877,1566.815071105957,1648.7934064865112,Left,0.7116466760635376,0,,,,,,
1273,50920.0,24.155555555555555,1,2194.863967895508,1087.5586795806885,1565.0431823730469,1711.194806098938,Left,0.6762365698814392,0,,,,,,
1274,50960.0,24.265555555555554,1,2190.4998779296875,1119.4019508361816,1568.3688354492188,1760.037317276001,Right,0.5338333249092102,0,,,,,,
1275,51000.00000000001,24.283333333333335,1,2191.4522552490234,1131.0272026062012,1552.8858947753906,1763.3460903167725,Right,0.5928065776824951,0,,,,,,
1276,51040.00000000001,24.275555555555556,1,2198.2962799072266,1160.3865766525269,1541.758804321289,1798.877420425415,Right,0.6422454714775085,0,,,,,,
1277,51080.00000000001,24.182222222222222,1,2204.5410919189453,1171.1425352096558,1553.2848358154297,1797.1452713012695,Right,0.7584041357040405,0,,,,,,
1278,51120.00000000001,24.175555555555555,1,2203.5177612304688,1202.2838830947876,1554.5331573486328,1783.737530708313,Right,0.8514056205749512,0,,,,,,
1279,51160.00000000001,24.14,1,2204.648208618164,1212.3435831069946,1569.3612670898438,1761.9306564331055,Right,0.8231611847877502,0,,,,,,
1280,51200.0,182.0822222222222,1,2193.148956298828,1214.5023965835571,1570.0028228759766,1725.45072555542,Right,0.8017446994781494,0,,,,,,
1281,51240.0,196.1,1,2190.6237030029297,1184.3655252456665,1577.4052047729492,1691.9556427001953,Right,0.7181066274642944,0,,,,,,
1282,51280.0,104.08444444444444,1,2164.3231201171875,1131.8578720092773,1579.782485961914,1666.1679410934448,Right,0.8311949968338013,0,,,,,,
1283,51320.00000000001,24.565555555555555,1,2094.401321411133,1005.404999256134,1580.731201171875,1637.8243732452393,Left,0.8060572147369385,0,,,,,,
1284,51360.00000000001,24.325555555555557,1,1931.5296936035156,921.5296626091003,1556.2415313720703,1629.7545719146729,Left,0.9417692422866821,0,,,,,,
1285,51400.00000000001,24.035555555555554,1,1744.482650756836,888.0933523178101,1544.6661758422852,1625.02779006958,Left,0.9101375937461853,0,,,,,,
1286,51440.00000000001,23.67111111111111,1,1683.0500793457031,880.5069923400879,1538.4949493408203,1631.1800479888916,Left,0.9196058511734009,1,1663.1003913119139,861.571436226368,1528.5659597738966,1587.3373889923096,Left,0.9188532829284668
1287,51480.00000000001,23.31111111111111,1,1644.5708084106445,880.0746631622314,1533.0885314941406,1626.3044357299805,Left,0.887468695640564,1,1643.5421828508097,884.8646110296249,1537.6577943039388,1611.5324780344963,Left,0.89658522605896
1288,51520.0,23.053333333333335,1,1624.5430755615234,888.008508682251,1529.391860961914,1637.690348625183,Left,0.8990299105644226,1,1605.0317983414895,879.9726520478725,1532.963559999276,1628.3496952056885,Left,0.8686844110488892
1289,51560.0,22.955555555555556,1,1603.0145645141602,895.0451874732971,1528.9813613891602,1633.3929347991943,Left,0.8720653653144836,1,1592.7124501951694,896.6250099241734,1528.1723802841561,1651.5387868881226,Left,0.8848685622215271
1290,51600.0,22.86111111111111,1,1580.115966796875,908.6639428138733,1520.5977630615234,1643.9436721801758,Left,0.897323727607727,1,1582.395022527554,900.1205813884735,1527.4175364414943,1650.330899655819,Left,0.8790586590766907
1291,51640.00000000001,22.875555555555554,1,1584.4486999511719,909.6111917495728,1524.928321838379,1633.4880781173706,Left,0.8800107836723328,1,1570.5934806278135,914.0416203439236,1518.8534409052322,1656.6741120815277,Left,0.8475130200386047
1292,51680.00000000001,23.00111111111111,1,1557.469253540039,915.4612827301025,1524.2095184326172,1646.1660861968994,Left,0.8411042094230652,1,1573.7501616215231,912.0258074998856,1518.9893981915704,1649.5914387702942,Left,0.8641072511672974
1293,51720.00000000001,23.084444444444443,1,1555.8423614501953,919.4936084747314,1524.576301574707,1647.1598768234253,Left,0.8702979683876038,1,1561.2160234350672,920.2490016818047,1516.5054922785876,1647.8852078318596,Left,0.866653323173523
1294,51760.00000000001,23.23111111111111,1,1552.5353622436523,923.8314485549927,1520.042953491211,1647.8718423843384,Left,0.8811705708503723,1,1585.0638752945142,921.1473070085049,1521.6352842896654,1637.5580701231956,Left,0.8798738718032837
1295,51800.00000000001,23.315555555555555,1,1565.0143432617188,920.815315246582,1520.1829147338867,1641.3572931289673,Left,0.8680602312088013,1,1617.4566763087425,957.5895273685455,1515.1350428322974,1627.9856657981873,Left,0.8554489612579346
1296,51840.0,23.398888888888887,1,1599.0971374511719,936.4427661895752,1517.321434020996,1632.4868202209473,Left,0.8868440389633179,1,1585.6424915273471,921.4670357108116,1523.04043093432,1622.8983548283577,Left,0.8577051162719727
1297,51880.0,23.397777777777776,1,1573.707504272461,917.9254817962646,1525.3994750976562,1626.442837715149,Left,0.8790696263313293,1,1574.8991692331724,927.6610797643661,1523.0585435909795,1624.541299045086,Left,0.8703036308288574
1298,51920.0,23.41,1,1570.3213119506836,915.4629564285278,1525.5701065063477,1632.8767919540405,Left,0.893347978591919,1,1593.5865768933493,927.4236238002777,1523.6120807607456,1617.0403057336807,Left,0.8997902870178223
1299,51960.0,23.436666666666667,1,1591.794776916504,912.9003310203552,1525.249900817871,1629.248857498169,Left,0.897209644317627,1,1589.7939304114786,908.4256821870804,1522.4937702818465,1616.0448735952377,Left,0.8416281342506409
1300,52000.00000000001,23.36888888888889,1,1599.451675415039,905.6463932991028,1525.9228134155273,1628.0213928222656,Left,0.9174700379371643,1,1592.7912380044095,908.334936350584,1520.9522169052786,1623.835835158825,Left,0.8920256495475769
1301,52040.00000000001,23.393333333333334,1,1606.4192962646484,904.5055103302002,1521.2726211547852,1624.6093654632568,Left,0.9131104946136475,1,1597.5652488985766,900.8396963775158,1525.5405168879913,1631.519261598587,Left,0.8797965049743652
1302,52080.00000000001,23.412222222222223,1,1607.6354598999023,896.6092586517334,1522.3342895507812,1630.2486991882324,Left,0.9197813272476196,1,1600.4962632692434,894.0159755945206,1526.9514164360019,1636.0974544286728,Left,0.885682225227356
1303,52120.00000000001,23.4,1,1608.548240661621,896.6316604614258,1527.1448135375977,1632.4301719665527,Left,0.8995920419692993,1,1607.2965096477049,892.3539930582047,1526.0695143293804,1640.1980155706406,Left,0.9038956165313721
1304,52160.00000000001,23.383333333333333,1,1610.6937789916992,887.8601932525635,1525.004768371582,1634.6335315704346,Left,0.9158015251159668,1,1610.346672040217,890.0772401690483,1526.3231814117253,1639.0765330195427,Left,0.8709557056427002
1305,52200.0,23.404444444444444,1,1639.6211242675781,886.6037607192993,1523.679084777832,1636.7131662368774,Left,0.9115232229232788,1,1629.613684713491,877.7008156478405,1530.5802400059047,1637.1097281575203,Left,0.9260361790657043
1306,52240.0,23.444444444444443,1,1679.454460144043,855.9997987747192,1530.692367553711,1623.8191223144531,Left,0.9469637274742126,1,1684.734454048756,861.3310512900352,1524.2431472921428,1643.3238565921783,Left,0.9681866765022278
1307,52280.0,23.393333333333334,1,1729.8906326293945,860.139627456665,1535.028305053711,1632.830958366394,Left,0.9676620960235596,1,1725.8795784059191,858.7252597510815,1529.429075055497,1633.6908853054047,Left,0.9584870934486389
1308,52320.00000000001,23.394444444444446,0,,,,,,,0,,,,,,
1309,52360.00000000001,23.35,1,1888.0048370361328,875.0137209892273,1572.132797241211,1632.6222610473633,Left,0.8909479379653931,0,,,,,,
1310,52400.00000000001,23.434444444444445,1,1975.9957122802734,920.0347280502319,1548.2574462890625,1670.1271390914917,Left,0.9224300980567932,0,,,,,,
1311,52440.00000000001,23.461111111111112,1,2031.3235473632812,949.7627019882202,1554.404182434082,1708.9114952087402,Left,0.8919470310211182,0,,,,,,
1312,52480.00000000001,23.567777777777778,1,2070.7928466796875,1002.6341915130615,1573.025779724121,1730.0579023361206,Left,0.5972878932952881,1,2076.954910260432,984.5088221132755,1587.6418951108335,1614.9059218168259,Left,0.7952784299850464
1313,52520.0,23.66777777777778,1,2101.571502685547,1052.6723670959473,1585.071029663086,1780.5478477478027,Left,0.5144479274749756,1,2118.8871037079607,1033.4930062294006,1578.4959922781584,1689.7487989068031,Left,0.6318248510360718
1314,52560.0,23.74111111111111,1,2121.5345764160156,1072.476725578308,1554.0702438354492,1795.4865074157715,Right,0.5302386283874512,1,2139.9765282974154,1068.1182177364826,1587.406250796033,1718.6339047551155,Right,0.553657591342926
1315,52600.0,23.75777777777778,1,2139.829559326172,1087.3230743408203,1536.7333602905273,1816.3371849060059,Left,0.541919469833374,1,2145.595676650196,1096.6206219792366,1573.3804476917978,1767.3409348726273,Right,0.6231245994567871
1316,52640.00000000001,23.675555555555555,1,2140.67138671875,1105.884132385254,1533.1946182250977,1832.798137664795,Right,0.5076304078102112,1,2148.1814269303995,1113.3727741241455,1549.990221316482,1796.456801891327,Right,0.5985431671142578
1317,52680.00000000001,23.676666666666666,1,2141.6658782958984,1124.906358718872,1534.0507507324219,1821.9445896148682,Right,0.6473952531814575,1,2146.6640986703064,1126.4029870927334,1543.2690324146051,1805.6914329528809,Right,0.6205039024353027
1318,52720.00000000001,23.65111111111111,1,2153.456268310547,1140.7016944885254,1540.7611083984375,1821.4821338653564,Right,0.7779362201690674,1,2156.480529355835,1138.3975468575954,1540.3677713409818,1809.782893359661,Right,0.7170268297195435
1319,52760.00000000001,23.586666666666666,1,2168.3692932128906,1150.7562446594238,1550.676155090332,1802.8041744232178,Right,0.8454095721244812,1,2164.7731597649954,1146.514304280281,1543.343190934426,1809.720025062561,Right,0.8019652962684631
1320,52800.00000000001,23.524444444444445,1,2172.0320892333984,1166.0033798217773,1556.9436264038086,1796.154055595398,Right,0.838523805141449,1,2168.6619426552884,1161.2610518932343,1547.6274859304306,1805.4634961485863,Right,0.8324900269508362
1321,52840.0,23.43777777777778,1,2170.0550079345703,1189.4482898712158,1565.0970840454102,1778.581895828247,Right,0.8174358606338501,1,2173.5991921821765,1181.4193372428417,1551.915825936607,1797.3585069179535,Right,0.8259104490280151
1322,52880.0,181.01222222222222,1,2167.5647735595703,1192.4006938934326,1567.1985626220703,1745.8103656768799,Right,0.8541538715362549,1,2162.311816019861,1192.736833691597,1552.4117441837002,1756.3792562484741,Right,0.8435879349708557
1323,52920.0,196.80444444444444,1,2164.889373779297,1183.7275886535645,1580.5036926269531,1712.682466506958,Right,0.8906137943267822,1,2158.763083651365,1183.0466951429844,1580.5555766240932,1729.1478690505028,Right,0.9096234440803528
1324,52960.0,64.38444444444444,1,2145.1034545898438,1132.4755954742432,1590.7239532470703,1694.3366718292236,Right,0.9300673604011536,1,2148.3256989598694,1142.7293398976326,1590.160678000411,1703.4357815980911,Right,0.910230278968811
1325,53000.00000000001,24.116666666666667,1,2092.437973022461,1064.9732780456543,1586.6366958618164,1678.5063171386719,Right,0.6466940641403198,1,2094.7542134650566,1069.0815357863903,1584.9271090061416,1675.6813636422157,Right,0.6608487367630005
1326,53040.00000000001,23.977777777777778,1,1975.7466888427734,987.8756475448608,1571.751937866211,1669.028034210205,Left,0.883010745048523,1,1978.6586461844227,978.8547027111053,1570.6101550586338,1674.4068422913551,Left,0.8899569511413574
1327,53080.00000000001,23.623333333333335,0,,,,,,,0,,,,,,
1328,53120.00000000001,23.267777777777777,0,,,,,,,0,,,,,,
1329,53160.00000000001,22.93,0,,,,,,,0,,,,,,
1330,53200.0,22.67111111111111,0,,,,,,,1,1656.2227054609364,895.0181025266647,1545.399314549436,1619.2769944667816,Left,0.9281474351882935
1331,53240.0,22.43888888888889,1,1634.0352630615234,964.7547268867493,1553.1291961669922,1700.9985065460205,Left,0.7319484949111938,1,1617.4875532197225,915.7041782140732,1546.9948463395222,1641.6211822628975,Left,0.9155808687210083
1332,53280.0,22.35333333333333,1,1591.603660583496,908.638322353363,1536.0253143310547,1711.902780532837,Left,0.8573698997497559,1,1591.1633910775045,920.1943972706795,1544.3724213004252,1659.5233744382858,Left,0.8929019570350647
1333,53320.00000000001,22.635555555555555,1,1562.4104690551758,932.2413325309753,1528.4147644042969,1685.560827255249,Left,0.887017011642456,1,1568.4821201516763,936.4868053793907,1534.971503048681,1668.0922919511795,Left,0.9087618589401245
1334,53360.00000000001,22.84111111111111,1,1560.567970275879,945.3095054626465,1532.804946899414,1691.2918281555176,Left,0.8923662304878235,1,1558.1818613050132,946.5054595470428,1535.4805900511121,1671.8608331680298,Left,0.8643381595611572
1335,53400.00000000001,23.106666666666666,1,1563.3720016479492,946.1350250244141,1534.3057250976562,1686.1862754821777,Left,0.8220088481903076,1,1555.4607380177183,955.1394943892956,1534.1573323901625,1678.9134845137596,Left,0.8577470779418945
1336,53440.00000000001,23.233333333333334,1,1546.2319564819336,945.4127597808838,1529.070053100586,1688.4122943878174,Left,0.8647293448448181,1,1546.3635101407801,956.023259460926,1527.2791072044954,1683.0340254306793,Left,0.9110758900642395
1337,53480.00000000001,23.273333333333333,1,1538.6326217651367,953.282618522644,1523.0865097045898,1691.998643875122,Left,0.8838165998458862,1,1546.171776658625,949.4753327965736,1528.471621147773,1683.1467908620834,Left,0.8873738050460815
1338,53520.0,23.288888888888888,1,1549.0918350219727,951.5458345413208,1533.4478759765625,1687.630934715271,Left,0.8465358018875122,1,1542.8714528592502,950.0188663601875,1529.0134277880402,1688.6565014719963,Left,0.8143136501312256
1339,53560.0,23.31222222222222,1,1545.8410263061523,952.5106573104858,1524.4269561767578,1688.1836414337158,Left,0.8458783626556396,1,1541.6212301041849,941.3399031758308,1533.8691928322403,1686.435399055481,Left,0.8406736850738525
1340,53600.0,23.377777777777776,1,1546.3566970825195,943.6056804656982,1524.330711364746,1680.9703874588013,Left,0.851294755935669,1,1543.491238306723,952.7286887168884,1531.4032647422441,1691.1683043837547,Left,0.8234842419624329
1341,53640.00000000001,23.31888888888889,1,1546.410026550293,946.971230506897,1524.7039031982422,1687.3485946655273,Left,0.8443750143051147,1,1543.6341619994687,942.4529126286507,1522.6031653347216,1691.561518907547,Left,0.8647238612174988
1342,53680.00000000001,23.384444444444444,1,1545.9457397460938,944.8499464988708,1529.8781204223633,1679.4538879394531,Left,0.8336496353149414,1,1550.0502223007006,949.986804574728,1533.818585260532,1695.5905294418335,Left,0.8238063454627991
1343,53720.00000000001,23.38222222222222,1,1547.2024154663086,946.3410186767578,1525.8304595947266,1688.744716644287,Left,0.8167915344238281,1,1548.8756412358525,943.2252198457718,1523.4006615624198,1692.9665887355804,Left,0.8648999929428101
1344,53760.00000000001,23.36111111111111,1,1546.5022659301758,935.3533172607422,1518.5026931762695,1687.6990413665771,Left,0.8652008771896362,1,1553.6665962281847,945.1904556155205,1524.5390622585069,1699.3991348147392,Left,0.863852858543396
1345,53800.00000000001,23.34111111111111,1,1551.5978622436523,939.3011856079102,1523.825569152832,1698.5404872894287,Left,0.8222712874412537,1,1556.8121759162,940.2973459661007,1519.1782552220477,1698.7747406959534,Left,0.8620149493217468
1346,53840.0,23.38,1,1559.114112854004,938.8656377792358,1519.5830154418945,1697.4576044082642,Left,0.8661704063415527,1,1563.528196193968,937.2902852296829,1516.4649073431947,1697.5467690825462,Left,0.8874804973602295
1347,53880.0,23.413333333333334,1,1593.9311599731445,934.4351005554199,1518.2358169555664,1690.4357957839966,Left,0.8530334234237671,1,1593.0114213914412,933.8805431127548,1515.3601251760933,1692.8098887205124,Left,0.8530473113059998
1348,53920.0,23.398888888888887,1,1618.3101654052734,929.223461151123,1521.8675994873047,1691.6326189041138,Left,0.8963508605957031,1,1605.6869102111316,929.4874508678913,1521.6142502367707,1689.18810993433,Left,0.8915923237800598
1349,53960.00000000001,23.40111111111111,1,1662.4314880371094,925.4093599319458,1513.9899444580078,1685.6888008117676,Left,0.9228291511535645,1,1659.5546252842105,924.1237181425095,1516.0945641896649,1684.0617808699608,Left,0.9088680148124695
1350,54000.00000000001,23.354444444444443,1,1730.8141708374023,928.2010889053345,1505.024299621582,1689.217472076416,Left,0.9485714435577393,1,1732.1648949894789,922.1185228228569,1506.9306835340028,1688.8431188464165,Left,0.951469361782074
1351,54040.00000000001,23.354444444444443,0,,,,,,,0,,,,,,
1352,54080.00000000001,23.324444444444445,0,,,,,,,0,,,,,,
1353,54120.00000000001,23.3,0,,,,,,,0,,,,,,
1354,54160.00000000001,23.303333333333335,1,2110.2115631103516,1263.382887840271,1467.1858978271484,1749.613652229309,Left,0.5240500569343567,0,,,,,,
1355,54200.0,23.33111111111111,1,2136.5210723876953,1322.074213027954,1427.6962280273438,1804.9411010742188,Left,0.651781439781189,0,,,,,,
1356,54240.0,23.462222222222223,1,2155.919723510742,1374.1500520706177,1416.7220306396484,1841.3397932052612,Right,0.5351866483688354,0,,,,,,
1357,54280.0,23.49,1,2168.927993774414,1409.8784923553467,1401.1918258666992,1874.7358703613281,Right,0.6965691447257996,0,,,,,,
1358,54320.00000000001,23.48777777777778,1,2163.5609436035156,1411.375937461853,1389.5978164672852,1886.0817432403564,Left,0.524743378162384,0,,,,,,
1359,54360.00000000001,23.442222222222224,1,2170.8380126953125,1411.458978652954,1393.5785293579102,1886.4391422271729,Left,0.5072327852249146,0,,,,,,
1360,54400.00000000001,23.392222222222223,1,2163.2235717773438,1443.4570026397705,1406.8347930908203,1872.5309658050537,Right,0.5390859842300415,0,,,,,,
1361,54440.00000000001,23.385555555555555,1,2171.678466796875,1442.147011756897,1418.9881896972656,1863.0974864959717,Right,0.5878235101699829,0,,,,,,
1362,54480.00000000001,23.357777777777777,1,2175.897674560547,1445.6243133544922,1418.8167572021484,1867.2615194320679,Right,0.5542933940887451,0,,,,,,
1363,54520.0,23.32888888888889,1,2170.7311248779297,1451.1305236816406,1442.0056915283203,1859.2315006256104,Right,0.5022329688072205,0,,,,,,
1364,54560.0,23.376666666666665,1,2161.399383544922,1470.1634359359741,1427.6178359985352,1886.9146013259888,Right,0.6424479484558105,0,,,,,,
1365,54600.0,23.376666666666665,1,2171.6578674316406,1469.9318218231201,1434.9771881103516,1870.0793838500977,Right,0.5953503847122192,0,,,,,,
1366,54640.00000000001,179.20666666666668,1,2149.940414428711,1458.592128753662,1413.577766418457,1865.2841091156006,Left,0.545423150062561,0,,,,,,
1367,54680.00000000001,196.9488888888889,1,2156.1099243164062,1435.10910987854,1418.7220001220703,1862.260251045227,Left,0.6069860458374023,0,,,,,,
1368,54720.00000000001,29.236666666666668,1,2164.3526458740234,1393.7074756622314,1409.164810180664,1891.079535484314,Right,0.628771960735321,0,,,,,,
1369,54760.00000000001,23.843333333333334,1,2137.145462036133,1302.8297710418701,1427.3521041870117,1868.378005027771,Left,0.7174714803695679,1,2166.9180039364455,1305.8013340830803,1442.4852668610156,1740.5179300904274,Left,0.5481691956520081
1370,54800.00000000001,23.70888888888889,1,2074.8143005371094,1178.517107963562,1414.9795532226562,1861.6465187072754,Left,0.808357834815979,1,2074.7869645864434,1189.318827688694,1452.3204843715655,1812.6265069842339,Left,0.8979820013046265
1371,54840.0,23.414444444444445,1,1828.396224975586,1288.2721996307373,1432.6689147949219,1800.2434158325195,Left,0.8640688061714172,0,,,,,,
1372,54880.0,23.11,0,,,,,,,0,,,,,,
1373,54920.0,22.785555555555554,1,1682.4665451049805,991.2436437606812,1438.7632369995117,1748.170280456543,Left,0.8785514831542969,1,1667.933369465478,961.294624954462,1465.6052416122811,1686.5833121538162,Left,0.8996742367744446
1374,54960.00000000001,22.608888888888888,1,1579.4451141357422,952.3776626586914,1449.0515899658203,1772.1848917007446,Left,0.9597102403640747,1,1581.793125013953,960.7174605131149,1445.2808632800336,1724.7149741649628,Left,0.9543982744216919
1375,55000.00000000001,22.398888888888887,1,1549.1046524047852,955.748233795166,1443.9652633666992,1774.6636390686035,Left,0.9207682013511658,1,1541.6600622018364,959.0642648935318,1452.9978887417112,1739.4742745161057,Left,0.924781084060669
1376,55040.00000000001,22.27777777777778,1,1552.107810974121,954.7127294540405,1450.5867004394531,1770.4233884811401,Left,0.8998143672943115,1,1548.0643020844543,959.8995450139046,1454.7298722082678,1754.069761633873,Left,0.8913247585296631
1377,55080.00000000001,22.413333333333334,1,1553.3401107788086,966.4076972007751,1445.4810333251953,1767.4427890777588,Left,0.8838075995445251,1,1548.1162579928864,962.056994587183,1458.0656572634841,1754.3693536520004,Left,0.9069510698318481
1378,55120.00000000001,22.59,1,1542.0357513427734,963.3598923683167,1449.092788696289,1765.0707721710205,Left,0.8020670413970947,1,1541.6940402872817,966.3229903578758,1456.5524189581206,1755.2751383185387,Left,0.8458460569381714
1379,55160.00000000001,22.784444444444443,1,1534.7599411010742,959.0590667724609,1455.6796646118164,1764.3993616104126,Left,0.8171525001525879,1,1538.3476033719455,967.3520010709763,1454.236605690065,1752.7400082349777,Left,0.7802000641822815
1380,55200.0,22.984444444444446,1,1537.7921676635742,961.5026664733887,1452.996940612793,1762.875394821167,Left,0.8504288196563721,1,1539.9324383573544,967.7439603209496,1458.3773927140767,1754.93642359972,Left,0.8432655334472656
1381,55240.0,23.09,1,1539.6080017089844,966.3883209228516,1453.7791442871094,1759.6015119552612,Left,0.8404176235198975,1,1540.1457901716512,963.5884809494019,1458.4371240309506,1752.768879532814,Left,0.8734936118125916
1382,55280.0,23.114444444444445,1,1541.8236923217773,969.3039679527283,1455.776596069336,1761.374216079712,Left,0.839665949344635,1,1538.8158357716388,970.6751815974712,1457.1909462860572,1752.4628019332886,Left,0.7813804149627686
1383,55320.00000000001,23.143333333333334,1,1540.0499725341797,968.3822107315063,1453.3909606933594,1757.0187377929688,Left,0.7733142971992493,1,1538.7790711236307,967.971426397562,1459.8211916781534,1753.7611734867096,Left,0.8516687750816345
1384,55360.00000000001,23.09888888888889,1,1539.7100830078125,966.7648386955261,1457.6997756958008,1758.1903266906738,Left,0.8460171818733215,1,1539.9945966803314,963.8770370185375,1457.5291091364406,1746.954241991043,Left,0.8545901775360107
1385,55400.00000000001,23.176666666666666,1,1543.589859008789,964.523241519928,1456.1731338500977,1751.0480117797852,Left,0.8711691498756409,1,1537.8944723435611,966.702239960432,1460.8780180024373,1751.7086961865425,Left,0.8762506246566772
1386,55440.00000000001,23.16,1,1539.1545867919922,967.519998550415,1457.9470825195312,1748.6126518249512,Left,0.7821182012557983,1,1545.8983339709946,970.8575624227524,1453.7545753112292,1745.046748816967,Left,0.8348649144172668
1387,55480.00000000001,23.08111111111111,1,1541.872673034668,962.4453449249268,1456.9707870483398,1749.5729684829712,Left,0.8716617822647095,1,1543.7049047329222,958.505981862545,1455.8963183082142,1748.5053420066833,Left,0.8235560059547424
1388,55520.0,23.052222222222223,1,1559.4197845458984,958.7335968017578,1456.7859649658203,1744.0092086791992,Left,0.8599067330360413,1,1557.6539874775608,956.8740212917328,1458.4081347913843,1744.62278008461,Left,0.850302517414093
1389,55560.0,23.11777777777778,1,1594.4939804077148,945.0648880004883,1457.5791549682617,1740.6426286697388,Left,0.8461145758628845,1,1591.9581007426398,946.6456317901611,1461.8017185475035,1734.0657180547714,Left,0.9021381139755249
1390,55600.0,23.09888888888889,1,1677.1403503417969,932.3309397697449,1461.0944366455078,1717.219090461731,Left,0.9330148100852966,1,1676.6275345510503,940.0957176089287,1463.6298833670398,1715.088488459587,Left,0.9259966611862183
1391,55640.00000000001,23.093333333333334,0,,,,,,,0,,,,,,
1392,55680.00000000001,23.064444444444444,1,1737.172508239746,1311.1524295806885,1449.0298461914062,1719.5728254318237,Left,0.7186396718025208,0,,,,,,
1393,55720.00000000001,23.192222222222224,0,,,,,,,0,,,,,,
1394,55760.00000000001,23.182222222222222,0,,,,,,,0,,,,,,
1395,55800.00000000001,23.164444444444445,0,,,,,,,0,,,,,,
1396,55840.0,23.196666666666665,0,,,,,,,0,,,,,,
1397,55880.0,23.265555555555554,0,,,,,,,0,,,,,,
1398,55920.0,23.51222222222222,0,,,,,,,0,,,,,,
1399,55960.00000000001,23.563333333333333,1,2107.9710388183594,1002.8652906417847,1547.0611953735352,1598.7463474273682,Left,0.84734708070755,0,,,,,,
1400,56000.00000000001,23.58888888888889,1,2115.883255004883,1003.8844442367554,1550.551643371582,1651.5901565551758,Left,0.8458114862442017,0,,,,,,
1401,56040.00000000001,23.61777777777778,1,2121.6856384277344,1017.6565361022949,1574.161262512207,1698.9608430862427,Left,0.7055476903915405,0,,,,,,
1402,56080.00000000001,23.586666666666666,1,2129.6106719970703,1029.1609597206116,1576.0665893554688,1718.338279724121,Left,0.6932741403579712,0,,,,,,
1403,56120.00000000001,23.58222222222222,1,2131.161117553711,1048.6344408988953,1578.1362533569336,1730.1217603683472,Left,0.5110809803009033,0,,,,,,
1404,56160.00000000001,23.664444444444445,1,2134.977264404297,1059.285535812378,1569.4340515136719,1732.8543949127197,Right,0.6303102374076843,0,,,,,,
1405,56200.0,23.696666666666665,1,2148.1471252441406,1055.833339691162,1563.4579467773438,1743.156909942627,Right,0.6052979230880737,0,,,,,,
1406,56240.0,23.72111111111111,1,2145.011444091797,1061.2055253982544,1561.1480712890625,1743.146095275879,Right,0.6342588663101196,0,,,,,,
1407,56280.0,23.724444444444444,1,2145.755081176758,1071.792311668396,1556.1861419677734,1755.106601715088,Right,0.6243197917938232,0,,,,,,
1408,56320.00000000001,23.697777777777777,1,2150.8978271484375,1082.3442077636719,1540.7870864868164,1777.021107673645,Right,0.690877377986908,0,,,,,,
1409,56360.00000000001,182.23555555555555,1,2132.4952697753906,1089.944987297058,1538.0393600463867,1755.4346466064453,Right,0.8787353038787842,0,,,,,,
1410,56400.00000000001,194.80555555555554,1,2133.5181427001953,1090.1516246795654,1550.5500411987305,1758.9797973632812,Right,0.8621952533721924,0,,,,,,
1411,56440.00000000001,197.65222222222224,1,2128.9256286621094,1086.1754322052002,1565.7767486572266,1737.7464866638184,Right,0.8161928057670593,0,,,,,,
1412,56480.00000000001,29.64666666666667,1,2124.9556732177734,1034.5970678329468,1565.555419921875,1735.1917791366577,Right,0.562211275100708,0,,,,,,
1413,56520.0,23.93,0,,,,,,,0,,,,,,
1414,56560.0,23.85,1,1992.3516082763672,935.6543254852295,1563.987693786621,1595.3021335601807,Left,0.7950348258018494,1,1986.7366213871194,935.1924611628056,1581.4124446122057,1541.7274332046509,Left,0.9134283065795898
1415,56600.0,23.485555555555557,0,,,,,,,0,,,,,,
1416,56640.00000000001,23.302222222222223,0,,,,,,,0,,,,,,
1417,56680.00000000001,20.36888888888889,1,1718.888168334961,995.646243095398,1502.8689193725586,1692.6759767532349,Left,0.8194490671157837,1,1698.298991159705,890.2355092763901,1513.2432365193877,1600.734298825264,Left,0.8416364192962646
1418,56720.00000000001,20.31222222222222,1,1683.2575607299805,881.0612440109253,1519.2794036865234,1661.1552143096924,Left,0.9065046906471252,1,1674.0074466289418,901.0686269402504,1515.8418409430267,1624.2014336585999,Left,0.9377809762954712
1419,56760.00000000001,20.216666666666665,1,1630.7457733154297,905.1490473747253,1509.404182434082,1651.4691352844238,Left,0.9427241086959839,1,1661.0242224242734,912.8153224289417,1516.1510145538437,1635.506220459938,Left,0.9036499857902527
1420,56800.00000000001,20.273333333333333,1,1625.1482391357422,914.0334892272949,1517.6689910888672,1669.3247938156128,Left,0.8776041865348816,1,1617.3056625956528,914.3520390987396,1512.7171155296764,1643.7273225188255,Left,0.9437711834907532
1421,56840.0,20.344444444444445,1,1642.0873260498047,936.582841873169,1510.0606155395508,1671.025915145874,Left,0.8948141932487488,1,1624.605063229345,927.5345063209534,1518.5078622028668,1660.289405286312,Left,0.8647463321685791
1422,56880.0,20.555555555555557,1,1617.5764846801758,941.5507650375366,1513.4014892578125,1688.3645296096802,Left,0.8615873456001282,1,1606.2633241606486,936.4362806081772,1511.0552006282114,1679.836424589157,Left,0.932137131690979
1423,56920.0,20.712222222222223,1,1589.9260711669922,946.7273855209351,1504.2636108398438,1699.074010848999,Left,0.9303910136222839,1,1588.5505841737056,947.7015262842178,1508.4723267996856,1698.550255894661,Left,0.9324287176132202
1424,56960.00000000001,20.85,1,1572.0761489868164,956.1942100524902,1499.549789428711,1720.3942251205444,Left,0.873807430267334,1,1569.4865411219535,957.2092840075493,1500.8411454427703,1722.5701296329498,Left,0.8832970857620239
1425,57000.00000000001,20.785555555555554,1,1565.6034851074219,956.3908052444458,1493.4333801269531,1719.6727323532104,Left,0.9460678696632385,1,1566.5064023499751,956.5851514041424,1491.5023855140032,1720.1835402846336,Left,0.9506818056106567
1426,57040.00000000001,20.765555555555554,1,1587.3315811157227,956.1348581314087,1492.972183227539,1727.6427555084229,Left,0.9503157138824463,1,1583.6087053573983,956.9709911942482,1493.9306950093992,1727.1801227331161,Left,0.9453049898147583
1427,57080.00000000001,20.77,1,1589.5073318481445,955.3480911254883,1488.3721160888672,1728.5390853881836,Left,0.956853985786438,1,1590.6505736768036,954.4474723935127,1490.974601575666,1727.2885993123055,Left,0.9528411626815796
1428,57120.00000000001,20.747777777777777,1,1635.219383239746,956.7080354690552,1490.7291412353516,1718.0417776107788,Left,0.9472010731697083,1,1627.1152167638888,954.1981959342957,1491.6711073827353,1717.3980876803398,Left,0.9165105223655701
1429,57160.00000000001,20.78,1,1715.2193069458008,962.989296913147,1489.0743255615234,1717.4227666854858,Left,0.9496132731437683,1,1717.601779700723,963.8544943928719,1491.6068816101147,1717.9832544922829,Left,0.9497954845428467
1430,57200.0,20.775555555555556,1,1721.5605926513672,991.0205268859863,1484.5121383666992,1723.6784076690674,Left,0.9369308948516846,1,1715.9506065484927,1033.937111645937,1482.7886246013752,1725.3947049379349,Left,0.9229869842529297
1431,57240.0,20.79,1,1730.2100372314453,987.8172612190247,1492.5822830200195,1715.758466720581,Left,0.9647305607795715,1,1722.266395542015,974.8243322968483,1491.9884609030112,1675.4613769054413,Left,0.8946645259857178
1432,57280.0,20.77888888888889,1,1721.1971282958984,986.2788105010986,1490.445327758789,1717.274193763733,Left,0.9412844777107239,1,1723.7460602629506,972.164511680603,1482.8189172331083,1693.3374175429344,Left,0.942646324634552
1433,57320.00000000001,20.765555555555554,1,1721.275291442871,985.0247597694397,1491.317138671875,1709.1553401947021,Left,0.9454330801963806,1,1717.9258299600617,974.3903213739395,1486.6147997231164,1698.939809203148,Left,0.9480252861976624
1434,57360.00000000001,20.767777777777777,1,1701.7509841918945,987.9406642913818,1496.8302154541016,1712.929015159607,Left,0.9279227256774902,1,1703.0195180304863,979.5505951344967,1491.4660703115699,1703.9467826485634,Left,0.9421314001083374
1435,57400.00000000001,20.857777777777777,1,1697.618522644043,993.3687901496887,1498.3469009399414,1706.775598526001,Left,0.9232622385025024,1,1695.157636260092,984.5265528559685,1497.4957871968134,1707.0546314120293,Left,0.9227238297462463
1436,57440.00000000001,20.852222222222224,1,1683.1196594238281,975.7906436920166,1496.5452575683594,1714.3089151382446,Left,0.922934889793396,1,1687.8699661558985,979.4510100781918,1498.0539986005563,1709.583066701889,Left,0.9377864003181458
1437,57480.00000000001,20.79,1,1670.9152221679688,972.871584892273,1496.894760131836,1711.5401029586792,Left,0.9314584136009216,1,1667.623611575414,974.5347301661968,1497.6647337883326,1712.5833803415298,Left,0.9205700159072876
1438,57520.0,20.788888888888888,1,1655.807991027832,974.4742155075073,1494.953842163086,1707.479968070984,Left,0.913307785987854,1,1653.814845739188,973.3853700757027,1494.9720154613572,1702.4127334356308,Left,0.9285468459129333
1439,57560.0,20.776666666666667,1,1644.0313339233398,973.0256295204163,1497.637939453125,1710.6081104278564,Left,0.8988606929779053,1,1645.8852325206904,975.319014787674,1495.904839751589,1709.2506283521652,Left,0.8816848397254944
1440,57600.0,20.738888888888887,1,1632.0798110961914,960.1537299156189,1497.6244354248047,1705.9619235992432,Left,0.9622815847396851,1,1636.4175266565499,964.9466872215271,1496.1917658064597,1702.9012441635132,Left,0.9432615041732788
1441,57640.00000000001,20.726666666666667,1,1640.0153732299805,965.4287123680115,1493.719482421875,1718.6396741867065,Left,0.8849636316299438,1,1643.7878498019256,979.0362989902496,1495.6735550588628,1708.751866221428,Left,0.8799324035644531
1442,57680.00000000001,20.713333333333335,1,1620.2006149291992,963.696756362915,1499.2702102661133,1714.4027709960938,Left,0.9101545810699463,1,1619.5807111500856,962.7360454201698,1497.5302596723907,1703.150834441185,Left,0.8944852352142334
1443,57720.00000000001,20.744444444444444,1,1613.7547302246094,964.0434694290161,1497.1045303344727,1709.5964241027832,Left,0.9052227139472961,1,1616.4317606202603,964.586632847786,1493.752399949927,1699.8671427369118,Left,0.9319726228713989
1444,57760.00000000001,20.752222222222223,1,1613.6615753173828,963.451623916626,1497.9187774658203,1711.437749862671,Left,0.908019483089447,1,1614.232173977815,964.453364610672,1493.2385488244042,1704.912611246109,Left,0.895380973815918
1445,57800.00000000001,20.703333333333333,1,1614.0904998779297,966.2096214294434,1497.72216796875,1708.902997970581,Left,0.9214818477630615,1,1613.0953463412393,968.9758023619652,1497.9410978721985,1708.5288459062576,Left,0.9363621473312378
1446,57840.0,20.67222222222222,1,1618.6100006103516,973.2340693473816,1498.2317733764648,1711.662540435791,Left,0.9088207483291626,1,1610.9338726835263,969.6548008918762,1499.0044861018728,1711.2874147295952,Left,0.9052698016166687
1447,57880.0,20.676666666666666,1,1615.9582901000977,968.3147478103638,1501.7698287963867,1710.247106552124,Left,0.9060591459274292,1,1614.2087578633746,966.4456933736801,1497.4961018087156,1707.1599698066711,Left,0.9278776049613953
1448,57920.0,20.625555555555554,1,1611.8799591064453,968.5901355743408,1500.5356979370117,1715.111904144287,Left,0.9033840894699097,1,1613.2229888844463,971.7348942160606,1502.3893955584008,1712.601058781147,Left,0.8824764490127563
1449,57960.00000000001,20.63111111111111,1,1610.7548904418945,968.1493091583252,1502.779312133789,1708.591947555542,Left,0.9404687285423279,1,1611.4826906747583,969.3977835774422,1505.265622513515,1706.5352618694305,Left,0.9306842088699341
1450,58000.00000000001,20.717777777777776,1,1608.6482620239258,968.3774471282959,1505.4299926757812,1709.1736221313477,Left,0.9139033555984497,1,1605.627403617045,969.1086521744728,1505.7878333267265,1709.8677000403404,Left,0.9090530872344971
1451,58040.00000000001,20.74222222222222,1,1612.6116943359375,961.8276858329773,1504.5401000976562,1707.8811407089233,Left,0.9276205897331238,1,1611.208214262306,963.0790489912033,1505.3948830607908,1705.8751970529556,Left,0.9212450385093689
1452,58080.00000000001,20.75111111111111,1,1607.3859786987305,966.2791442871094,1507.3032760620117,1714.7131776809692,Left,0.8829492926597595,1,1598.487646051476,966.830277889967,1507.6172565938718,1713.1272277235985,Left,0.892652690410614
1453,58120.00000000001,20.794444444444444,1,1612.3741149902344,961.5329217910767,1506.2607192993164,1703.1513977050781,Left,0.9399247765541077,1,1604.2748421046267,964.5850114524364,1505.6963711522808,1711.8763473629951,Left,0.9393362998962402
1454,58160.00000000001,20.783333333333335,1,1604.7444534301758,961.6539430618286,1505.9394836425781,1715.4541110992432,Left,0.8921847939491272,1,1599.9391305348797,962.8023657202721,1506.6696455442332,1719.3593484163284,Left,0.8913987874984741
1455,58200.0,20.764444444444443,1,1601.4096450805664,965.7147860527039,1506.134033203125,1718.2648944854736,Left,0.9225911498069763,1,1605.6178304263044,965.2051690220833,1509.180563136254,1710.6642758846283,Left,0.9326411485671997
1456,58240.0,20.716666666666665,1,1599.4028091430664,965.2572226524353,1507.8923034667969,1718.525218963623,Left,0.9208240509033203,1,1596.452286822016,961.2784633040428,1508.436191375482,1720.7999843358994,Left,0.9143115878105164
1457,58280.00000000001,20.704444444444444,1,1599.7434997558594,963.2279920578003,1503.4911346435547,1718.4523487091064,Left,0.9376274943351746,1,1600.0052889234714,965.4221744835377,1507.328487812145,1718.143406510353,Left,0.9366396069526672
1458,58320.00000000001,20.715555555555557,1,1598.5372924804688,965.4204082489014,1507.221565246582,1718.0424213409424,Left,0.9395879507064819,1,1594.749202705911,963.7320005893707,1510.9137151613045,1720.9604501724243,Left,0.9340057969093323
1459,58360.00000000001,20.70111111111111,1,1593.0410385131836,963.6454510688782,1509.7897338867188,1721.163353919983,Left,0.9152810573577881,1,1599.4345379881954,963.5749867558479,1508.5535865595864,1721.1999982595444,Left,0.9364422559738159
1460,58400.00000000001,20.72222222222222,1,1591.5550231933594,964.575834274292,1513.8489532470703,1718.7120294570923,Left,0.9404852390289307,1,1587.6009056744235,962.2425135970116,1509.6241209738978,1725.0486677885056,Left,0.9122536778450012
1461,58440.00000000001,20.713333333333335,1,1581.2392044067383,962.6602220535278,1514.6160507202148,1722.1682167053223,Left,0.9213975071907043,1,1586.9988283825926,961.8658268451691,1517.520699942657,1722.715322971344,Left,0.9315308332443237
1462,58480.00000000001,20.692222222222224,1,1579.9242782592773,962.6496648788452,1515.7255554199219,1722.5558710098267,Left,0.9335006475448608,1,1571.8535012964066,962.323269546032,1516.7159676412066,1733.4755301475525,Left,0.9236642122268677
1463,58520.0,20.692222222222224,1,1567.6143264770508,961.5297031402588,1513.7712478637695,1731.2654113769531,Left,0.9144740104675293,1,1577.1617681451867,962.6496407389641,1507.4415683187326,1730.6546160578728,Left,0.9341826438903809
1464,58560.0,20.616666666666667,1,1569.6733474731445,960.4665184020996,1512.4092864990234,1739.431643486023,Left,0.9322015047073364,1,1561.2606983251897,962.1740488708019,1511.4547127995374,1738.0685770511627,Left,0.8808155059814453
1465,58600.0,20.643333333333334,1,1564.0057754516602,958.680682182312,1508.2185745239258,1739.7605895996094,Left,0.9159120917320251,1,1566.0450015230167,957.0196330547333,1502.2719104851815,1743.2645738124847,Left,0.928318977355957
1466,58640.00000000001,20.645555555555557,1,1566.6206359863281,957.5108957290649,1499.0274810791016,1732.6081037521362,Left,0.9256177544593811,1,1558.8596701761762,955.8532221615314,1501.875139931861,1744.4336521625519,Left,0.8989260196685791
1467,58680.00000000001,20.65222222222222,1,1565.694808959961,957.267050743103,1496.8457794189453,1741.182975769043,Left,0.9176364541053772,1,1570.1823278161035,954.2931260168552,1495.2553010070728,1752.9517310857773,Left,0.9400520920753479
1468,58720.00000000001,20.67888888888889,1,1566.0997009277344,952.3073673248291,1498.6492538452148,1742.4822807312012,Left,0.9288807511329651,1,1567.8949195083671,952.5612142682076,1497.0658475600821,1748.0211201310158,Left,0.9181072115898132
1469,58760.00000000001,20.727777777777778,1,1564.5070266723633,950.1762342453003,1494.3681335449219,1743.2505083084106,Left,0.9036620259284973,1,1562.6826092897797,950.6834292411804,1501.3442098745008,1745.9596467018127,Left,0.8853649497032166
1470,58800.00000000001,20.891111111111112,1,1563.6349868774414,949.3617868423462,1493.7382507324219,1741.5172004699707,Left,0.9087806344032288,1,1564.9172526870495,946.1794021725655,1495.3830783839521,1747.123180925846,Left,0.9276872873306274
1471,58840.0,20.864444444444445,1,1564.0570449829102,944.7076177597046,1485.7201766967773,1747.8103065490723,Left,0.9042045474052429,1,1561.3203846975061,945.6215898692608,1485.1639444635175,1746.4910459518433,Left,0.890006422996521
1472,58880.0,20.97111111111111,1,1569.0007781982422,943.310272693634,1494.627799987793,1742.0655298233032,Left,0.8994208574295044,1,1570.204889983952,942.7783423662186,1489.364462804403,1737.421169579029,Left,0.915830135345459
1473,58920.0,21.006666666666668,1,1570.525131225586,939.1768169403076,1489.7076416015625,1742.1235942840576,Left,0.8895909190177917,1,1571.2745704516717,938.5745349526405,1489.7431656456217,1738.5242414474487,Left,0.8873087763786316
1474,58960.00000000001,21.063333333333333,1,1559.879035949707,933.8428688049316,1492.3003005981445,1735.5181503295898,Left,0.908687949180603,1,1562.057834996428,933.3893126249313,1489.9796639070141,1735.5973613262177,Left,0.9184302687644958
1475,59000.00000000001,21.087777777777777,1,1557.7100372314453,930.4869103431702,1473.933219909668,1734.2113780975342,Left,0.8940723538398743,1,1556.869525171528,927.1216258406639,1473.8849729334484,1733.419984281063,Left,0.8876516819000244
1476,59040.00000000001,21.112222222222222,1,1553.9126586914062,920.9083986282349,1460.8510208129883,1728.4552717208862,Left,0.8984035849571228,1,1553.8270482983428,919.2938952147961,1458.445438774082,1726.4236110448837,Left,0.8931352496147156
1477,59080.00000000001,21.235555555555557,1,1559.7150421142578,920.581705570221,1440.9864807128906,1720.7589626312256,Left,0.9095597863197327,1,1553.3835803498137,912.8062216937542,1447.658610148279,1722.8144896030426,Left,0.916207492351532
1478,59120.00000000001,21.232222222222223,1,1550.9425735473633,909.19753074646,1441.0830688476562,1718.8434791564941,Left,0.9130632877349854,1,1556.4141918598277,906.8146428465843,1439.9422588549633,1719.0865355730057,Left,0.9431254267692566
1479,59160.00000000001,21.288888888888888,1,1575.7933044433594,900.5860948562622,1428.1210327148438,1701.6242122650146,Left,0.9343541860580444,1,1570.8955080539931,905.1474300026894,1431.638347361879,1703.1943506002426,Left,0.9359361529350281
1480,59200.0,21.36,1,1577.2455596923828,903.9310455322266,1414.5198440551758,1701.340970993042,Left,0.8959491848945618,1,1577.3875246573446,900.7219621539116,1411.3387334807956,1700.3323262929916,Left,0.9026957154273987
1481,59240.0,21.45111111111111,1,1578.2946395874023,906.1705827713013,1409.5073318481445,1732.256498336792,Left,0.9023844003677368,1,1569.8549966040698,891.5662041306496,1412.4656733147285,1721.1984291672707,Left,0.9187828898429871
1482,59280.00000000001,21.524444444444445,1,1560.8740997314453,911.5766286849976,1380.4381942749023,1737.4727725982666,Left,0.7412004470825195,1,1571.7466231387498,906.042387932539,1379.2818930336348,1730.0368121266365,Left,0.8152167201042175
1483,59320.00000000001,21.58888888888889,1,1573.502197265625,911.4863777160645,1374.5095825195312,1735.2784252166748,Left,0.7863610982894897,1,1573.2915923016851,905.8648712933064,1368.664999779615,1729.4394063949585,Left,0.7427185773849487
1484,59360.00000000001,21.77111111111111,1,1570.3040313720703,903.9869213104248,1356.676025390625,1742.6540279388428,Left,0.7676199078559875,1,1572.1569669484254,889.365604519844,1340.0347773383119,1750.2150249481201,Left,0.8037347793579102
1485,59400.00000000001,21.82888888888889,1,1568.7211990356445,883.5625863075256,1329.9402236938477,1733.8391733169556,Left,0.59523606300354,1,1566.225678644035,895.1268929243088,1343.7098938024058,1745.4981243610382,Left,0.7735376954078674
1486,59440.00000000001,21.925555555555555,1,1569.3150329589844,891.0370016098022,1325.680160522461,1754.3343830108643,Left,0.6176367998123169,1,1556.1382322769791,892.2594290971756,1337.5639053469945,1746.6402143239975,Left,0.7735356092453003
1487,59480.00000000001,22.066666666666666,1,1560.3543090820312,887.7499866485596,1320.739974975586,1750.8940315246582,Left,0.5471475124359131,1,1556.0824111366048,893.8837011158466,1315.6020170079864,1748.6457234621048,Left,0.6849161386489868
1488,59520.0,22.104444444444443,1,1556.5530395507812,894.4485139846802,1312.1748733520508,1754.456820487976,Right,0.5058677792549133,1,1555.8687896549632,894.411648362875,1320.5625028710851,1763.4956127405167,Left,0.6700730323791504
1489,59560.0,22.186666666666667,1,1551.9502258300781,897.3755550384521,1318.681640625,1763.0721187591553,Left,0.6781066656112671,1,1548.3289805833788,893.1678289175034,1317.748029737931,1750.961912870407,Left,0.5665202140808105
1490,59600.0,22.24222222222222,1,1552.646598815918,896.5653562545776,1318.2408142089844,1755.9783411026,Left,0.5962549448013306,1,1560.5221693568883,897.7756252884865,1321.8967719486143,1757.504504621029,Left,0.6247973442077637
1491,59640.00000000001,22.25,1,1555.4961776733398,896.5008544921875,1320.7681274414062,1756.082239151001,Left,0.6277137994766235,1,1554.5861618739639,896.163435280323,1319.573003493887,1749.1483560204506,Left,0.6308027505874634
1492,59680.00000000001,22.256666666666668,1,1558.3639526367188,897.5331401824951,1320.1895141601562,1749.7104692459106,Left,0.6859501600265503,1,1559.3811618764682,905.602675974369,1327.7810033013366,1749.2868545651436,Left,0.672934889793396
1493,59720.00000000001,22.294444444444444,1,1559.5466995239258,909.4046831130981,1318.6552047729492,1764.9564456939697,Left,0.6017584800720215,1,1557.7699893803838,909.676248729229,1320.5911325541917,1760.7306629419327,Left,0.6526889801025391
1494,59760.00000000001,22.31888888888889,1,1555.8806991577148,907.4594593048096,1316.070213317871,1774.412841796875,Left,0.5658478736877441,1,1557.4345232034484,907.3583856225014,1324.0160426668656,1773.3330890536308,Left,0.6942696571350098
1495,59800.00000000001,22.29222222222222,1,1552.884407043457,911.5257096290588,1339.3317031860352,1771.450138092041,Left,0.6680423617362976,1,1555.9678025150633,910.8738322556019,1335.7978089613205,1767.667410671711,Left,0.7187992334365845
1496,59840.0,22.3,1,1551.1199569702148,917.9413819313049,1350.82763671875,1773.7791538238525,Left,0.7779339551925659,1,1555.8791269031806,918.7957607209682,1355.418220689959,1770.2722084522247,Left,0.851987898349762
1497,59880.0,22.29222222222222,1,1539.6075439453125,923.6918234825134,1361.3542556762695,1779.940037727356,Left,0.785163402557373,1,1545.2831778129407,921.8157403171062,1363.6324677908965,1768.6757093667984,Left,0.7590467929840088
1498,59920.0,22.283333333333335,1,1556.004981994629,927.0646476745605,1363.1623077392578,1766.6636180877686,Left,0.6845204830169678,1,1548.7889881290557,925.5032640695572,1359.9003616279342,1768.4204703569412,Left,0.6869707107543945
1499,59960.00000000001,22.253333333333334,1,1549.8785018920898,920.642409324646,1368.2769012451172,1765.7618808746338,Left,0.752242922782898,1,1550.58897271106,924.7570037841797,1368.085214988288,1759.532294869423,Left,0.6681017875671387
